patient_id,int_pre_mean,int_pre_std,int_pre_skew,int_pre_kurt,int_pre_p10,int_pre_p25,int_pre_p50,int_pre_p75,int_pre_p90,int_pre_iqr,int_early_mean,int_early_std,int_early_skew,int_early_kurt,int_early_p10,int_early_p25,int_early_p50,int_early_p75,int_early_p90,int_early_iqr,int_late_mean,int_late_std,int_late_skew,int_late_kurt,int_late_p10,int_late_p25,int_late_p50,int_late_p75,int_late_p90,int_late_iqr,kin_ser_mean,kin_ser_std,kin_ser_skew,kin_ser_kurt,kin_ser_p10,kin_ser_p25,kin_ser_p50,kin_ser_p75,kin_ser_p90,kin_ser_iqr,kin_pe_mean,kin_pe_std,kin_pe_skew,kin_pe_kurt,kin_pe_p10,kin_pe_p25,kin_pe_p50,kin_pe_p75,kin_pe_p90,kin_pe_iqr,kin_peak_enhancement,kin_washout_ratio,kin_ser_positive_frac,kin_ser_max,kin_ser_p95,kin_tumor_volume,kin_washout_raw,kin_ce_slope,glcm_contrast_mean,glcm_contrast_std,glcm_dissimilarity_mean,glcm_dissimilarity_std,glcm_homogeneity_mean,glcm_homogeneity_std,glcm_energy_mean,glcm_energy_std,glcm_correlation_mean,glcm_correlation_std,glcm_ASM_mean,glcm_ASM_std,lbp_pre_bin0,lbp_pre_bin1,lbp_pre_bin2,lbp_pre_bin3,lbp_pre_bin4,lbp_pre_bin5,lbp_pre_bin6,lbp_pre_bin7,lbp_pre_bin8,lbp_pre_bin9,lbp_pre_bin10,lbp_pre_bin11,lbp_pre_bin12,lbp_pre_bin13,lbp_pre_bin14,lbp_pre_bin15,lbp_pre_bin16,lbp_pre_bin17,lbp_pre_entropy,lbp_early_bin0,lbp_early_bin1,lbp_early_bin2,lbp_early_bin3,lbp_early_bin4,lbp_early_bin5,lbp_early_bin6,lbp_early_bin7,lbp_early_bin8,lbp_early_bin9,lbp_early_bin10,lbp_early_bin11,lbp_early_bin12,lbp_early_bin13,lbp_early_bin14,lbp_early_bin15,lbp_early_bin16,lbp_early_bin17,lbp_early_entropy,shape_roi_area,shape_roi_perimeter,shape_compactness,shape_eccentricity,shape_solidity,shape_major_axis,shape_minor_axis,shape_extent,study_date,series_uid,series_dir,series_description,num_files,is_dce,timepoint,DataExtractDt,age,race_id,ER,PR,HR Pos,HER2,HR_HER2_CATEGORY,HR_HER2_STATUS,BilateralCa,Laterality,MRI LD Baseline,MRI LD 1-3dAC,MRI LD InterReg,MRI LD PreSurg,pCR,Date of diagnosis,Age (years) ,Ethnicity,Race  ,Affected breast ,Clinical stage ,Clinical T ,Clinical N ,Clinical M ,Size (cm)  ,Method of determination ,Clinical node stage (N) ,LN Assessment  ,HER2-Neu status by FISH,HER2-Neu status by IHC,BRCA mutation,grade,Histology,Specific histology (if applicable),Proliferation rate,Neoadjuvant chemo (NAC),Treatment notes (no NAC),NAC Agent #1,Start date #1,End date #1,NAC Agent #2,Start date #2,End Date #2,NAC Agent #3,Start date #3,End Date #3,NAC Agent #4,Start date #4,End Date #4,NAC Agent  #5,Start date #5,End Date #5,Pre-treatment (Scan 1) Completed,Scan 2 Completed,Scan 3 Completed,Scan 4 Completed,Axillary node dissection,Nodal stage,Excised tumor size (cm),Margins,Date of Surgery,Status,Date of death,Status Date,Notes
1,0.07886489492545756,1.0197913930619427,-0.3249563972099935,0.4723189351537904,-1.201072335243225,-0.49782228469848633,0.07585784792900085,0.7566219568252563,1.3618991136550906,1.2544442415237427,0.1626474818502761,0.8472920344587093,-0.5446900531816391,0.4970676950580031,-1.0339128494262695,-0.24892514944076538,0.23940889537334442,0.6811889410018921,1.1713365316390991,0.9301140904426575,0.6380796677241278,1.2801418286343622,0.629579534801315,-1.0257395392418103,-0.6810961365699768,-0.4559486210346222,0.14444492757320404,1.6079037189483643,2.9212646484375,2.0638523399829865,1.4132675616464034,9.194321088465436,21.15812871331502,593.4769232177566,0.0,0.0,0.13208721578121185,0.6210299134254456,2.183148145675659,0.6210299134254456,0.08378258698292029,1.0597306000449158,-0.7205302533487009,1.5904711761013797,-1.2249562740325928,-0.42005208134651184,0.18762105703353882,0.702380895614624,1.2969383001327515,1.1224329769611359,0.08378258347511292,-5.674526414326762,0.378662109375,353.8494567871094,4.471938610076904,6204.0,-6.5831427574157715,1.7593624591827393,1007.720682846039,371.062185832145,21.84378997164787,5.07948668718269,0.07121794494849319,0.021397059638442493,0.014567726027494841,0.0020925656664008653,0.8014680584160551,0.07356236673895328,0.00021659747268035028,6.560174478820942e-05,0.07159423828125,0.048095703125,0.036865234375,0.04010009765625,0.0306396484375,0.02740478515625,0.025146484375,0.03167724609375,0.03271484375,0.0325927734375,0.0242919921875,0.02392578125,0.02459716796875,0.0306396484375,0.0377197265625,0.04388427734375,0.0767822265625,0.361328125,2.4194369267047877,0.06280517578125,0.04364013671875,0.03271484375,0.039794921875,0.0357666015625,0.03802490234375,0.0294189453125,0.03082275390625,0.03985595703125,0.04229736328125,0.0263671875,0.02728271484375,0.0206298828125,0.02606201171875,0.03021240234375,0.04803466796875,0.07086181640625,0.35540771484375,2.4433522852230065,3999.0,1772.3199846221441,0.01599841650035187,0.8296284829412798,0.3704149685068544,152.7548880206739,85.2854740431254,0.34713541666666664,20030503,1.3.6.1.4.1.14519.5.2.1.8162.5966.896510910780133515593813126185,C:\Users\ferra\Documents\breast_cancer_nac\data\raw\ISPY1\manifest-1554746803134\QIN-BREAST-02\QIN-BREAST-02-0001\05-03-2003-NA-2065126682-15664\8101.000000-dynamicsmartTX6deg-26185,dynamic_smartTX_6deg,550,True,T0,,,,Positive,Positive,,,,,,,,,,,0,2003-04-07 00:00:00,34,Not Hispanic or Latino,White,Left,IIB,T2,N1,M0,4,Physical Exam,positive,Core biopsy,Not amplified,Equivocal,No,High Grade,Invasive Ductal Carcinoma,,,YES,,Doxorubicin (Adriamycin),2003-05-11 00:00:00,2003-06-21 00:00:00,Cyclophosphamide,2003-05-11 00:00:00,2003-06-21 00:00:00,Paclitaxel,2003-07-06 00:00:00,2003-09-21 00:00:00,,,,,,,Yes,Yes,Yes,No,Yes,N1,1.3,Negative,2003-10-18 00:00:00,Alive with no evidence of disease,,2004-07-25 00:00:00,
10,-0.2941356218949016,0.8138128062550655,0.31590256311359943,1.127714569865268,-1.2506794929504395,-0.7987986654043198,-0.3078625500202179,0.15080324932932854,0.6381978392601013,0.9496019147336483,0.43638814955141925,0.7749257892380085,-0.4623616666221752,0.24931476602929958,-0.6065358519554138,-0.006693731527775526,0.4959869086742401,0.950819343328476,1.3894666552543646,0.9575130748562515,0.12711158672647116,1.039123321555438,0.7882008289384632,-0.2543116379861776,-0.952048659324646,-0.6360170245170593,-0.19357264041900635,0.786125659942627,1.7974269390106201,1.4221426844596863,7.12209998366907,189.74376037668432,71.89763859575179,5257.559685002633,0.0,0.26740384101867676,0.8556798696517944,2.4385461807250977,6.61315369606019,2.171142339706421,0.730523771501538,0.9494442020693953,-0.6871061354592778,1.588177634221295,-0.38915860652923573,0.29169991612434387,0.7945045232772827,1.2804020941257477,1.817517638206482,0.9887021780014038,0.7305237650871277,0.4233621308772681,0.7340087890625,13898.5537109375,13.199922561645508,12026.0,-0.12506330013275146,5.531619548797607,1634.2442882886,650.5493747742752,27.768191370911765,6.656462446328255,0.05526521249853084,0.01877497171209963,0.01295949382882656,0.002503783185295746,0.7110395374393322,0.11456896084104383,0.00017421741053836334,7.452271546380817e-05,0.0714111328125,0.0465087890625,0.0426025390625,0.039306640625,0.036376953125,0.03704833984375,0.0333251953125,0.0306396484375,0.0260009765625,0.03082275390625,0.0191650390625,0.0230712890625,0.0235595703125,0.0302734375,0.03387451171875,0.05767822265625,0.06591796875,0.3524169921875,2.440697252994284,0.07183837890625,0.05413818359375,0.0367431640625,0.032958984375,0.03094482421875,0.02935791015625,0.020751953125,0.0267333984375,0.02618408203125,0.0308837890625,0.0191650390625,0.019775390625,0.02392578125,0.0279541015625,0.03564453125,0.05859375,0.06915283203125,0.38525390625,2.352027100893755,11747.0,3572.251188320081,0.011567855474412303,0.46994764317774235,0.7271432992881461,147.42106770158358,130.1277349425129,0.71697998046875,20040531,1.3.6.1.4.1.14519.5.2.1.8162.5966.138195785857711152067645960363,C:\Users\ferra\Documents\breast_cancer_nac\data\raw\ISPY1\manifest-1554746803134\QIN-BREAST-02\QIN-BREAST-02-0010\05-31-2004-NA-2065130239-99050\8201.000000-dynamicsmartTX6deg-60363,dynamic_smartTX_6deg,550,True,T0,,,,Positive,Negative Finding,,,,,,,,,,,0,2004-05-16 00:00:00,44,Not Hispanic or Latino,White,Left,IIA,T2,N0,MX,2.6,MRI,negative,Not Evaluated,Not amplified,Negative,,High Grade,Invasive Ductal Carcinoma,,High,YES,,Cyclophosphamide,2004-06-13 00:00:00,2004-07-24 00:00:00,Doxorubicin (Adriamycin),2004-06-13 00:00:00,2004-07-24 00:00:00,Paclitaxel,2004-08-07 00:00:00,2004-10-23 00:00:00,,,,,,,Yes,Yes,No,No,Yes,N1,1,Negative,2004-11-23 00:00:00,Alive with no evidence of disease,,2004-12-11 00:00:00,
1001,-0.6999584886845298,1.186339312328511,1.1317357562415815,0.07273147165710903,-1.7341899871826172,-1.637724757194519,-1.1553983688354492,-0.1425129920244217,1.5456293821334839,1.4952117651700974,0.09966198284473649,1.1851522875275378,3.341273979788547,9.164111808011995,-0.22793690860271454,-0.22793690860271454,-0.22793690860271454,-0.22793690860271454,-0.22793690860271454,0.0,0.0,0.0,,,0.0,0.0,0.0,0.0,0.0,0.0,1.832800390166085,41.55298755749885,47.941968786909655,2308.9056542850994,0.0,0.20637740194797516,0.8309480547904968,0.8648022413253784,0.872119128704071,0.6584248393774033,0.7996204859173304,1.5374096426905022,0.5956039780342179,2.5685749393458,-1.435937762260437,0.059274062514305115,1.120392084121704,1.4580204486846924,1.5544856786727905,1.3987463861703873,0.799620509147644,0.12463647458354554,0.74822998046875,2005.9566650390625,2.2432775497436523,12259.0,0.0,0.7267063856124878,3462.6468332975724,626.2563194076777,13.579007189402242,2.455907134932069,0.9467498103328271,0.009630860262167149,0.9030519806769798,0.00522415523798336,0.6034264702626259,0.06979694160759535,0.8155301716025668,0.009458803348470154,0.0576171875,0.04827880859375,0.02410888671875,0.01788330078125,0.015625,0.01849365234375,0.0220947265625,0.04486083984375,0.05670166015625,0.04815673828125,0.02398681640625,0.01629638671875,0.01422119140625,0.0206298828125,0.026123046875,0.04974365234375,0.10028076171875,0.3948974609375,2.2827229403035902,0.00091552734375,0.0029296875,0.00164794921875,0.002197265625,0.0010986328125,0.00201416015625,0.00189208984375,0.00213623046875,0.0009765625,0.001220703125,0.0010986328125,0.0010986328125,0.00042724609375,0.00091552734375,0.0010986328125,0.0003662109375,0.92974853515625,0.0482177734375,0.3564256553636696,12095.0,2374.249962830805,0.02696266755477724,0.34105599031608524,0.7517091361093847,150.0159581229836,141.02144889776173,0.73822021484375,19841013,1.3.6.1.4.1.14519.5.2.1.7695.1700.334491271566855314830260417024,C:\Users\ferra\Documents\breast_cancer_nac\data\raw\ISPY1\manifest-PyHQgfru6393647793776378748\ISPY1\ISPY1_1001\10-13-1984-011541-MR BREASTUNI UE-73116\4.000000-Dynamic-3dfgre-17024,Dynamic-3dfgre,180,True,T0,2009-09-03 00:00:00,38.73,1,1,0,1,0,1,HRposHER2neg,0,1,88,78,30,14,0,,,,,,,,,,,,,,,,,,,,,,,,,,,,,,,,,,,,,,,,,,,,,,,,,,
1002,-0.9496516564840931,0.9340206949595778,2.042262132156531,4.3751925991322524,-1.7286746501922607,-1.6190309524536133,-1.2352780103683472,-0.6870595812797546,0.08044619858264923,0.9319713711738586,0.1670977742105606,1.3083483915988519,2.5538417623902947,5.005539790924502,-0.3277508318424225,-0.3277508318424225,-0.3277508318424225,-0.3277508318424225,2.1318552494049072,0.0,0.12494230869569733,1.4477060314915773,3.5821049434045347,13.072555490313949,-0.10789644420146942,-0.10788418352603912,-0.10788418352603912,-0.10788418352603912,-0.10784538090229034,0.0,1.4390683022740376,9.496862547622275,45.710883325277514,2706.7589223509353,0.0,0.6323955655097961,0.8222629427909851,0.8595964908599854,1.5197745203971864,0.2272009253501892,1.1167494437736423,1.5027067563385093,1.0182502064434686,3.1809060716328847,-0.08948688805103112,0.4689524471759796,1.0719927549362183,1.346101999282837,2.6144394874572754,0.8771495521068573,1.1167495250701904,0.03774831632156235,0.84576416015625,690.780029296875,3.922384023666382,13857.0,0.17978939414024353,1.256204605102539,1884.3483737316192,574.3821468260663,13.899095907426656,2.8732561792566207,0.7941659516454945,0.01380632676545589,0.7563788314661822,0.0073733136385716715,0.7989630488333647,0.06031597714872181,0.57216330244416,0.011151764973434251,0.07958984375,0.0576171875,0.0294189453125,0.016845703125,0.01263427734375,0.01348876953125,0.0152587890625,0.01763916015625,0.025146484375,0.01953125,0.01397705078125,0.01202392578125,0.01031494140625,0.0142822265625,0.0250244140625,0.05889892578125,0.10650634765625,0.4718017578125,2.0289471004571,0.01239013671875,0.012451171875,0.0089111328125,0.006103515625,0.00341796875,0.0064697265625,0.0072021484375,0.0059814453125,0.00518798828125,0.0357666015625,0.00390625,0.0379638671875,0.00732421875,0.01361083984375,0.02130126953125,0.02044677734375,0.68096923828125,0.110595703125,1.3538146783117089,13783.0,2888.2703448350876,0.02076241836259703,0.26753561841138573,0.84124755859375,152.65030947966665,147.08589600833193,0.84124755859375,19841102,1.3.6.1.4.1.14519.5.2.1.7695.1700.200978610610642152304681086604,C:\Users\ferra\Documents\breast_cancer_nac\data\raw\ISPY1\manifest-PyHQgfru6393647793776378748\ISPY1\ISPY1_1002\11-02-1984-868859-MR BREASTUNI UE-60097\3.000000-Dynamic-3dfgre-86604,Dynamic-3dfgre,180,True,T0,2009-09-03 00:00:00,37.79,1,1,1,1,0,1,HRposHER2neg,0,2,29,26,66,16,0,,,,,,,,,,,,,,,,,,,,,,,,,,,,,,,,,,,,,,,,,,,,,,,,,,
1003,-1.1905365532701353,0.8282389626799926,1.8333378520359063,3.134390150535779,-1.8287336826324463,-1.7619515657424927,-1.49482262134552,-0.9605651497840881,-0.02561432681977749,0.8013864159584045,-0.19998062970626052,0.26604678632908174,18.153997729803788,335.859822709189,-0.2155190110206604,-0.2155190110206604,-0.2155190110206604,-0.2155190110206604,-0.2155190110206604,0.0,-7.20947194660655e-13,1.3523525109837404e-12,17.53712208545079,335.79583682959446,-7.840654666323166e-13,-7.840654666323166e-13,-7.840654666323166e-13,-7.840654666323166e-13,-7.840654666323166e-13,0.0,0.7536319913600664,1.2336341600062661,94.19264610529066,10637.655669108655,0.0,0.7756323218345642,0.8558224439620972,0.8776811361312866,0.8821480870246887,0.10204881429672241,0.9905559180106138,0.8559900049601887,-1.2715924677521908,4.762812969734607,-0.18990468978881836,0.7450461387634277,1.2793035507202148,1.5464324951171875,1.6132147312164307,0.8013863563537598,0.9905558824539185,-0.20188702971987066,0.8687744140625,142.4146270751953,0.8863001465797424,14234.0,3.3295130975191656e-12,0.5391210913658142,0.0,0.0,0.0,0.0,1.0,0.0,1.0,0.0,1.0,0.0,1.0,0.0,0.07940673828125,0.06005859375,0.0283203125,0.01715087890625,0.01239013671875,0.0120849609375,0.01361083984375,0.01873779296875,0.023681640625,0.01995849609375,0.01226806640625,0.01123046875,0.01190185546875,0.01531982421875,0.0257568359375,0.05816650390625,0.11236572265625,0.46759033203125,2.030180545827885,0.0,0.0,0.0,0.0,0.0,0.0,0.0,0.0,0.0,0.0,0.0,0.0,0.0,0.0,0.0,0.0,1.0,0.0,-9.999994999180668e-07,14179.0,1630.714862200761,0.06700379602235111,0.3718465042193115,0.86541748046875,151.36892935581042,140.51490370993145,0.86541748046875,19841122,1.3.6.1.4.1.14519.5.2.1.7695.1700.217966338988546791542147267475,C:\Users\ferra\Documents\breast_cancer_nac\data\raw\ISPY1\manifest-PyHQgfru6393647793776378748\ISPY1\ISPY1_1003\11-22-1984-731668-MR BREASTUNI UE-35677\3.000000-Dynamic-3dfgre-67475,Dynamic-3dfgre,180,True,T0,2009-09-03 00:00:00,49.83,1,1,1,1,0,1,HRposHER2neg,0,1,50,64,54,46,0,,,,,,,,,,,,,,,,,,,,,,,,,,,,,,,,,,,,,,,,,,,,,,,,,,
1004,-1.137066253463118,1.1438631798927998,1.6378475892993196,2.2525035464574747,-2.12687611579895,-1.9544939994812012,-1.4948081970214844,-0.7669722437858582,0.5354710221290588,1.187521755695343,-0.04256133454009614,1.011682486134923,2.9859275278358717,8.26426513560603,-0.43521806597709656,-0.4158500134944916,-0.4158500134944916,-0.3577459156513214,0.9786487817764282,0.058104097843170166,-0.05170600144311521,0.8888079166793103,4.559273477471753,19.996902580230458,-0.2522492527961731,-0.2522446811199188,-0.2522446811199188,-0.2522446811199188,-0.24819692969322202,0.0,1.4855319635631759,29.303746126505917,77.28491044299905,6700.374287712387,0.0,0.7550646662712097,0.8843728303909302,0.9136089086532593,1.262778890132905,0.15854424238204956,1.0945049053802904,1.3590799947556298,0.1953359197898948,3.1904425211012777,-0.47282841205596915,0.5809651613235474,1.2321867942810059,1.653565526008606,1.9546590328216567,1.0726003646850586,1.0945048332214355,0.008355073652125448,0.84210205078125,2875.797119140625,1.9991763830184937,13797.0,0.5252189636230469,0.39233285188674927,2311.530756936784,580.4142201162715,19.477440000482137,3.267578009093737,0.5615402401824648,0.022045150194135648,0.5061231845956652,0.019001635566960832,0.5990439943563791,0.09929808555505852,0.2565217401394773,0.01966562079480939,0.0755615234375,0.0594482421875,0.0281982421875,0.01751708984375,0.01434326171875,0.016845703125,0.01654052734375,0.02337646484375,0.02972412109375,0.0230712890625,0.01416015625,0.0123291015625,0.0108642578125,0.0166015625,0.02587890625,0.0601806640625,0.09588623046875,0.45947265625,2.0886912426920397,0.037353515625,0.02777099609375,0.017578125,0.01251220703125,0.0089111328125,0.01141357421875,0.00970458984375,0.009033203125,0.00634765625,0.029541015625,0.00738525390625,0.0286865234375,0.0091552734375,0.033447265625,0.0435791015625,0.046875,0.36712646484375,0.2935791015625,1.9673516169759133,13739.0,2869.0043635508555,0.02097502900214618,0.29332880098620334,0.83856201171875,153.236659679199,146.49602701781726,0.83856201171875,,,,,,,,,,,,,,,,,,,,,,,,,,,,,,,,,,,,,,,,,,,,,,,,,,,,,,,,,,,,,,,,,,,,,,,,,
1005,-1.3334547301237905,1.0621267229907336,1.1767984265591624,1.3715589124636338,-2.421933174133301,-2.1463265419006348,-1.6318613290786743,-0.6947993636131287,0.15039367973804474,1.451527178287506,0.1261397874332033,1.1296182941922963,3.0992610972865378,10.259446817317988,-0.3923305571079254,-0.3081846237182617,-0.3081846237182617,-0.13989269733428955,1.3747345209121704,0.16829192638397217,-0.04180175932960206,0.7480941380206982,12.677643830815176,163.90387479870213,-0.0968037098646164,-0.0968037098646164,-0.0968037098646164,-0.0968037098646164,-0.0968037098646164,0.0,1.1530211528165353,3.505839824121607,41.77369312199206,2649.6095013707554,0.0,0.6501650661230087,0.8855794668197632,0.9434917569160461,2.00554051399231,0.2933266907930374,1.4595945177707108,1.6134387865650581,0.7848605230208907,2.8968880351353166,-0.42859843969345035,0.49685734510421753,1.5625355243682861,2.113748550415039,3.037487030029297,1.6168912053108215,1.459594488143921,0.11506033133414321,0.8182373046875,276.355224609375,3.011064052581787,13406.0,0.21885114908218384,0.4696662724018097,2074.5687977670805,401.1466277415317,20.977792207850154,2.6195872558686424,0.5164235559864953,0.01879905320401815,0.49629071006365977,0.014834701647252922,0.4019634307877736,0.11778151373320549,0.2465245372684545,0.01474999568054662,0.081787109375,0.047119140625,0.04119873046875,0.02545166015625,0.01922607421875,0.02301025390625,0.0257568359375,0.03375244140625,0.03857421875,0.03656005859375,0.0223388671875,0.016357421875,0.01910400390625,0.02398681640625,0.0328369140625,0.04425048828125,0.09368896484375,0.375,2.348527015352122,0.053466796875,0.024658203125,0.02191162109375,0.0147705078125,0.009765625,0.0078125,0.0069580078125,0.00531005859375,0.00506591796875,0.01806640625,0.0045166015625,0.0225830078125,0.01385498046875,0.02374267578125,0.0526123046875,0.06939697265625,0.3592529296875,0.2862548828125,1.9626397522063144,13350.0,2576.2997820866103,0.025275417392256312,0.3281154242766028,0.8148193359375,155.5051754236083,146.89604170980863,0.8148193359375,,,,,,,,,,,,,,,,,,,,,,,,,,,,,,,,,,,,,,,,,,,,,,,,,,,,,,,,,,,,,,,,,,,,,,,,,
1007,-0.6482288305096517,1.2115227496273258,-0.4352873623111771,-0.13315610265365185,-2.862781524658203,-1.196089744567871,-0.518113374710083,0.1598629355430603,0.7813414335250854,1.3559526801109314,0.04573942682077359,1.0879063579243822,2.811123930933973,9.892271669745897,-0.6799741983413696,-0.6799741983413696,-0.3193967938423157,0.29873594641685486,1.1744240522384644,0.9787101447582245,0.009855580409635412,1.0319564669122312,9.61877827492333,94.60767124071766,-0.10560344159603119,-0.10560343414545059,-0.10560343414545059,-0.10560343414545059,-0.10560336709022522,0.0,1.94955057673414,11.051149345586161,25.41349912740856,881.4808183302868,0.0,0.0,0.7678654789924622,1.4292148351669312,3.0032737255096436,1.4292148351669312,0.6939682573385539,1.6586178180403288,0.810328025232463,1.851302167004949,-1.2652453184127808,-0.43936386704444885,0.5044686794281006,1.8720053434371948,2.4652976989746094,2.3113692104816437,0.6939682960510254,0.05170812535013849,0.60406494140625,512.2138061523438,5.476603984832764,9897.0,0.29159703850746155,0.8526109457015991,1494.6213363882637,401.0625988106393,23.70474119437068,3.7737427122069054,0.16797349459445557,0.017890837653576512,0.11851899856166927,0.006725053260531152,0.5611112900399825,0.12477875290563269,0.014091979361417949,0.0016623110613483976,0.09033203125,0.059814453125,0.03607177734375,0.02081298828125,0.0147705078125,0.01165771484375,0.0146484375,0.0208740234375,0.02740478515625,0.0211181640625,0.0126953125,0.01446533203125,0.0137939453125,0.02008056640625,0.033935546875,0.054931640625,0.09503173828125,0.43756103515625,2.136696141533813,0.07672119140625,0.05224609375,0.0328369140625,0.0228271484375,0.014404296875,0.01434326171875,0.0113525390625,0.01171875,0.01141357421875,0.0208740234375,0.0079345703125,0.01788330078125,0.01019287109375,0.01690673828125,0.03466796875,0.062255859375,0.1795654296875,0.40185546875,2.096549472845432,8226.0,3534.886614544764,0.00827270605798704,0.6737303964977789,0.6871606382090051,141.54509119851548,104.59860002465715,0.6300551470588235,,,,,,,,,,,,,,,,,,,,,,,,,,,,,,,,,,,,,,,,,,,,,,,,,,,,,,,,,,,,,,,,,,,,,,,,,
1008,-1.1850946007519383,1.1473434610466908,1.3896297480082311,0.7816070412594773,-2.0822412967681885,-2.0112335681915283,-1.7094506621360779,-0.8041018843650818,0.8645801544189453,1.2071316838264465,0.12678132939163334,1.1861756197680438,3.1589736965211976,8.699434992318798,-0.28896114230155945,-0.28896114230155945,-0.28896114230155945,-0.28896114230155945,0.38638338446617126,0.0,1.0982271830586825,3.2452141979223437,2.3713114012633136,3.638647886405047,-0.10382568836212158,-0.10382568836212158,-0.10382568836212158,-0.10382568836212158,9.995889663696289,0.0,1.3673935157546566,21.640990236433375,93.0268550425999,9607.744826258087,0.0,0.18334917724132538,0.8719539642333984,0.9029382467269897,1.0217700004577637,0.7195890694856644,1.3118759097417296,1.5328012225677117,0.5029940308214021,2.6411775846431196,-0.8340065479278564,0.7636678218841553,1.5447529554367065,1.7932801246643066,2.2790136337280273,1.0296123027801514,1.3118759393692017,-0.7405007961724654,0.7105712890625,2385.07568359375,3.059765577316284,11642.0,7.545129776000977,0.774502158164978,2226.467927312302,592.691722559327,13.942745266077125,2.7777869224743927,0.8342469691578046,0.019727686027152143,0.6976372884607493,0.010835059153954316,0.679233822433693,0.08374834761478517,0.4868151847577363,0.0151390613527034,0.07598876953125,0.05865478515625,0.02783203125,0.01898193359375,0.01251220703125,0.01702880859375,0.01641845703125,0.02392578125,0.033935546875,0.023681640625,0.014404296875,0.01141357421875,0.01092529296875,0.01824951171875,0.02667236328125,0.05511474609375,0.103759765625,0.45050048828125,2.1067655662000053,0.01043701171875,0.01104736328125,0.0057373046875,0.00408935546875,0.0025634765625,0.004638671875,0.00372314453125,0.00323486328125,0.0030517578125,0.0479736328125,0.001953125,0.0489501953125,0.005615234375,0.01275634765625,0.01702880859375,0.0159912109375,0.71148681640625,0.0897216796875,1.2310475771875273,11313.0,1755.6915216036477,0.04612020482341504,0.578480775410516,0.7962415540540541,153.32088136950267,125.06323228712044,0.7962415540540541,19850215,1.3.6.1.4.1.14519.5.2.1.7695.1700.794609689168154619959937569728,C:\Users\ferra\Documents\breast_cancer_nac\data\raw\ISPY1\manifest-PyHQgfru6393647793776378748\ISPY1\ISPY1_1008\02-15-1985-499687-MR BREAS UNIT-93965\4.000000-Dynamic-3dfgre   RIGHT BREAS-69728,Dynamic-3dfgre   RIGHT BREAS?,168,True,T0,2009-09-03 00:00:00,64.51,1,1,1,1,0,1,HRposHER2neg,1,2,45,49,47,32,0,,,,,,,,,,,,,,,,,,,,,,,,,,,,,,,,,,,,,,,,,,,,,,,,,,
1009,-0.9736282299253389,0.8901916361246539,1.6560290622525926,2.8237143064661216,-1.755627155303955,-1.6365325450897217,-1.2792482376098633,-0.6242272257804871,0.2689831852912903,1.0123053193092346,-0.1917063069759024,0.4709506381343125,8.633431847344873,76.03769356908336,-0.25241971015930176,-0.25241971015930176,-0.25241971015930176,-0.25241971015930176,-0.25241971015930176,0.0,-0.163454289929307,0.5027206434558201,9.176843814499504,83.63447767697622,-0.2205525040626526,-0.2205525040626526,-0.2205525040626526,-0.2205525040626526,-0.2205525040626526,0.0,0.8741229930819685,2.1112693202645127,56.38899364389932,4116.931566037147,0.0,0.9210548996925354,0.9698986411094666,0.9774938821792603,0.9792399406433105,0.056438982486724854,0.7819219233324475,0.958289565916469,-0.5562460627003768,4.87530603666739,-0.46185556054115295,0.4313548803329468,1.0268285274505615,1.38411283493042,1.5032074451446533,0.9527579545974731,0.7819219827651978,-0.036131454776278,0.8380126953125,184.2874755859375,0.9800152778625488,13730.0,0.7672116756439209,0.39287999272346497,604.3961374769598,189.24884587973384,3.359631836395897,0.8090489623793512,0.9703607984946251,0.0033792529681187355,0.9644165455664919,0.0019986345330216776,0.6445931939376969,0.10935709467884094,0.930103267902402,0.0038584886179982604,0.07305908203125,0.0545654296875,0.0269775390625,0.015869140625,0.01519775390625,0.01617431640625,0.01947021484375,0.0321044921875,0.03704833984375,0.03228759765625,0.01641845703125,0.01104736328125,0.01226806640625,0.01318359375,0.02423095703125,0.0516357421875,0.10833740234375,0.44012451171875,2.1368736741826315,0.00213623046875,0.00164794921875,0.00164794921875,0.001220703125,0.00048828125,0.001220703125,0.0013427734375,0.00115966796875,0.0006103515625,0.00152587890625,0.00079345703125,0.00067138671875,0.00030517578125,0.000244140625,0.00018310546875,6.103515625e-05,0.97528076171875,0.00946044921875,0.17121215980170107,13701.0,2306.9433970067566,0.032351040449686536,0.2958999813447149,0.83624267578125,152.58757779610957,145.75454253889296,0.83624267578125,19850316,1.3.6.1.4.1.14519.5.2.1.7695.1700.471625799765630092122359693714,C:\Users\ferra\Documents\breast_cancer_nac\data\raw\ISPY1\manifest-PyHQgfru6393647793776378748\ISPY1\ISPY1_1009\03-16-1985-485859-MR BREASTUNI UE-34504\3.000000-Dynamic-3dfgre-93714,Dynamic-3dfgre,180,True,T0,2009-09-03 00:00:00,40.66,4,0,0,0,0,3,TripleNeg,0,1,75,66,57,7,0,,,,,,,,,,,,,,,,,,,,,,,,,,,,,,,,,,,,,,,,,,,,,,,,,,
1010,-0.463949605156472,1.2396411953174853,1.3431642273060351,0.6320700273556206,-1.5714058876037598,-1.3470394611358643,-0.8983064293861389,-0.13546031713485718,1.8389650583267212,1.211579144001007,0.3317095744064318,1.5473905991085868,2.496305002581924,4.3715481179062134,-0.24375836551189423,-0.24375836551189423,-0.24375836551189423,-0.24375836551189423,4.197586536407471,0.0,0.35700156322245036,1.626827702378879,2.628746061899932,4.9440087794237195,-0.19801829755306244,-0.19801829755306244,-0.19801829755306244,-0.19801829755306244,3.959532070159921,0.0,0.8158610671169413,1.7958252256232499,65.09106553313774,5617.226936650263,0.0,0.8181673884391785,0.9386159777641296,0.9601914286613464,0.9677485823631287,0.14202404022216797,0.7956591855646593,1.7689124856873066,0.9135202583827492,2.6014647265506845,-1.4096238613128662,0.20581500232219696,0.7891679406166077,1.2827743291854858,2.2959296703338623,1.0769593268632889,0.7956591844558716,-0.031787427576339095,0.78497314453125,173.39593505859375,0.9713717103004456,12861.0,0.7993427515029907,1.6962261199951172,898.5379473584312,304.0201792215775,6.1954892590047175,1.5153602742973609,0.8925394746773557,0.00893316061923623,0.8031828250512384,0.006489491815386565,0.9263418766858273,0.024542867154556062,0.6451447639613098,0.010441544029976598,0.06610107421875,0.05133056640625,0.0279541015625,0.01556396484375,0.014404296875,0.01849365234375,0.02105712890625,0.0306396484375,0.038818359375,0.03167724609375,0.01995849609375,0.019287109375,0.01373291015625,0.015625,0.026611328125,0.04937744140625,0.134521484375,0.40484619140625,2.2143094397596474,0.00897216796875,0.00775146484375,0.0042724609375,0.00238037109375,0.00213623046875,0.00299072265625,0.00372314453125,0.0057373046875,0.00506591796875,0.00567626953125,0.0037841796875,0.00518798828125,0.002685546875,0.004638671875,0.006103515625,0.00555419921875,0.892578125,0.03076171875,0.6124307727935953,12820.0,2399.795164728616,0.02797367605570808,0.17083451790765247,0.782470703125,150.0655974160478,147.85959334381735,0.782470703125,19850323,1.3.6.1.4.1.14519.5.2.1.7695.1700.628895020540790581692320486277,C:\Users\ferra\Documents\breast_cancer_nac\data\raw\ISPY1\manifest-PyHQgfru6393647793776378748\ISPY1\ISPY1_1010\03-23-1985-348930-MR BREASTUNI UE-71945\3.000000-Dynamic-3dfgre-86277,Dynamic-3dfgre,180,True,T0,2009-09-03 00:00:00,41.53,1,0,0,0,0,3,TripleNeg,0,1,60,52,20,3,1,,,,,,,,,,,,,,,,,,,,,,,,,,,,,,,,,,,,,,,,,,,,,,,,,,
1011,-1.0844184152629168,1.166597916789372,1.5611538272739123,1.9818945773459165,-2.0840632915496826,-1.9059730768203735,-1.490429401397705,-0.6593418121337891,0.5279260277748108,1.2466312646865845,0.06518378985583695,1.126351558022963,4.2178249133735415,16.270529220392373,-0.20210658013820648,-0.20210658013820648,-0.20210658013820648,-0.20210658013820648,-0.20210658013820648,0.0,1.3876932767652994e-11,2.863335022655811e-10,3.6828353175569735,14.560092857404488,-2.5485196071539652e-11,-2.5478393700373303e-11,-2.5478393700373303e-11,-2.5478393700373303e-11,-2.5472685419303254e-11,0.0,0.9964146423985767,8.182752854238881,81.53889730562965,7671.090274753173,0.0,0.7187897562980652,0.869590699672699,0.8971639275550842,0.9057082533836365,0.17837417125701904,1.1496021996713353,1.5271792652522258,0.9007926511478809,5.041137448121525,-0.572731614112854,0.5165987610816956,1.3476861715316772,1.7632299661636353,1.9413200616836548,1.2466312050819397,1.1496021747589111,0.056701153251905494,0.82452392578125,850.8013305664062,1.1177695989608765,13509.0,-4.041571244339792e-11,0.5496821999549866,1045.5747303444755,345.4091141165763,6.068276346411768,1.4968558669667695,0.9421210838655923,0.00634171396933953,0.9210318822430829,0.0028098632317813945,0.8025141176655207,0.06560479955876705,0.8483076234396175,0.005181621623844421,0.0693359375,0.0501708984375,0.028564453125,0.01898193359375,0.01605224609375,0.01873779296875,0.02093505859375,0.03045654296875,0.03125,0.02801513671875,0.01953125,0.01336669921875,0.011474609375,0.0179443359375,0.026123046875,0.05584716796875,0.101318359375,0.44189453125,2.1557093096348092,0.00274658203125,0.003173828125,0.00286865234375,0.00152587890625,0.0010986328125,0.002685546875,0.00311279296875,0.0032958984375,0.00201416015625,0.002685546875,0.00201416015625,0.0013427734375,0.0008544921875,0.00128173828125,0.00238037109375,0.0020751953125,0.9381103515625,0.0267333984375,0.36962757286529213,13478.0,2228.588057947429,0.03410167554670943,0.23899850213539783,0.8226318359375,151.91431246339852,147.51182595533575,0.8226318359375,19850329,1.3.6.1.4.1.14519.5.2.1.7695.1700.723789670166802742696587106947,C:\Users\ferra\Documents\breast_cancer_nac\data\raw\ISPY1\manifest-PyHQgfru6393647793776378748\ISPY1\ISPY1_1011\03-29-1985-430227-MR BREASTUNI UE-45063\3.000000-Dynamic-3dfgre-06947,Dynamic-3dfgre,180,True,T0,2009-09-03 00:00:00,40.82,4,0,0,0,0,3,TripleNeg,0,2,68,68,56,47,1,,,,,,,,,,,,,,,,,,,,,,,,,,,,,,,,,,,,,,,,,,,,,,,,,,
1012,-0.46074000714747854,0.9805840398528513,2.1505574441371897,3.707348185664036,-1.1255738735198975,-1.0299712419509888,-0.8387662172317505,-0.4244883954524994,1.0095502138137817,0.6054828464984894,0.1336889261572196,1.2747146819032964,2.7372977761015718,5.6583273136553505,-0.30014392733573914,-0.30014392733573914,-0.30014392733573914,-0.30014392733573914,1.4047163724899292,0.0,0.26486858560101467,1.4569913758095472,2.777577065876447,5.806937622633608,-0.21866174936294555,-0.21859081089496613,-0.21859081089496613,-0.21859081089496613,0.9034464061260297,0.0,0.8785600190961418,8.584581324707615,115.71925440712242,14188.988743864362,0.0,0.6965606212615967,0.8684984445571899,0.8994872570037842,0.9101084470748901,0.2029266357421875,0.5944289266253691,1.3251329915689836,0.996870847252227,4.648869915028106,-0.5130060315132141,0.28368207812309265,0.6023572683334351,0.7935624122619629,1.4320857524871846,0.5098803341388702,0.5944288969039917,-0.2206814651179764,0.82073974609375,1060.66748046875,0.9159858226776123,13447.0,0.505168616771698,0.8856726288795471,1282.7252037499152,549.4903056101948,7.518517808616489,2.339663033616427,0.9115443204777245,0.008557919651414496,0.8419700316957628,0.0051394971748561806,0.8801629809377111,0.05097587900001948,0.7089399487049742,0.008676703221969421,0.06463623046875,0.05157470703125,0.03009033203125,0.0220947265625,0.01434326171875,0.016845703125,0.02337646484375,0.02880859375,0.032958984375,0.03375244140625,0.021484375,0.01739501953125,0.01470947265625,0.0186767578125,0.03228759765625,0.0526123046875,0.11737060546875,0.406982421875,2.238590183834765,0.00592041015625,0.0032958984375,0.00543212890625,0.003662109375,0.00274658203125,0.00347900390625,0.00482177734375,0.007080078125,0.00653076171875,0.007080078125,0.00543212890625,0.00579833984375,0.00335693359375,0.00286865234375,0.00396728515625,0.00372314453125,0.90875244140625,0.01605224609375,0.5527822245111896,13306.0,2289.7007563196375,0.031893334509940634,0.338295995823226,0.8227801137768983,149.17382125568133,140.37849610536853,0.8121337890625,19850330,1.3.6.1.4.1.14519.5.2.1.7695.1700.135796154808190999296545278795,C:\Users\ferra\Documents\breast_cancer_nac\data\raw\ISPY1\manifest-PyHQgfru6393647793776378748\ISPY1\ISPY1_1012\03-30-1985-378045-MR BREASTUNI UE-72508\3.000000-Dynamic-3dfgre-78795,Dynamic-3dfgre,180,True,T0,2009-09-03 00:00:00,53.78,3,1,1,1,0,1,HRposHER2neg,0,1,78,84,56,57,0,,,,,,,,,,,,,,,,,,,,,,,,,,,,,,,,,,,,,,,,,,,,,,,,,,
1013,-0.8451139717543015,0.6081853782933329,1.9152095099194621,6.998147227116165,-1.4636133909225464,-1.3446756601333618,-0.8689247369766235,-0.5121115446090698,-0.27423611283302307,0.832564115524292,0.4078538177086557,1.7000480311244508,2.848099926393456,6.750809504299825,-0.19630563259124756,-0.19630563259124756,-0.19630563259124756,-0.19630563259124756,2.322836399078369,0.0,7.788192783508884e-08,4.970365585543362e-07,3.3354366944898124,10.144401248290873,-2.3320382247504767e-08,-2.264411946839573e-08,-2.264411946839573e-08,-2.264411946839573e-08,-2.0711719272981097e-08,0.0,1.6384969963193043,11.219001266695717,67.93949697043404,5621.755619171573,0.3745866119861603,0.6442168951034546,0.8089491128921509,0.8621411919593811,3.2637386322021644,0.2179242968559265,1.2529677885388537,1.8451435269926035,2.3721376111860764,5.603449858863394,0.11757636070251465,0.35545188188552856,0.8312027454376221,1.2276618480682373,3.268669605255127,0.8722099661827087,1.2529677152633667,0.325509924873839,0.90509033203125,1046.478271484375,5.710892200469971,14829.0,-4.568126144022244e-08,1.3584215641021729,2698.795875534737,842.7080700714633,16.556417237224775,3.7402328412800174,0.8343493523505788,0.014305490821823965,0.8062011308327475,0.008398851937375421,0.6807244783042399,0.098463649699743,0.6500308040698667,0.013574924514323707,0.08795166015625,0.07171630859375,0.02423095703125,0.011962890625,0.009521484375,0.01080322265625,0.00927734375,0.0113525390625,0.01434326171875,0.01190185546875,0.0072021484375,0.00653076171875,0.00836181640625,0.0120849609375,0.02423095703125,0.0687255859375,0.11181640625,0.49798583984375,1.87504926701324,0.01190185546875,0.00994873046875,0.00732421875,0.00537109375,0.00341796875,0.0048828125,0.0050048828125,0.0064697265625,0.0045166015625,0.00482177734375,0.00384521484375,0.003662109375,0.00201416015625,0.00201416015625,0.00372314453125,0.00408935546875,0.850341796875,0.066650390625,0.7459110552291561,14820.0,2867.491736966147,0.022649244365696024,0.15190695974871732,0.904541015625,148.79354033798916,147.0667611607483,0.904541015625,19850411,1.3.6.1.4.1.14519.5.2.1.7695.1700.131563990359220001515452333123,C:\Users\ferra\Documents\breast_cancer_nac\data\raw\ISPY1\manifest-PyHQgfru6393647793776378748\ISPY1\ISPY1_1013\04-11-1985-865084-RIGHT BREAST-55448\4.000000-Dynamic-3dfgre-33123,Dynamic-3dfgre,180,True,T0,2009-09-03 00:00:00,49.36,1,1,1,1,0,1,HRposHER2neg,0,2,71,70,8,5,0,,,,,,,,,,,,,,,,,,,,,,,,,,,,,,,,,,,,,,,,,,,,,,,,,,
1015,-0.7442860885226992,0.9095401263605469,2.0797868143316616,4.264809661654349,-1.4635926485061646,-1.3671810626983643,-1.029740333557129,-0.547681987285614,0.3682287037372589,0.8194990754127502,0.14180663303795882,1.2771472206768228,2.9963981182033765,7.365078805527743,-0.26895180344581604,-0.26895180344581604,-0.26895180344581604,-0.26895180344581604,0.7947036027908325,0.0,0.16166435203334828,1.4057819353542653,3.173229363177664,8.963015336917357,-0.1504246011376381,-0.14925380051136017,-0.14925380051136017,-0.14925380051136017,-0.13311384171247478,0.0,2.406528029579068,20.37918689823794,21.83388890755312,550.2308709213313,0.0,0.6995726823806763,0.8711103200912476,0.9026302695274353,0.915152370929718,0.20305758714675903,0.8860927311766318,1.577799565645346,1.2916572269778444,3.948589824725862,-0.44435715675354004,0.3269359767436981,0.8089942932128906,1.1464351415634155,1.4305485010147105,0.8194991648197174,0.8860927224159241,-0.022410405398713546,0.81927490234375,577.4186401367188,2.524606466293335,13423.0,0.12980800867080688,1.0469329357147217,1871.4634070498569,629.0162535843363,11.555277872333278,2.8045104347074896,0.850453901373052,0.01217313856692035,0.8043646892927999,0.006595976074273953,0.7772832788873892,0.07373909118016303,0.647046060281475,0.010661461868194473,0.0784912109375,0.06573486328125,0.02490234375,0.01336669921875,0.01141357421875,0.01263427734375,0.012939453125,0.01861572265625,0.02447509765625,0.02294921875,0.01025390625,0.008544921875,0.0107421875,0.0142822265625,0.021484375,0.05859375,0.117431640625,0.47314453125,1.993814518900922,0.00811767578125,0.0086669921875,0.00628662109375,0.00469970703125,0.00335693359375,0.00555419921875,0.00628662109375,0.006103515625,0.00421142578125,0.0333251953125,0.00494384765625,0.0340576171875,0.0062255859375,0.01666259765625,0.01983642578125,0.01806640625,0.72802734375,0.0855712890625,1.2175542141142923,13364.0,2845.6185412194786,0.020739246195577446,0.2936213850862392,0.815673828125,153.2675507563677,146.5117925600823,0.815673828125,19850419,1.3.6.1.4.1.14519.5.2.1.7695.1700.432501215825270156556802110142,C:\Users\ferra\Documents\breast_cancer_nac\data\raw\ISPY1\manifest-PyHQgfru6393647793776378748\ISPY1\ISPY1_1015\04-19-1985-154624-MR BREASTUNI UE-69350\4.000000-Dynamic-3dfgre-10142,Dynamic-3dfgre,180,True,T0,2009-09-03 00:00:00,42.16,1,1,0,1,1,2,HER2pos,0,1,79,50,11,3,1,,,,,,,,,,,,,,,,,,,,,,,,,,,,,,,,,,,,,,,,,,,,,,,,,,
1016,-1.2952193166403276,0.7032074285649883,1.421054707929282,2.5238299263372737,-1.9886571168899536,-1.7973994016647339,-1.4968514442443848,-0.9777231812477112,-0.29465973377227783,0.8196762204170227,-0.23671184897420972,0.6852175405320382,3.338405488929613,12.137640412115418,-0.48583006858825684,-0.48583006858825684,-0.48583006858825684,-0.48583006858825684,0.46743693947792053,0.0,-0.16546393931093917,1.6462607809726683e-10,-90.49309433368502,8187.0001220852155,-0.16546393930912018,-0.16546393930912018,-0.16546393930912018,-0.16546393930912018,-0.16546393930912018,0.0,1.5670024481489655,9.867131086615373,25.932281161771453,798.7704215305512,0.254517525434494,0.6972422003746033,0.7857540249824524,0.8293958902359009,1.619914090633393,0.1321536898612976,1.0585074672676456,0.8343917571260296,0.3605468072381978,4.649563354820312,0.10937756299972534,0.7104326784610748,1.1203114986419678,1.420859456062317,1.721407413482666,0.7104267776012421,1.0585075616836548,-0.06730971110848294,0.894287109375,386.6940612792969,2.9703986644744873,14652.0,0.2360469549894333,0.911768913269043,2095.6184169516746,366.2841808845307,19.495713876157705,2.171201173207816,0.6192528622207133,0.01305923256278299,0.6055639974784488,0.009751417810334603,0.48031180322098477,0.09165387923495508,0.3668028451913905,0.011832997688186794,0.0804443359375,0.0706787109375,0.02923583984375,0.0152587890625,0.01495361328125,0.0120849609375,0.00970458984375,0.014404296875,0.013427734375,0.014892578125,0.00909423828125,0.00836181640625,0.0079345703125,0.01446533203125,0.0244140625,0.06036376953125,0.1080322265625,0.49224853515625,1.931683249906168,0.04742431640625,0.0208740234375,0.014892578125,0.00885009765625,0.00616455078125,0.00518798828125,0.00616455078125,0.00384521484375,0.00335693359375,0.016357421875,0.00421142578125,0.0203857421875,0.01300048828125,0.025146484375,0.04803466796875,0.06390380859375,0.46234130859375,0.2298583984375,1.7953278977202602,14622.0,3291.351693383469,0.016961648618703886,0.17705833512461835,0.8925105292071049,147.34934450131112,145.02127770474158,0.8924560546875,,,,,,,,,,,,,,,,,,,,,,,,,,,,,,,,,,,,,,,,,,,,,,,,,,,,,,,,,,,,,,,,,,,,,,,,,
1017,-1.227039813110423,0.8662098784588165,1.8226061462617582,4.1235726225310225,-1.9970349073410034,-1.8137420415878296,-1.5388023853302002,-0.8056303262710571,-0.1641046702861786,1.0081117153167725,0.3245577143184164,1.6974848026271299,3.1679716005531278,8.195657630966595,-0.1858663111925125,-0.1858663111925125,-0.1858663111925125,-0.1858663111925125,0.11082320660352707,0.0,0.350576092611405,1.784368670133121,3.2797811554417176,8.828440461415969,-0.14973139762878418,-0.14973080158233643,-0.14973080158233643,-0.14973080158233643,-0.1464324876666069,0.0,1.4281959622285285,12.05957869332877,48.10935595211166,2626.348922850929,0.10361815989017487,0.9449055194854736,0.9739851355552673,0.9794171452522278,0.9813628792762756,0.03451162576675415,1.551597501066226,1.869086042768121,2.0397350782622254,5.353717834600838,0.06988482177257538,0.7114105224609375,1.4445825815200806,1.7195221185684204,1.9944617748260498,1.008111596107483,1.5515974760055542,-0.01676875793479197,0.88543701171875,771.4959716796875,1.2736763954162598,14507.0,0.21095304191112518,1.8190864324569702,1857.4630948950837,645.4602564628418,9.290102194777948,2.614519279908112,0.9213922536149926,0.009712236093396057,0.8680211709114857,0.005621429483992612,0.7918796294747183,0.07208924909803398,0.7534923536199901,0.009780209887546132,0.0826416015625,0.06298828125,0.0264892578125,0.01348876953125,0.0113525390625,0.01025390625,0.0133056640625,0.01666259765625,0.01690673828125,0.01690673828125,0.010986328125,0.0078125,0.00775146484375,0.0147705078125,0.023193359375,0.06005859375,0.11944580078125,0.4849853515625,1.9442761794205627,0.00634765625,0.00482177734375,0.00469970703125,0.00274658203125,0.00146484375,0.0037841796875,0.003173828125,0.0032958984375,0.003662109375,0.004638671875,0.00341796875,0.003662109375,0.0013427734375,0.0020751953125,0.00274658203125,0.001953125,0.92645263671875,0.01971435546875,0.450652789454138,14497.0,2697.9028124669403,0.025028533356355933,0.22403058493862893,0.88482666015625,151.99736310379248,148.13391146261912,0.88482666015625,19850510,1.3.6.1.4.1.14519.5.2.1.7695.1700.119509346714367604160637269490,C:\Users\ferra\Documents\breast_cancer_nac\data\raw\ISPY1\manifest-PyHQgfru6393647793776378748\ISPY1\ISPY1_1017\05-10-1985-802181-MR BREASTUNI UE-44501\5.000000-Dynamic-3dfgre-69490,Dynamic-3dfgre,180,True,T0,2009-09-03 00:00:00,68.31,1,0,0,0,0,3,TripleNeg,0,1,54,,27,16,0,,,,,,,,,,,,,,,,,,,,,,,,,,,,,,,,,,,,,,,,,,,,,,,,,,
1021,-1.218803181035696,0.9939997562901067,1.8998868946701015,3.1352598952758255,-1.9000110626220703,-1.8579881191253662,-1.6898964643478394,-0.9755067825317383,0.2011350840330124,0.8824813365936279,-0.1037034078231045,0.8564446732765951,3.6092006218722323,12.107457659797962,-0.36176085472106934,-0.36176085472106934,-0.36176085472106934,-0.36176085472106934,0.1689498871564865,0.0,-0.0723766759055735,0.8311959189910662,4.980996165299443,23.209095747437182,-0.24024740904569625,-0.24024724960327148,-0.24024724960327148,-0.24024724960327148,-0.2402200698852539,0.0,0.9415426864891288,2.8164758261808345,45.69719498115895,2690.5763722279853,0.0,0.858922004699707,0.9161766767501831,0.9248862862586975,0.9303163945674896,0.06596428155899048,1.1150997730725294,1.1916743313067035,0.19642773434192054,4.201043962804448,-0.30793772339820824,0.7818375825881958,1.3701584339141846,1.4962272644042969,1.6222959756851196,0.7143896818161011,1.1150997877120972,-0.028093182382690172,0.854248046875,208.51414489746094,1.228108286857605,13996.0,0.5781749486923218,0.6103101372718811,1069.4746225667884,376.21123072945755,8.65551938725779,2.040844444641047,0.8604315111993003,0.009219275290385739,0.8372589023951357,0.0062117206778403225,0.8154121428071552,0.0640785566079709,0.7010410551136869,0.010423675376257237,0.07415771484375,0.0584716796875,0.02630615234375,0.01715087890625,0.013427734375,0.01397705078125,0.01800537109375,0.02642822265625,0.0357666015625,0.026123046875,0.0150146484375,0.0126953125,0.0106201171875,0.014892578125,0.022216796875,0.0546875,0.1119384765625,0.4481201171875,2.102345266337779,0.0093994140625,0.00811767578125,0.00628662109375,0.004150390625,0.0037841796875,0.004150390625,0.0045166015625,0.0059814453125,0.00537109375,0.0062255859375,0.005126953125,0.0037841796875,0.001953125,0.0020751953125,0.00390625,0.00421142578125,0.87469482421875,0.0462646484375,0.6732622180038336,13916.0,1672.4905114768712,0.0625168315174254,0.348867184469364,0.849365234375,157.07705780999794,147.20824807852256,0.849365234375,19850601,1.3.6.1.4.1.14519.5.2.1.7695.1700.310982276895610340293389092520,C:\Users\ferra\Documents\breast_cancer_nac\data\raw\ISPY1\manifest-PyHQgfru6393647793776378748\ISPY1\ISPY1_1021\06-01-1985-398188-MR BREASTUNI UE-10709\4.000000-Dynamic-3dfgre-92520,Dynamic-3dfgre,180,True,T0,2009-09-03 00:00:00,48.43,1,1,1,1,1,2,HER2pos,0,1,63,55,0,0,1,,,,,,,,,,,,,,,,,,,,,,,,,,,,,,,,,,,,,,,,,,,,,,,,,,
1022,-2.0170960848052744,0.6134941855126184,1.2791660664687505,2.2554795167531383,-2.787614583969116,-2.3818655014038086,-2.068655490875244,-1.8266295194625854,-1.250038504600525,0.5552359819412231,-0.8907573593463631,0.4195344017809924,1.3957229428587727,2.220418230922853,-1.338191270828247,-1.2461696863174438,-0.9286952018737793,-0.7446520328521729,-0.37196457386016846,0.501517653465271,0.47294351905944154,1.0386228592115045,0.3456505952742394,-1.2961679207099093,-0.7261331677436829,-0.5223888754844666,0.19637559354305267,1.4188411235809326,1.905563473701477,1.9412299990653992,0.5439149094584401,0.44862723708826224,29.61840357604011,2012.139357653008,0.23877111226320266,0.3255348727107048,0.5183726251125336,0.7072103917598724,0.8053193151950836,0.38167551904916763,1.1263387255760335,0.5410383283154316,-1.3960742162788664,6.734023697650526,0.6048494935035708,0.924481213092804,1.1989071369171143,1.4427385330200195,1.5423800349235535,0.5182573199272156,1.1263387203216553,-1.2107367272014335,0.80059814453125,34.33262252807617,0.890601634979248,13117.0,0.1913490742444992,0.4586324691772461,724.096081942546,608.1627282001424,13.10400545970206,5.750306082867306,0.19821976028818641,0.052521623393425476,0.04200278104262945,0.005796899324814209,0.8893613677428793,0.09293812273838076,0.001797837657097104,0.0005300476643290041,0.0322265625,0.02789306640625,0.03179931640625,0.0316162109375,0.030029296875,0.0372314453125,0.04931640625,0.0841064453125,0.14141845703125,0.0804443359375,0.0445556640625,0.034912109375,0.0302734375,0.02783203125,0.02783203125,0.0247802734375,0.07330322265625,0.1904296875,2.6531447411823206,0.035888671875,0.027099609375,0.030517578125,0.0296630859375,0.02734375,0.04052734375,0.0506591796875,0.08465576171875,0.14508056640625,0.08245849609375,0.04534912109375,0.0335693359375,0.0260009765625,0.02557373046875,0.02557373046875,0.02435302734375,0.07196044921875,0.1937255859375,2.6367706577263377,11502.0,1211.4701294725885,0.09848221465155688,0.7091075927292908,0.8422054624002343,158.76458324614282,111.94495402358478,0.7020263671875,,,,,,,,,,,,,,,,,,,,,,,,,,,,,,,,,,,,,,,,,,,,,,,,,,,,,,,,,,,,,,,,,,,,,,,,,
1025,-0.8497464286504055,1.0151311229143904,1.6531555787820968,3.238782272130808,-1.8447926044464111,-1.65314781665802,-1.0782135725021362,-0.4074569344520569,0.35912203788757324,1.2456908822059631,0.15984138880230603,1.402907969520347,4.310417715220475,16.836962807896274,-0.15814846754074097,-0.15814846754074097,-0.15814846754074097,-0.15814846754074097,-0.15814846754074097,0.0,8.698350511485847e-08,5.660118271585914e-07,3.4924057811481406,10.447127529103152,-5.401519089787143e-08,-5.3522821730211945e-08,-5.3522821730211945e-08,-5.3522821730211945e-08,-4.696300628381774e-08,0.0,1.5753447166753176,10.453080846044518,23.123681789743642,590.096229432535,0.0,0.6857627034187317,0.8533230423927307,0.9043344855308533,0.9185055494308472,0.21857178211212158,1.0095878160673237,1.7119759171588587,1.8975743179465943,7.440771912872876,-0.4214482009410858,0.3451308012008667,0.9200651049613953,1.4949994087219238,1.7824664115905762,1.1498686075210571,1.0095877647399902,0.15832323441398163,0.81884765625,276.8636169433594,2.0395286083221436,13416.0,-1.3530817000173556e-07,1.3058955669403076,1874.3720164850745,485.17366629136046,8.393467404889849,1.942551741093813,0.9570376317545408,0.00781924937793439,0.9283666721725456,0.0041970823427746615,0.6651088441601153,0.08508745384763935,0.8618822935009188,0.007805076082194664,0.07672119140625,0.05877685546875,0.0299072265625,0.01593017578125,0.012939453125,0.014892578125,0.0169677734375,0.019775390625,0.0245361328125,0.021240234375,0.012939453125,0.01123046875,0.010009765625,0.0140380859375,0.02484130859375,0.058837890625,0.1134033203125,0.4630126953125,2.0473944120819185,0.00299072265625,0.00439453125,0.00250244140625,0.0015869140625,0.000732421875,0.0013427734375,0.00177001953125,0.00164794921875,0.001220703125,0.00152587890625,0.0013427734375,0.002197265625,0.001220703125,0.0008544921875,0.00177001953125,0.00146484375,0.9591064453125,0.0123291015625,0.2720358934398726,13397.0,3333.5333675264897,0.015149831695676056,0.23136268953526595,0.8183872938301772,150.5211940667142,146.4371880834163,0.81768798828125,19850608,1.3.6.1.4.1.14519.5.2.1.7695.1700.154435595294612732140495384195,C:\Users\ferra\Documents\breast_cancer_nac\data\raw\ISPY1\manifest-PyHQgfru6393647793776378748\ISPY1\ISPY1_1025\06-08-1985-295826-LEFT BREAST-51544\4.000000-Dynamic-3dfgre-84195,Dynamic-3dfgre,180,True,T0,2009-09-03 00:00:00,52.35,1,1,1,1,0,1,HRposHER2neg,0,1,47,45,42,42,,,,,,,,,,,,,,,,,,,,,,,,,,,,,,,,,,,,,,,,,,,,,,,,,,,
1026,-1.5895992457063102,1.1875186904209254,1.7467732295483185,1.7316905405638678,-2.322929620742798,-2.288386583328247,-2.1943533420562744,-1.60520601272583,0.5339554071426406,0.683180570602417,-0.41144482578965835,0.9005308036492828,0.2452793732881382,-1.066641354611025,-1.427076816558838,-1.427076816558838,-0.34684017300605774,0.25846486538648605,0.7333965301513672,1.685541681945324,-0.41144482578965835,0.9005308036492828,0.2452793732881382,-1.066641354611025,-1.427076816558838,-1.427076816558838,-0.34684017300605774,0.25846486538648605,0.7333965301513672,1.685541681945324,0.8743884120485745,0.3314092343895553,-2.2593765029898134,3.104782190715598,0.0,0.9999986290931702,0.9999988675117493,0.9999995231628418,0.9999996423721313,8.940696716308594e-07,1.178154421662839,1.2012092933423157,-0.2617541867965912,0.3989672885261206,-0.36820819377899167,0.7288956642150879,0.8862574100494385,2.1140170097351074,2.685405969619751,1.3851213455200195,1.1781543493270874,0.0,0.8743896484375,0.9999997615814209,0.9999997019767761,14326.0,0.9999988675117493,0.6402103304862976,1916.7330174978151,1124.1278487900274,23.908043619547595,13.891095873006753,0.5361795003436082,0.26825327034887525,0.3606152547517197,0.009278568856356995,0.819880714019202,0.10559672293704261,0.13012945379966986,0.006758607203373843,0.04022216796875,0.0245361328125,0.0301513671875,0.03570556640625,0.03021240234375,0.03997802734375,0.04791259765625,0.07037353515625,0.11175537109375,0.073974609375,0.03924560546875,0.0379638671875,0.027587890625,0.02825927734375,0.02630615234375,0.02374267578125,0.1134033203125,0.19866943359375,2.652608547470146,0.0,0.003662109375,0.00146484375,0.00048828125,0.0003662109375,0.001220703125,0.001220703125,0.001220703125,0.0009765625,0.0775146484375,0.0,0.0238037109375,0.00048828125,0.0306396484375,0.0,0.037841796875,0.472900390625,0.34619140625,1.311039219029732,14206.0,1034.9777054234137,0.16665551306100007,0.35699850645441494,0.8679130009775171,147.04295523369476,137.35355303707027,0.8670654296875,,,,,,,,,,,,,,,,,,,,,,,,,,,,,,,,,,,,,,,,,,,,,,,,,,,,,,,,,,,,,,,,,,,,,,,,,
1027,-0.49677372183083435,1.4006058134086792,0.615970945951439,-0.49534716248788113,-2.208672523498535,-1.624179482460022,-0.7249595522880554,0.39906540513038635,1.6579734086990356,2.0232448875904083,0.08810605465646759,1.078376688966481,1.562465561141691,1.2341569027310983,-0.6353978514671326,-0.6236138343811035,-0.4704222083091736,0.3898078203201294,1.9806442260742188,1.013421654701233,0.06832196279928837,1.0780629992115824,2.2199185538155732,3.3106394392243876,-0.3789962738752365,-0.3773132264614105,-0.3773132264614105,-0.3736489862203598,2.2880926370620727,0.00366424024105072,1.2493710342401698,9.066700797650494,53.111237934440034,3781.3420691370675,0.0,0.0,0.7852697968482971,0.9563984423875809,1.6708628177642832,0.9563984423875809,0.5848797760140769,1.4705327737885643,-0.3396715712132323,0.34612829630375685,-1.3888919353485107,-0.2509080767631531,0.730799674987793,1.561490774154663,2.2022264242172245,1.8123988509178162,0.5848797559738159,0.03382585078373242,0.67181396484375,770.2904052734375,2.8401248455047607,11007.0,-0.48423343896865845,1.3165019750595093,2201.477769614264,701.7116728860127,24.850030689924072,5.113846979171004,0.2733363587318567,0.026162579712820058,0.18262438199071906,0.008517439148160928,0.7941804364688837,0.0650946756472487,0.0334242116671347,0.003146094279745508,0.06488037109375,0.0506591796875,0.02972412109375,0.01983642578125,0.01739501953125,0.01849365234375,0.0244140625,0.0380859375,0.04547119140625,0.0367431640625,0.02191162109375,0.01470947265625,0.015380859375,0.01739501953125,0.0306396484375,0.049560546875,0.0877685546875,0.41693115234375,2.246571775335924,0.0533447265625,0.043212890625,0.030517578125,0.02587890625,0.018798828125,0.02130126953125,0.0223388671875,0.0220947265625,0.02197265625,0.03399658203125,0.0172119140625,0.03216552734375,0.0198974609375,0.02545166015625,0.03717041015625,0.0438232421875,0.1993408203125,0.33148193359375,2.316626389407015,10262.0,3075.7983027901955,0.013630951370708654,0.5744685093394267,0.6743330266789328,157.04723934870705,128.54735599379555,0.6263427734375,,,,,,,,,,,,,,,,,,,,,,,,,,,,,,,,,,,,,,,,,,,,,,,,,,,,,,,,,,,,,,,,,,,,,,,,,
1028,-1.701642426920813,1.3976843956592613,-0.04001645093823967,-0.9587036849346551,-3.78959321975708,-2.9165689945220947,-1.5183665752410889,-0.6385220885276794,-0.03149748593568802,2.2780469059944153,-1.6802075967151069,1.3978895732988654,-0.052522801423806276,-0.9228344067563414,-3.7939743995666504,-2.869081735610962,-1.4749419689178467,-0.6384579539299011,0.0008058950770646334,2.230623781681061,-1.7359226635951472,1.4289711285057842,-0.09715836874557653,-0.8757681138605382,-3.976069688796997,-3.0635790824890137,-1.4633159637451172,-0.6870179176330566,-0.08096060901880264,2.376561164855957,4.020979543579756,67.46973821799556,40.343000456468516,1900.5760488105507,0.0,0.0,0.12258715182542801,0.9302703142166138,2.871202874183658,0.9302703142166138,0.021434830201201294,0.10491402992892099,0.22733827344060883,0.5995733788078241,-0.1080078125,-0.046867311000823975,0.01658153533935547,0.08890557289123535,0.15652719140052798,0.13577288389205933,0.021434828639030457,2.599156305687212,0.428466796875,3762.843505859375,6.038614273071289,7020.0,0.9081618785858154,-0.002355976030230522,398.22466584914963,197.42811618507594,10.43889660207961,3.2979647442324347,0.1449141911445097,0.04026004765307752,0.0179866849588044,0.0027617309564750797,0.954600042956877,0.02265098499505813,0.0003311479936832331,0.00010358710784766414,0.027587890625,0.02777099609375,0.0279541015625,0.0333251953125,0.02923583984375,0.041015625,0.058349609375,0.1005859375,0.132080078125,0.10870361328125,0.06292724609375,0.0439453125,0.03460693359375,0.0299072265625,0.01910400390625,0.01788330078125,0.03936767578125,0.1656494140625,2.65705926667199,0.02947998046875,0.02288818359375,0.0284423828125,0.03302001953125,0.02642822265625,0.03582763671875,0.0699462890625,0.0977783203125,0.13385009765625,0.11285400390625,0.07073974609375,0.04437255859375,0.034912109375,0.020263671875,0.02117919921875,0.01568603515625,0.04205322265625,0.1602783203125,2.6435232543655,1483.0,685.2031021678297,0.039692858323981305,0.8277389723454458,0.618174239266361,72.11021570830378,40.46200484103659,0.50944692545517,,,,,,,,,,,,,,,,,,,,,,,,,,,,,,,,,,,,,,,,,,,,,,,,,,,,,,,,,,,,,,,,,,,,,,,,,
1029,-0.3561261172234822,1.0925677144451875,1.637049379607714,2.170726725257154,-1.422377347946167,-1.0178406238555908,-0.6638711094856262,-0.2087673842906952,1.409379005432129,0.8090732395648956,0.3175897869632536,1.4954378597721025,2.4600412034897365,4.410150343648931,-0.2475300282239914,-0.2475300282239914,-0.2475300282239914,-0.2475300282239914,2.979025363922119,0.0,-1.7808375232372276e-20,3.2624887431995748e-18,-0.698132874947664,60.74713691302646,1.347966094515598e-20,1.347966094515598e-20,1.347966094515598e-20,1.347966094515598e-20,1.347966094515598e-20,0.0,1.9481525043306718,17.384195239295252,35.180422789458774,1419.7251967218829,0.0,0.20126190781593323,0.6535309553146362,0.8051975965499878,2.7455251216888428,0.6039356887340546,0.6737159071044516,1.7793446713755678,1.1012063798841283,2.761053979750664,-1.2018053531646729,0.062371596693992615,0.5174751877784729,1.0231460332870483,2.535289764404297,0.9607744365930557,0.6737158894538879,0.4713995216725855,0.74224853515625,757.1433715820312,6.07297945022583,12161.0,8.487863116589713e-20,1.397613763809204,2662.309402593523,791.7966981752569,16.816350394256624,3.633961553539347,0.8232810502364099,0.01574206523349948,0.7764382726124968,0.006851956900779392,0.73113459860188,0.07867144289602412,0.6029033404908476,0.010647019495392119,0.07147216796875,0.058349609375,0.03167724609375,0.0201416015625,0.014892578125,0.01715087890625,0.0169677734375,0.02325439453125,0.031494140625,0.02630615234375,0.01568603515625,0.01422119140625,0.01129150390625,0.01702880859375,0.0284423828125,0.0587158203125,0.095458984375,0.44744873046875,2.1334044368602787,0.0069580078125,0.008544921875,0.00738525390625,0.00665283203125,0.004150390625,0.00537109375,0.00665283203125,0.00665283203125,0.004638671875,0.03570556640625,0.005859375,0.03582763671875,0.0072021484375,0.01544189453125,0.01580810546875,0.01617431640625,0.712158203125,0.09881591796875,1.258330246110101,12048.0,3437.5983386839453,0.012811930121986384,0.3992557403393694,0.7353515625,155.83366679739385,142.8744768756509,0.7353515625,19850622,1.3.6.1.4.1.14519.5.2.1.7695.1700.775050283869524293688227111179,C:\Users\ferra\Documents\breast_cancer_nac\data\raw\ISPY1\manifest-PyHQgfru6393647793776378748\ISPY1\ISPY1_1029\06-22-1985-513406-MR BREASTUNI UE-05594\5.000000-Dynamic-3dfgre-11179,Dynamic-3dfgre,180,True,T0,2009-09-03 00:00:00,63.63,1,1,1,1,1,2,HER2pos,0,2,46,50,41,39,0,,,,,,,,,,,,,,,,,,,,,,,,,,,,,,,,,,,,,,,,,,,,,,,,,,
1030,-1.2201509860076385,1.051242818768152,1.528336423748382,2.431673486844252,-2.225740671157837,-2.0287952423095703,-1.5364311933517456,-0.7486487030982971,0.1376061588525772,1.2801465392112732,-0.11135037771418865,0.6765446894057102,7.373590473217936,53.70949791280562,-0.20793786644935608,-0.20793786644935608,-0.20793786644935608,-0.20793786644935608,-0.20793786644935608,0.0,-4.622785559896046e-14,7.812879024771356e-12,2.053854337740286,15.16888697406182,-3.959963867233851e-13,-3.959963867233851e-13,-3.959963867233851e-13,-3.959963867233851e-13,-3.959963596183308e-13,0.0,0.8769717443706213,2.3488170112116333,31.22001192128445,1272.2887930567506,0.0,0.7222480773925781,0.8728129267692566,0.8975062966346741,0.9065754413604736,0.17525821924209595,1.1088006153404422,1.147782203580008,-0.33511450729646314,4.397403647856938,-0.2470712959766388,0.5407108068466187,1.328493356704712,1.8208574056625366,2.0178027153015137,1.280146598815918,1.1088006496429443,-0.10042410175203328,0.85638427734375,132.17041015625,0.9105336666107178,14031.0,6.472070058702317e-13,0.6568904519081116,773.9409540509206,197.5760776414777,3.8560619888295413,0.841830721004201,0.9722518972816871,0.004291117177141206,0.9633346876700277,0.002574367315140051,0.6251688569431421,0.09374379533115736,0.9280203478353831,0.004963259706155387,0.08612060546875,0.058837890625,0.02532958984375,0.014404296875,0.0118408203125,0.010986328125,0.0133056640625,0.0159912109375,0.01788330078125,0.015380859375,0.0108642578125,0.00909423828125,0.0108642578125,0.012939453125,0.02374267578125,0.0616455078125,0.11700439453125,0.4837646484375,1.9540507191640617,0.00201416015625,0.0030517578125,0.0015869140625,0.0009765625,0.00079345703125,0.0008544921875,0.0008544921875,0.00054931640625,0.0006103515625,0.0003662109375,0.0006103515625,0.00067138671875,0.0006103515625,0.00067138671875,0.0008544921875,0.00042724609375,0.9749755859375,0.009521484375,0.17365713083001788,14008.0,2859.384089227822,0.021529850025349205,0.2568136880068079,0.85498046875,154.0872022601372,148.91926083217723,0.85498046875,19850720,1.3.6.1.4.1.14519.5.2.1.7695.1700.184128934071735308736690121805,C:\Users\ferra\Documents\breast_cancer_nac\data\raw\ISPY1\manifest-PyHQgfru6393647793776378748\ISPY1\ISPY1_1030\07-20-1985-470603-MR BREASTUNI UE-77148\4.000000-Dynamic-3dfgre-21805,Dynamic-3dfgre,180,True,T0,2009-09-03 00:00:00,52.46,4,0,0,0,1,2,HER2pos,0,2,49,47,42,41,1,,,,,,,,,,,,,,,,,,,,,,,,,,,,,,,,,,,,,,,,,,,,,,,,,,
1031,-0.7145531338171054,0.7453307498523212,1.6380837374951212,5.1041104351771125,-1.5012794733047485,-1.2855401039123535,-0.8001265525817871,-0.31471318006515503,0.11676555126905441,0.9708269238471985,-0.16755026201826695,0.3449347172162848,16.349776994310645,272.28572767373845,-0.19098050892353058,-0.19098050892353058,-0.19098050892353058,-0.19098050892353058,-0.19098050892353058,0.0,0.0033111075818936797,0.9810904280716123,5.32370460158735,26.904113217156397,-0.18443897366523743,-0.1844007670879364,-0.1844007670879364,-0.1844007670879364,-0.18437561988830567,0.0,0.7934714836617047,0.6620191348874505,39.62744924283116,2820.096458854115,0.0,0.9138403534889221,0.9893122911453247,0.9943028092384338,0.9953811168670654,0.08046245574951172,0.5470028649556298,0.8233217407719202,0.08113312613074765,12.617742532087009,-0.3077460527420044,0.12373267114162445,0.6091460585594177,1.0945595502853394,1.3102989196777344,0.9708268791437149,0.547002911567688,-0.3123585769638629,0.79388427734375,52.31193542480469,1.009565830230713,13007.0,0.14452429115772247,0.07228462398052216,0.0,0.0,0.0,0.0,1.0,0.0,1.0,0.0,1.0,0.0,1.0,0.0,0.0859375,0.05908203125,0.0283203125,0.01531982421875,0.0137939453125,0.01165771484375,0.01226806640625,0.01409912109375,0.0169677734375,0.01800537109375,0.0101318359375,0.01080322265625,0.01092529296875,0.01605224609375,0.02471923828125,0.05963134765625,0.10552978515625,0.48675537109375,1.9680141564756943,0.0,0.0,0.0,0.0,0.0,0.0,0.0,0.0,0.0,0.0,0.0,0.0,0.0,0.0,0.0,0.0,1.0,0.0,-9.999994999180668e-07,12727.0,3357.591196009009,0.014186663684103566,0.32418907653566414,0.77679443359375,151.85925127338683,143.65768327095086,0.77679443359375,19850713,1.3.6.1.4.1.14519.5.2.1.7695.1700.231126640163188755160774142186,C:\Users\ferra\Documents\breast_cancer_nac\data\raw\ISPY1\manifest-PyHQgfru6393647793776378748\ISPY1\ISPY1_1031\07-13-1985-178791-MR BREASTUNI UE-25229\3.000000-Dynamic-3dfgre-42186,Dynamic-3dfgre,180,True,T0,2009-09-03 00:00:00,54.16,1,1,0,1,0,1,HRposHER2neg,0,2,43,38,36,34,0,,,,,,,,,,,,,,,,,,,,,,,,,,,,,,,,,,,,,,,,,,,,,,,,,,
1032,-1.2492809323147753,1.4522508146372441,0.9707182337891261,-0.49070900013465923,-2.46701717376709,-2.360403299331665,-2.0405619144439697,-0.17482008039951324,1.2644665241241455,2.185583218932152,0.2839976590403239,1.8474243632547562,4.619488784414065,19.95427954801241,-0.12166917324066162,-0.12166917324066162,-0.12166917324066162,-0.12166917324066162,-0.12166917324066162,0.0,2.891540394997532e-11,5.887087735004821e-09,9.200157925548876,89.46161937220737,-4.30262631079259e-10,-4.30262631079259e-10,-4.30262631079259e-10,-4.30262631079259e-10,-4.30262631079259e-10,0.0,1.0195365080251122,5.3770876343873875,63.93263114744487,4783.4470482227825,0.0,0.46665820479393005,0.9418922066688538,0.9495921730995178,0.9517244696617126,0.48293396830558777,1.533278591420185,2.458045866353965,2.1527290630344913,7.750266193379495,-1.3861356973648071,0.10645778477191925,1.972199559211731,2.292041301727295,2.3986549377441406,2.1855835169553757,1.5332787036895752,0.18522234021063752,0.75921630859375,437.5303039550781,1.5229554176330566,12439.0,2.2647335118364254e-09,0.6917972564697266,914.8513539264114,330.2667601064328,5.476565757428026,1.4571721776098896,0.9469654046582687,0.006349329450169319,0.9292919528647544,0.003515085313768514,0.7999715933869957,0.07125610274290309,0.8635958894839519,0.006534680940260523,0.08203125,0.06060791015625,0.02679443359375,0.01629638671875,0.01287841796875,0.0140380859375,0.0150146484375,0.0225830078125,0.0340576171875,0.025634765625,0.01385498046875,0.012939453125,0.01214599609375,0.0147705078125,0.02301025390625,0.060791015625,0.105712890625,0.44683837890625,2.0985887956960037,0.00238037109375,0.00274658203125,0.00225830078125,0.00225830078125,0.00103759765625,0.001953125,0.002197265625,0.00286865234375,0.0020751953125,0.00201416015625,0.00140380859375,0.000732421875,0.0006103515625,0.001220703125,0.00128173828125,0.001953125,0.945068359375,0.02593994140625,0.32901753719424104,12383.0,1674.0052301026326,0.05552928939793083,0.4160188865782342,0.7576480665687714,161.00502718299143,146.41088318547037,0.75579833984375,19850725,1.3.6.1.4.1.14519.5.2.1.7695.1700.922720171377625332664550712681,C:\Users\ferra\Documents\breast_cancer_nac\data\raw\ISPY1\manifest-PyHQgfru6393647793776378748\ISPY1\ISPY1_1032\07-25-1985-936207-MR BREASTUNI UE-18065\4.000000-Dynamic-3dfgre-12681,Dynamic-3dfgre,180,True,T0,2009-09-03 00:00:00,37.58,4,1,1,1,0,1,HRposHER2neg,0,2,60,50,47,52,0,,,,,,,,,,,,,,,,,,,,,,,,,,,,,,,,,,,,,,,,,,,,,,,,,,
1033,-1.1484200307114634,1.4651629783738256,-0.3318277771907565,-1.0585835289548642,-3.3054282665252686,-2.48935866355896,-0.8572198152542114,0.02546745166182518,0.5917198657989502,2.514826115220785,0.05373105682474488,1.1263620469167008,1.7342342288622634,2.8918130415968193,-0.7464315295219421,-0.7464315295219421,-0.4092089831829071,0.4338473677635193,1.4455150365829468,1.1802788972854614,0.0,0.0,,,0.0,0.0,0.0,0.0,0.0,0.0,1.8152673615829613,9.086431321816182,20.15355217842843,573.8242674568874,0.0,0.0,0.7646951079368591,1.4280297756195068,2.748764991760254,1.4280297756195068,1.2021510761039735,1.847889592101088,0.5015605461046148,0.003801174557716891,-1.0737460851669312,-0.2889193594455719,1.0693313479423523,2.4757239818573,3.20145676136017,2.7646433413028717,1.2021510601043701,0.04469572802090228,0.6685791015625,421.81011962890625,4.427779674530029,10954.0,0.0,0.37632638216018677,3529.0421051005046,1033.2938594208147,36.75169573647211,7.5165464172575005,0.22840829497789697,0.04399081567013409,0.17709335216312463,0.01885295829851446,0.4179589759446698,0.17051050504155468,0.031717489416978016,0.007285754896996346,0.05401611328125,0.0439453125,0.0323486328125,0.02862548828125,0.024658203125,0.030029296875,0.0399169921875,0.056640625,0.07183837890625,0.057861328125,0.03826904296875,0.0296630859375,0.028076171875,0.028564453125,0.02978515625,0.0347900390625,0.0643310546875,0.306640625,2.5410597363486125,0.0528564453125,0.0611572265625,0.0323486328125,0.02105712890625,0.01483154296875,0.0162353515625,0.01507568359375,0.014404296875,0.0142822265625,0.02496337890625,0.0113525390625,0.0238037109375,0.01666259765625,0.026611328125,0.03839111328125,0.064453125,0.1904296875,0.361083984375,2.215097605946841,9734.0,2683.9850275670997,0.016980130680533886,0.6518478264453669,0.6702933480236882,159.33200277697057,120.82939159893384,0.5941162109375,,,,,,,,,,,,,,,,,,,,,,,,,,,,,,,,,,,,,,,,,,,,,,,,,,,,,,,,,,,,,,,,,,,,,,,,,
1034,-1.1709937123827103,1.1172720409017458,1.7190496636028905,2.488421559820524,-2.081394910812378,-1.9263972043991089,-1.6164019107818604,-0.81041419506073,0.3985673785209656,1.115983009338379,-0.12922028439757582,0.9459662185210351,3.242280575634297,9.861323072124815,-0.45469605922698975,-0.45469605922698975,-0.45469605922698975,-0.45469605922698975,0.6606224179267883,0.0,-0.06788374624498772,0.8668700067039096,4.957459834192577,23.560219353676647,-0.24695050716400146,-0.2468169778585434,-0.2468169778585434,-0.2468169778585434,-0.24304433315992355,0.0,1.0254109459584981,8.057484465780721,83.42074007427917,8382.607577331397,0.0,0.6990548372268677,0.8578680157661438,0.8847389817237854,1.0801700472831726,0.18568414449691772,1.0417734284980043,1.3251175879384862,0.03258238052012153,3.1498823208064586,-0.5432681441307068,0.5727148056030273,1.2687819004058838,1.5646997690200806,1.8579390048980713,0.9919849634170532,1.0417734384536743,-0.058876979479539314,0.82623291015625,866.6459350585938,1.746315598487854,13537.0,0.5673882365226746,0.3365156650543213,2251.1443176806238,477.5830516264597,17.36202822150173,2.498078447704351,0.6522328215132095,0.013611325675804396,0.6029042979864415,0.010137315226313576,0.5901494771926694,0.08698243655062457,0.3635963576905217,0.012214943270846044,0.075927734375,0.0653076171875,0.027099609375,0.0169677734375,0.012939453125,0.0140380859375,0.01483154296875,0.021728515625,0.0234375,0.02264404296875,0.0125732421875,0.009765625,0.00946044921875,0.01531982421875,0.02496337890625,0.060546875,0.10125732421875,0.47119140625,2.0331202375065565,0.03594970703125,0.02044677734375,0.013671875,0.01025390625,0.0072021484375,0.0078125,0.00634765625,0.0067138671875,0.00518798828125,0.0238037109375,0.00457763671875,0.0242919921875,0.00732421875,0.0203857421875,0.034912109375,0.0418701171875,0.507568359375,0.2216796875,1.7186279051188194,13437.0,2766.234810929155,0.02206653262435541,0.35030133034322525,0.820179454312397,152.65963915783223,142.98667525871755,0.82012939453125,,,,,,,,,,,,,,,,,,,,,,,,,,,,,,,,,,,,,,,,,,,,,,,,,,,,,,,,,,,,,,,,,,,,,,,,,
1035,-1.0746406546088565,1.5254261927683548,0.8615300322542153,-0.4379566437849389,-2.4805455207824707,-2.2497243881225586,-1.557260513305664,0.05848831310868263,1.443415880203247,2.3082127012312412,0.07465414738555864,1.1792432437833065,2.2499961502920782,3.4101332200542327,-0.41075754165649414,-0.41075754165649414,-0.41075754165649414,-0.391618937253952,2.460031509399414,0.019138604402542114,0.16891403878697986,1.2396699002186455,2.4527895905201262,4.228294628028266,-0.2941481411457062,-0.29395589232444763,-0.29395589232444763,-0.2939496263861656,2.62972552776337,6.2659382820129395e-06,1.239990786887283,40.716568604231696,125.255788622189,15887.209996653504,0.0,0.7662558704614639,0.9218255281448364,0.9465822577476501,0.9516827464103699,0.18032638728618622,1.1492948011691624,1.194643524684074,-1.2666738164216063,1.470079323433004,-0.4692458510398865,0.5497322082519531,1.5693185329437256,2.0697879791259766,2.3006093502044678,1.5200557708740234,1.1492948532104492,-0.08201533806149654,0.82183837890625,5173.04833984375,0.9988053441047668,13465.0,0.7577469348907471,0.7933229804039001,2593.921507448266,914.6537002301195,18.20755685439744,4.284623650575351,0.6552466523547946,0.020215862256975605,0.5725997094952279,0.012433640166033471,0.7688214962548772,0.08046171758259715,0.3280250227217976,0.014424347753194445,0.06793212890625,0.0487060546875,0.0338134765625,0.0216064453125,0.01666259765625,0.01873779296875,0.021728515625,0.029052734375,0.030029296875,0.03509521484375,0.024658203125,0.01971435546875,0.019775390625,0.02496337890625,0.0355224609375,0.04425048828125,0.108642578125,0.39910888671875,2.281507671457505,0.0234375,0.016845703125,0.01678466796875,0.01019287109375,0.0074462890625,0.00970458984375,0.0093994140625,0.0118408203125,0.01019287109375,0.03143310546875,0.009033203125,0.03363037109375,0.0133056640625,0.02484130859375,0.03582763671875,0.0335693359375,0.4664306640625,0.236083984375,1.8410677601793175,10359.0,2195.991124221509,0.026993956034008944,0.6999303767166745,0.7756645451141895,156.0848107191108,111.47750133958932,0.63226318359375,19850914,1.3.6.1.4.1.14519.5.2.1.7695.1700.622940358074977451278962418466,C:\Users\ferra\Documents\breast_cancer_nac\data\raw\ISPY1\manifest-PyHQgfru6393647793776378748\ISPY1\ISPY1_1035\09-14-1985-809821-MRI BR UNILAT WWO CONT RIGHT-29985\6.000000-T1 right breast post delay-18466,T1 right breast post delay,60,True,T0,2009-09-03 00:00:00,40.82,1,1,1,1,1,2,HER2pos,0,2,100,90,60,41,,,,,,,,,,,,,,,,,,,,,,,,,,,,,,,,,,,,,,,,,,,,,,,,,,,
1036,-0.5385193360034464,1.3889924142092755,1.122532121811496,0.10402089942214987,-1.8637299537658691,-1.6389127969741821,-1.0393999814987183,0.08468633145093918,2.108041763305664,1.7235991284251213,0.27568576302246584,1.4333319327888132,2.3521524876673894,4.0972441870001015,-0.3488783836364746,-0.3488783836364746,-0.3488783836364746,-0.3488783836364746,2.5182716846466064,0.0,-0.21013554939054302,0.7280053325998097,3.3612278223545755,9.297852473984806,-0.41034403443336487,-0.41034403443336487,-0.41034403443336487,-0.41034403443336487,-0.41034403443336487,0.0,2.379301324913854,10.34139440773578,12.57276182648908,186.22487177981145,0.0,0.0,1.0471532344818115,1.0977091789245605,3.0804245471954346,1.0977091789245605,0.8142050955352715,1.9035202861232796,0.4614823598175328,1.2911063682323132,-1.7824681997299194,-0.02123740315437317,0.9341548085212708,1.4775443077087402,2.8028306722641125,1.4987817108631134,0.8142050504684448,0.5966811055145161,0.7314453125,175.60641479492188,7.503836154937744,11984.0,1.6138204336166382,1.4672400951385498,3715.6250723240823,944.8351637499467,22.31007093121426,4.2623348258109,0.7976411860298307,0.020178778352270003,0.7084518409930954,0.010406815506578794,0.6439056214589943,0.08912960280446203,0.5020123128154942,0.014770496868876447,0.060546875,0.04925537109375,0.0260009765625,0.0208740234375,0.0162353515625,0.017578125,0.02374267578125,0.029541015625,0.03759765625,0.03173828125,0.01983642578125,0.0172119140625,0.01708984375,0.0211181640625,0.0264892578125,0.0504150390625,0.10369873046875,0.4310302734375,2.200612316577007,0.0137939453125,0.016357421875,0.0093994140625,0.00616455078125,0.0035400390625,0.00543212890625,0.00457763671875,0.00384521484375,0.00323486328125,0.018798828125,0.00341796875,0.018310546875,0.0035400390625,0.00311279296875,0.0045166015625,0.0040283203125,0.79461669921875,0.08331298828125,0.9561219065224972,11859.0,2415.1088732276003,0.025549623573643907,0.28866167976147683,0.7373624323820183,148.30085588230168,141.9878611345579,0.72381591796875,19850922,1.3.6.1.4.1.14519.5.2.1.7695.1700.158605260080456889561783546382,C:\Users\ferra\Documents\breast_cancer_nac\data\raw\ISPY1\manifest-PyHQgfru6393647793776378748\ISPY1\ISPY1_1036\09-22-1985-570317-MR BREAS UNIT-53965\4.000000-Dynamic-3dfgre-right-46382,Dynamic-3dfgre-right,180,True,T0,2009-09-03 00:00:00,38.27,1,0,0,0,1,2,HER2pos,0,2,101,100,,83,0,,,,,,,,,,,,,,,,,,,,,,,,,,,,,,,,,,,,,,,,,,,,,,,,,,
1037,-1.1979646503714747,0.855969565875807,1.0357113164993368,0.47658043558563046,-2.14509654045105,-1.7614883184432983,-1.4476271867752075,-0.7850314378738403,0.22048674523830414,0.976456880569458,-0.789328302200083,0.5889989911793665,1.2269736590227949,1.465769535239529,-1.4690361022949219,-1.1988216638565063,-0.8948303461074829,-0.5739506483078003,0.06217927113175392,0.624871015548706,0.3960661546884694,0.9422648206576462,0.6271241335070213,0.14930054683872473,-0.8107752203941345,-0.3782769739627838,0.34255343675613403,0.9192177653312683,1.6662601232528687,1.2974947392940521,0.64571745100492,6.254870386491903,64.93058386098785,5135.278926978817,0.0,0.17457715421915054,0.37735724449157715,0.5801030993461609,0.9030057728290563,0.40552594512701035,0.40863634810477834,0.8686787270178137,-1.860446391184788,3.720934854626506,-0.6677596449851986,0.3253059834241867,0.6370194852352142,0.8420108556747437,1.0818645358085637,0.516704872250557,0.4086363613605499,-2.9008468593569554,0.59930419921875,571.0550537109375,1.1914955377578735,9819.0,6.347509384155273,-0.19175994396209717,640.2570539855051,517.7069383087218,11.963626682462769,4.922945812854897,0.22007199205660122,0.0535426293121425,0.04286905807597093,0.004835173397741226,0.904024479952202,0.07757377221166568,0.0018611350421071926,0.00042649053795600897,0.02667236328125,0.02410888671875,0.02911376953125,0.0335693359375,0.03082275390625,0.03741455078125,0.0535888671875,0.099365234375,0.1700439453125,0.109130859375,0.0511474609375,0.03668212890625,0.03228759765625,0.0277099609375,0.02386474609375,0.021484375,0.04779052734375,0.14520263671875,2.6434989978709513,0.0335693359375,0.02252197265625,0.0286865234375,0.03192138671875,0.030517578125,0.0408935546875,0.054443359375,0.089599609375,0.1363525390625,0.09918212890625,0.051025390625,0.04010009765625,0.03265380859375,0.028076171875,0.0255126953125,0.01617431640625,0.07318115234375,0.16558837890625,2.6661589198343396,8644.0,1553.507755419574,0.04500883489451051,0.6625954530952942,0.6976030990234848,157.4574843564361,117.93210983940241,0.6139204545454545,,,,,,,,,,,,,,,,,,,,,,,,,,,,,,,,,,,,,,,,,,,,,,,,,,,,,,,,,,,,,,,,,,,,,,,,,
1038,-1.988523971918914,0.6785390173066865,1.3659566001648225,1.723986601360445,-2.7356433868408203,-2.39516544342041,-2.162505626678467,-1.7766306400299072,-0.9197612404823303,0.6185348033905029,-1.5218613419324072,0.5507756288376022,0.8678409375525373,0.3012785317804245,-2.2106640338897705,-1.862635850906372,-1.647491216659546,-1.2551686763763428,-0.6413737535476685,0.6074671745300293,-0.168677419424057,0.0,,,-0.168677419424057,-0.168677419424057,-0.168677419424057,-0.168677419424057,-0.168677419424057,0.0,0.2913570687211662,0.22698754392518883,2.000223290019561,7.917141183952175,0.0,0.18796306848526,0.23801937699317932,0.36090368032455444,0.5784833550453187,0.17294061183929443,0.46666263010502007,0.5093097852100685,-0.9159430057040376,6.806142312523242,-0.048969674110412344,0.36004209518432617,0.5239157676696777,0.6337785720825195,0.8925858318805695,0.27373647689819336,0.4666626453399658,-2.8996984853220824,0.3428955078125,2.496609926223755,0.7207089066505432,5618.0,0.14914411306381226,-0.206366166472435,490.7804754510375,406.68173068520605,11.215547601696427,4.909530858934158,0.20426178891542066,0.05763725134188402,0.03793996904451149,0.005643891553120246,0.940107439853588,0.04968802520779092,0.0014712947629618722,0.0004300999682573546,0.0291748046875,0.02520751953125,0.03118896484375,0.03240966796875,0.0294189453125,0.0355224609375,0.0556640625,0.09033203125,0.1553955078125,0.10223388671875,0.0535888671875,0.03619384765625,0.02569580078125,0.02947998046875,0.03009033203125,0.0205078125,0.05792236328125,0.15997314453125,2.65613241614618,0.030517578125,0.0238037109375,0.0299072265625,0.03411865234375,0.0330810546875,0.03851318359375,0.0457763671875,0.09039306640625,0.1551513671875,0.09503173828125,0.0450439453125,0.0361328125,0.029541015625,0.028076171875,0.02825927734375,0.02154541015625,0.0765380859375,0.1585693359375,2.66121793610908,3381.0,559.5046173579947,0.1357211981418684,0.9525327639674315,0.791988756148981,128.17527367665866,39.02117929470366,0.57421875,19851003,1.3.6.1.4.1.14519.5.2.1.7695.1700.400677327627324790547773000905,C:\Users\ferra\Documents\breast_cancer_nac\data\raw\ISPY1\manifest-PyHQgfru6393647793776378748\ISPY1\ISPY1_1038\10-03-1985-506127-MRI RESEARCH GRANT-91092\7.000000-RT IR-SPGR SAG POST-00905,RT IR-SPGR SAG POST,180,True,T0,2009-09-03 00:00:00,37.81,3,0,0,0,0,3,TripleNeg,0,2,36,36,26,22,0,,,,,,,,,,,,,,,,,,,,,,,,,,,,,,,,,,,,,,,,,,,,,,,,,,
1039,-0.5835673006188244,1.3552046176802202,0.009793280286579489,-0.657167390738326,-2.5656962394714355,-1.5927799940109253,-0.5450236797332764,0.3530527651309967,1.1014500856399536,1.945832759141922,0.16909883256312241,1.2159270639797521,1.7082442064919656,2.4022282721984087,-0.7524210214614868,-0.6792359948158264,-0.313310831785202,0.49172443151474,2.0286099910736084,1.1709604263305664,0.0252870717970346,1.1022992841485415,6.564342355194784,45.34222879722506,-0.16955004781484603,-0.16926172375679016,-0.16926172375679016,-0.16926172375679016,-0.15824904590845107,0.0,6.962564172792412,298.6425239393486,116.03945977971084,14190.615809528948,0.0,0.0,0.7404434680938721,1.5671617686748505,3.331654548645022,1.5671617686748505,0.7526661331869491,1.9910865294531588,0.44199760555850687,-0.04293820909852508,-1.6675992012023926,-0.7761411666870117,0.5959833264350891,2.0411038398742676,3.256126642227175,2.8172450065612793,0.752666175365448,0.19106948892884548,0.57183837890625,36864.734375,5.440082550048828,9369.0,0.05516904219985008,0.38005417585372925,2059.9392363610054,480.0892839423221,29.019953068728814,4.136319423179722,0.13752414108216823,0.014343987303820884,0.0887843418814714,0.004318125238631201,0.6785193780805524,0.07478548639464093,0.0079013055689025,0.0007781846997199366,0.0797119140625,0.05413818359375,0.0372314453125,0.021240234375,0.0167236328125,0.01568603515625,0.015625,0.0228271484375,0.0233154296875,0.0279541015625,0.018798828125,0.01690673828125,0.0150146484375,0.0216064453125,0.03533935546875,0.04876708984375,0.100341796875,0.42877197265625,2.185119581637701,0.08514404296875,0.05474853515625,0.03515625,0.0235595703125,0.0120849609375,0.01116943359375,0.01031494140625,0.0096435546875,0.00958251953125,0.01715087890625,0.00836181640625,0.017822265625,0.01239013671875,0.02081298828125,0.03619384765625,0.05841064453125,0.1573486328125,0.42010498046875,2.0726744622980666,6614.0,2073.900720425888,0.01932404898268287,0.8445154085836034,0.6256148316307226,155.7381778512848,83.4026617754769,0.406865157480315,,,,,,,,,,,,,,,,,,,,,,,,,,,,,,,,,,,,,,,,,,,,,,,,,,,,,,,,,,,,,,,,,,,,,,,,,
1040,-1.395087138015981,1.248659687403734,1.1539032942103902,0.36263287014179824,-2.526763677597046,-2.388695478439331,-1.8364218473434448,-0.7318745255470276,0.6488098502159119,1.6568209528923035,-0.4201289546381872,0.4015672703846116,5.802335112051451,37.926661736266475,-0.5194106101989746,-0.5194106101989746,-0.5194106101989746,-0.5194106101989746,-0.3127799928188324,0.0,-0.31455935360969534,0.26531949798745075,12.026974843487983,156.56129331394467,-0.3409487038850784,-0.34092986583709717,-0.34092986583709717,-0.34092986583709717,-0.340891370177269,0.0,0.8531128461324329,5.535790530611106,75.38084375893754,6244.192867902725,0.0,0.6626142859458923,0.8842187225818634,0.9147566556930542,0.9200300574302673,0.25214236974716187,0.9749581833539196,1.142769780567746,-1.1925795408788666,0.7217221172678583,-0.7324196696281433,0.3505322337150574,1.3630340099334717,1.8692848682403564,2.0073530673980713,1.518752634525299,0.9749581813812256,-0.10828103183585412,0.79534912109375,481.2991638183594,0.9231973886489868,13031.0,0.97828608751297,0.2863021492958069,1336.0084905488059,316.01388588305815,11.130520000017334,1.8117464775285739,0.7622772826939653,0.012465725093769092,0.7439736129561793,0.008256984670367055,0.4777121477832169,0.12128860346016603,0.5535649145709175,0.01230899274865683,0.07806396484375,0.05078125,0.03558349609375,0.02166748046875,0.015380859375,0.01654052734375,0.01739501953125,0.0230712890625,0.0294189453125,0.02734375,0.01470947265625,0.01556396484375,0.0152587890625,0.02166748046875,0.0333251953125,0.05120849609375,0.0994873046875,0.43353271484375,2.1749507700567063,0.020751953125,0.01361083984375,0.0101318359375,0.00604248046875,0.0037841796875,0.00482177734375,0.0047607421875,0.0032958984375,0.00323486328125,0.03216552734375,0.0023193359375,0.03240966796875,0.00421142578125,0.01287841796875,0.0234375,0.0262451171875,0.6766357421875,0.1192626953125,1.3422166325167018,12701.0,1710.383909759073,0.0545582680781935,0.2517341037022092,0.77520751953125,159.5731349903894,154.4343112837379,0.77520751953125,,,,,,,,,,,,,,,,,,,,,,,,,,,,,,,,,,,,,,,,,,,,,,,,,,,,,,,,,,,,,,,,,,,,,,,,,
1041,-0.6569351194263504,1.2303226277429409,1.519635730204639,1.1005953367011028,-1.597342848777771,-1.5276769399642944,-1.1445139646530151,-0.37818825244903564,1.5027930736541748,1.1494886875152588,0.01208633049236596,1.0068908966903765,4.19336607480643,16.375342802886774,-0.26270925998687744,-0.26270925998687744,-0.26270925998687744,-0.26270925998687744,0.402074933052063,0.0,0.035422725646025555,1.0638609856967969,3.3591516770429855,9.288733462179783,-0.2587570548057556,-0.2587570548057556,-0.2587570548057556,-0.2587570548057556,-0.2587217688560486,0.0,1.069445004517263,6.393087361129036,66.84230936881163,5512.6014519781875,0.0,0.34160320460796356,0.9955369234085083,0.9968845844268799,0.9971216917037964,0.6552813798189163,0.6690214426080274,1.4935943406072876,0.17730781093959289,3.3166836843998695,-1.452005386352539,0.28964394330978394,0.9514707326889038,1.2998006343841553,1.4391326904296875,1.0101566910743713,0.6690214276313782,-0.03488132416328674,0.772216796875,604.065673828125,0.997260570526123,12652.0,1.5129077434539795,0.562463641166687,919.9745782927411,286.92935056652914,5.246907978804264,1.3197779335027198,0.9468192684570943,0.010573388800685759,0.8566826284825134,0.0036466018658196982,0.8287268454780583,0.05263491042118553,0.7339184236488757,0.006246445227307791,0.06298828125,0.046875,0.021728515625,0.01898193359375,0.01556396484375,0.01934814453125,0.0247802734375,0.03680419921875,0.0411376953125,0.0357666015625,0.021728515625,0.0184326171875,0.015625,0.01904296875,0.0269775390625,0.056396484375,0.120361328125,0.3974609375,2.25911668774224,0.003662109375,0.00335693359375,0.001953125,0.0010986328125,0.00103759765625,0.00152587890625,0.0025634765625,0.00335693359375,0.00213623046875,0.017822265625,0.00250244140625,0.01812744140625,0.00244140625,0.001708984375,0.0023193359375,0.00177001953125,0.921142578125,0.011474609375,0.46114909195546216,12566.0,1877.6336931211285,0.04479042462827188,0.4290416581658368,0.7669677734375,155.99942838281814,140.91189741132223,0.7669677734375,19851106,1.3.6.1.4.1.14519.5.2.1.7695.1700.334680376380845296416824459800,C:\Users\ferra\Documents\breast_cancer_nac\data\raw\ISPY1\manifest-PyHQgfru6393647793776378748\ISPY1\ISPY1_1041\11-06-1985-910137-MR BREASTUNI UE-96104\5.000000-Dynamic-3dfgre-59800,Dynamic-3dfgre,180,True,T0,2009-09-03 00:00:00,46.64,1,1,1,1,1,2,HER2pos,0,1,90,86,86,53,0,,,,,,,,,,,,,,,,,,,,,,,,,,,,,,,,,,,,,,,,,,,,,,,,,,
1042,-1.017035687437101,1.2896185192935692,1.0807019450650834,0.31127968297124564,-2.2686398029327393,-2.0259039402008057,-1.394790530204773,-0.32675251364707947,0.9840214848518372,1.6991514265537262,-0.15852641568972103,0.8310228538017677,2.9901712343333884,7.862694554076686,-0.4432132840156555,-0.4432132840156555,-0.4432132840156555,-0.4432132840156555,0.7067902088165283,0.0,0.030383150865965547,1.1544800085557207,8.115996671901478,64.24274778195625,-0.11350987106561661,-0.11350987106561661,-0.11350987106561661,-0.11350987106561661,-0.11350987106561661,0.0,0.788660847691304,2.603149874219001,30.579678927400632,1169.0304947337695,0.0,0.403869092464447,0.7689403295516968,0.835926353931427,0.853609561920166,0.43205726146698,0.8585092896479409,1.0517296416394613,-1.2458051959472123,1.8039087679287915,-0.4973868727684021,0.32046377658843994,1.0972187519073486,1.6312377452850342,1.8739738464355469,1.3107739686965942,0.8585093021392822,-0.22004340561658198,0.7635498046875,131.8353729248047,0.9828664660453796,12510.0,-0.10581261664628983,0.33386126160621643,2303.0645902771703,632.7526358165375,16.689172528092637,3.0742747534557813,0.7645287354011697,0.014048264065518772,0.740896900154867,0.007122831372972269,0.6423482152710337,0.09669267032854971,0.5489789513858586,0.010583791223114088,0.0689697265625,0.0467529296875,0.040771484375,0.02874755859375,0.023681640625,0.02154541015625,0.02728271484375,0.031494140625,0.035888671875,0.03363037109375,0.023193359375,0.02227783203125,0.02105712890625,0.02716064453125,0.0361328125,0.04534912109375,0.0965576171875,0.3695068359375,2.3772197521410674,0.01641845703125,0.0145263671875,0.01068115234375,0.00787353515625,0.00518798828125,0.006103515625,0.0052490234375,0.00469970703125,0.00311279296875,0.02587890625,0.004150390625,0.02606201171875,0.00762939453125,0.0220947265625,0.0230712890625,0.02093505859375,0.65924072265625,0.1370849609375,1.3934978793364805,11792.0,1809.4844148224615,0.045257195785903474,0.3768401305635109,0.7253937007874016,157.99036160169064,146.343045858816,0.7253937007874016,,,,,,,,,,,,,,,,,,,,,,,,,,,,,,,,,,,,,,,,,,,,,,,,,,,,,,,,,,,,,,,,,,,,,,,,,
1043,-1.240887685526701,1.27664433498238,0.8980714854927826,-0.004074124364710219,-2.5119452476501465,-2.3623335361480713,-1.6142752170562744,-0.37997934222221375,0.6298992037773132,1.9823541939258575,-0.299397687317537,0.7876058822020514,3.0218309961934025,8.460356427286117,-0.5906015038490295,-0.5906015038490295,-0.5906015038490295,-0.5906015038490295,0.4525822699069977,0.0,-0.1389088019504099,0.7296121622652356,5.2959105354657625,26.44865075892128,-0.2754592299461365,-0.27545851469039917,-0.27545851469039917,-0.27545851469039917,-0.27542184591293334,0.0,1.2239925725937755,27.744486540857444,98.27661788355933,11000.165014241784,0.0,0.3200092539191246,0.7984026670455933,0.8516466617584229,0.8636504411697388,0.5316374078392982,0.9414900237455868,1.024125393981644,-0.8548952127970938,0.2002208270464818,-0.45014137029647827,0.16340696811676025,1.285494089126587,1.8091349601745605,1.9587466716766357,1.6457279920578003,0.9414900541305542,-0.17046248375742598,0.75189208984375,3209.268798828125,0.871548593044281,12319.0,0.41478610038757324,0.36853766441345215,2192.2178306087435,758.7675592992425,17.468574374039907,4.045072929108986,0.6526550710290319,0.025824669550916238,0.6204597522866463,0.020807383701295142,0.6331817260078193,0.12505037258586593,0.3854032514240995,0.02615509749512803,0.0714111328125,0.04547119140625,0.0382080078125,0.03076171875,0.02325439453125,0.02069091796875,0.024169921875,0.04010009765625,0.0467529296875,0.04180908203125,0.02392578125,0.01934814453125,0.0185546875,0.02294921875,0.034912109375,0.0435791015625,0.090087890625,0.364013671875,2.3880229707178824,0.024658203125,0.01776123046875,0.0152587890625,0.0123291015625,0.0093994140625,0.01068115234375,0.0101318359375,0.01025390625,0.01043701171875,0.04083251953125,0.00738525390625,0.04010009765625,0.00665283203125,0.01934814453125,0.02398681640625,0.02667236328125,0.51873779296875,0.19537353515625,1.7654833839094906,11870.0,2351.1961389616426,0.026982542091218385,0.371109887455357,0.7308213274227312,161.3246967216959,149.8043318993267,0.7244873046875,19851120,1.3.6.1.4.1.14519.5.2.1.7695.1700.160056572628315924433576045177,C:\Users\ferra\Documents\breast_cancer_nac\data\raw\ISPY1\manifest-PyHQgfru6393647793776378748\ISPY1\ISPY1_1043\11-20-1985-987142-HUP5 PROTOCOLSBREAST-65972\5.000000-sagfatsat post needle-45177,sag_fatsat (post needle),19,True,T0,2009-09-03 00:00:00,38.88,1,0,1,1,1,2,HER2pos,0,2,138,146,141,39,0,,,,,,,,,,,,,,,,,,,,,,,,,,,,,,,,,,,,,,,,,,,,,,,,,,
1045,-1.39716079116603,1.1376364634122627,0.22945015070477576,-0.8696001468801513,-2.893415689468384,-2.356889486312866,-1.4984471797943115,-0.532699704170227,0.11113196611404419,1.8241897821426392,-0.37984037448063646,0.5323776420839046,5.271413730532458,30.129020608694333,-0.5048651695251465,-0.5048651695251465,-0.5048651695251465,-0.5048651695251465,-0.3178473114967346,0.0,-0.09735841285582225,0.7227382019120976,6.832395782213046,45.17647617457462,-0.20183396339416504,-0.20183396339416504,-0.20183396339416504,-0.20183396339416504,-0.20183396339416504,0.0,1.0135862391105768,10.726105323339764,65.07414033695453,5387.185740324343,0.0,0.30841726064682007,0.7841527462005615,0.8660549521446228,0.8917312026023865,0.5576376914978027,1.0173204170087047,1.046807364002265,-0.16187819944666548,-0.8408955101590854,-0.3737938404083252,0.1801058053970337,1.0620535016059875,1.8520243167877197,2.3885505199432373,1.671918511390686,1.0173203945159912,-0.2776722970003579,0.77099609375,1008.8661499023438,0.8994417190551758,12632.0,0.18667003512382507,-0.7548407316207886,1007.4589186825946,258.915140440457,9.7973962697348,1.671258220211572,0.7553484916554073,0.013923133823818408,0.740242691854271,0.010570647310431287,0.5526092524086227,0.11323516521290727,0.5480709814282189,0.015683502123479482,0.07366943359375,0.05078125,0.03704833984375,0.02606201171875,0.023193359375,0.021240234375,0.02099609375,0.02960205078125,0.02789306640625,0.03363037109375,0.02239990234375,0.02093505859375,0.019775390625,0.0255126953125,0.0347900390625,0.04058837890625,0.1014404296875,0.39044189453125,2.312397660162656,0.02435302734375,0.0162353515625,0.010498046875,0.00787353515625,0.005615234375,0.00518798828125,0.00372314453125,0.0035400390625,0.00146484375,0.02880859375,0.0030517578125,0.03179931640625,0.008544921875,0.02813720703125,0.037109375,0.03857421875,0.59063720703125,0.15484619140625,1.5684084321564347,11946.0,2781.4297244015215,0.01940422006565933,0.25193186067609674,0.7291259765625,157.6374280190139,152.5528289137641,0.7291259765625,19851125,1.3.6.1.4.1.14519.5.2.1.7695.1700.299009369672458925645773394109,C:\Users\ferra\Documents\breast_cancer_nac\data\raw\ISPY1\manifest-PyHQgfru6393647793776378748\ISPY1\ISPY1_1045\11-25-1985-154976-MRI BR BILAT WWO CONTRAST-92762\10.000000-T1 left breast post delay-94109,T1 left breast post delay,46,True,T0,2009-09-03 00:00:00,49.58,3,0,0,0,0,3,TripleNeg,0,1,120,42,96,30,1,,,,,,,,,,,,,,,,,,,,,,,,,,,,,,,,,,,,,,,,,,,,,,,,,,
1046,-1.0255154037029115,1.3915017618134473,0.9065913431713296,-0.3503054510241168,-2.361604690551758,-2.157726764678955,-1.5460928678512573,-0.11894723027944565,1.240238904953003,2.0387795343995094,-0.26462374668357214,0.8443857232692574,2.8316092790423286,8.212373885794007,-0.6790057420730591,-0.6450204849243164,-0.6450204849243164,-0.271182656288147,0.6464192271232605,0.37383782863616943,-0.08426952384284903,0.6138776028314862,8.749042065052805,83.97178667704574,-0.1694544106721878,-0.16945095360279083,-0.16945095360279083,-0.16945095360279083,-0.16941652446985245,0.0,1.0963086091455807,8.135881317061214,54.225831520501664,3759.7929821058315,0.0,0.0,0.7523479461669922,0.7895812392234802,1.4325371980667114,0.7895812392234802,0.7608916571200552,1.4122312865008972,-0.6415966814882479,0.5410293751443018,-1.4435376167297362,-0.01640915870666504,1.2751508951187134,1.6486248970031738,1.8525028228759766,1.6650340557098389,0.7608916759490967,-0.23702979836347263,0.723876953125,683.0609741210938,2.5107526779174805,11860.0,-1.135553240776062,0.2729892134666443,1876.3183296886891,483.0942245280248,21.849611993198195,3.482750426110783,0.38123669386443404,0.01771793175341907,0.3397681970303445,0.009673910507355712,0.5938437198924733,0.1038030462130646,0.1155360122577553,0.0066296621280910704,0.07354736328125,0.05206298828125,0.0330810546875,0.0230712890625,0.01702880859375,0.01995849609375,0.02081298828125,0.030029296875,0.03643798828125,0.03485107421875,0.02032470703125,0.01776123046875,0.01531982421875,0.021728515625,0.0321044921875,0.0489501953125,0.098388671875,0.404541015625,2.266852305745394,0.05499267578125,0.03399658203125,0.02593994140625,0.01776123046875,0.01336669921875,0.01348876953125,0.0111083984375,0.0106201171875,0.00885009765625,0.0247802734375,0.00921630859375,0.0255126953125,0.0118408203125,0.0235595703125,0.037841796875,0.05108642578125,0.302001953125,0.32403564453125,2.0684810338233848,11540.0,2599.3220766631966,0.021463249896914716,0.43439977227389315,0.704345703125,161.74081213344462,145.68321298624494,0.704345703125,,,,,,,,,,,,,,,,,,,,,,,,,,,,,,,,,,,,,,,,,,,,,,,,,,,,,,,,,,,,,,,,,,,,,,,,,
1047,-1.29651440130327,1.2956283214604674,1.2698390078492396,0.6528958450334654,-2.3895695209503174,-2.2684993743896484,-1.8598881959915161,-0.6643219590187073,0.7885178923606873,1.6041774153709412,-0.3017520541812928,0.7045265930382063,3.221246703302911,9.908006406086315,-0.5428295135498047,-0.5428295135498047,-0.5428295135498047,-0.5428295135498047,0.403838187456131,0.0,-0.05687778319804693,0.7787688584380021,11.179573053485099,122.9908394277695,-0.12611940503120422,-0.12611940503120422,-0.12611940503120422,-0.12611940503120422,-0.12611940503120422,0.0,0.695378874655777,2.5381209068402497,55.98878041388028,3660.6212041031254,0.0,0.4444414973258972,0.7697014212608337,0.8082013130187988,0.8183251023292542,0.3637598156929016,0.9947623477360139,0.9522649417321336,-1.1106439833955024,0.6561039992557962,-0.42332255840301514,0.3938998579978943,1.3624600172042847,1.7559373378753662,1.871475863456727,1.362037479877472,0.9947623610496521,-0.24616332231081656,0.78125,198.4195556640625,0.8252432942390442,12800.0,-0.052422039210796356,-0.10082715004682541,1412.5419777017241,465.13584464759896,12.676599821966443,2.6089370711678423,0.772896882104905,0.01369742926877613,0.7544214146591722,0.007426878396226068,0.7162031506393932,0.09196582909267087,0.5692068294190591,0.011245988861776707,0.06549072265625,0.0467529296875,0.04046630859375,0.02960205078125,0.0208740234375,0.02197265625,0.02435302734375,0.03448486328125,0.0452880859375,0.038330078125,0.02630615234375,0.0238037109375,0.02154541015625,0.0272216796875,0.0338134765625,0.04473876953125,0.08843994140625,0.36651611328125,2.3934630628251865,0.01519775390625,0.01251220703125,0.00982666015625,0.00689697265625,0.00604248046875,0.0068359375,0.00634765625,0.00653076171875,0.00494384765625,0.0279541015625,0.004638671875,0.030029296875,0.00628662109375,0.02105712890625,0.018798828125,0.01910400390625,0.67572021484375,0.12127685546875,1.368742283076886,12106.0,1462.3056992722713,0.07114332983679253,0.16341586500503053,0.7447096456692913,162.30231518852165,160.120529651276,0.7447096456692913,,,,,,,,,,,,,,,,,,,,,,,,,,,,,,,,,,,,,,,,,,,,,,,,,,,,,,,,,,,,,,,,,,,,,,,,,
1048,-1.0238795113971264,0.898810216307445,1.4222986449826813,1.353697744465907,-1.8384689092636108,-1.6459705829620361,-1.3893060684204102,-0.6834787130355835,0.47151148319244385,0.9624918699264526,-0.08226233052835141,1.0019325627776605,2.4373543622413134,4.365138401218758,-0.4640035629272461,-0.4640035629272461,-0.4640035629272461,-0.4640035629272461,1.5580518245697021,0.0,0.14080164759181457,1.2629538902719448,2.885345477869073,6.574478483308582,-0.22079383432865143,-0.2183523327112198,-0.2183523327112198,-0.2183523029088974,0.08399088606238617,2.9802322387695312e-08,1.1817681588928082,8.140274834513146,47.137729617113905,2752.167939366988,0.1300824955105784,0.6596633195877075,0.8011108040809631,0.835330069065094,0.8734370291233062,0.17566674947738647,0.9416171811470804,0.7136264744179943,-0.5260918974112699,3.5315405618041993,0.09114289283752441,0.6686379909515381,0.9894685745239258,1.2525261640548706,1.5669636726379395,0.5838881731033325,0.9416171908378601,-0.23689430880181164,0.87158203125,547.5778198242188,1.700276255607605,14280.0,-0.21852803230285645,1.355268955230713,3418.5846530197255,992.5098721851325,20.961791976135164,4.461020303234814,0.7296680597246307,0.018540887179341967,0.6795287241758013,0.012476179492742382,0.6492262969381195,0.10055661924033824,0.4619149420347273,0.01715166950153219,0.0758056640625,0.04486083984375,0.0394287109375,0.031494140625,0.0244140625,0.025146484375,0.02490234375,0.03192138671875,0.03851318359375,0.03173828125,0.024169921875,0.02178955078125,0.019775390625,0.0283203125,0.0364990234375,0.03961181640625,0.09686279296875,0.36474609375,2.385856028945722,0.0152587890625,0.01336669921875,0.01239013671875,0.0091552734375,0.005615234375,0.00946044921875,0.00982666015625,0.00921630859375,0.006591796875,0.031005859375,0.00726318359375,0.03350830078125,0.0096435546875,0.02313232421875,0.032958984375,0.02777099609375,0.572998046875,0.17083740234375,1.6358831675523327,14264.0,3212.384089227822,0.017369857748701083,0.22033327848020937,0.87060546875,152.14548856716007,148.4064598229065,0.87060546875,19851226,1.3.6.1.4.1.14519.5.2.1.7695.1700.299297212349852008638802545188,C:\Users\ferra\Documents\breast_cancer_nac\data\raw\ISPY1\manifest-PyHQgfru6393647793776378748\ISPY1\ISPY1_1048\12-26-1985-367460-MRI BR BILAT WWO CONTRAST-31103\8.000000-T1 Axial breast post-45188,T1 Axial breast post,86,True,T0,2009-09-03 00:00:00,52.32,1,1,1,1,0,1,HRposHER2neg,0,2,120,91,85,45,0,,,,,,,,,,,,,,,,,,,,,,,,,,,,,,,,,,,,,,,,,,,,,,,,,,
1049,-0.5528124897423794,1.1237823961009668,0.8857564067681911,-0.3301437017723883,-1.7155005931854248,-1.3422313928604126,-1.0311737060546875,0.23638620972633362,1.223994255065918,1.5786176025867462,-0.6175926240557459,0.5751060439726128,1.1920520312768772,1.4858715540306218,-1.2417469024658203,-1.114294171333313,-0.674582302570343,-0.3559504747390747,0.11562460660934448,0.7583436965942383,-0.08168818610099748,0.6551355344983378,0.9588865498606833,0.5116151899025603,-0.8469103574752808,-0.6174664497375488,-0.16513410210609436,0.22164282202720642,0.896863579750061,0.8391092717647552,2.393684362219018,189.75128101884135,127.44121363392955,16284.25833529366,0.0,0.0,0.4394466131925583,0.8063564896583557,1.556427383422852,0.8063564896583557,-0.06478013473758892,1.2270632216485837,-1.382378667267546,0.9218343905778843,-2.283587598800659,-0.351307712495327,0.3886667788028717,0.7083822786808014,0.984469497203827,1.0596899911761284,-0.06478014588356018,8.272793038505757,0.5914306640625,24254.61328125,2.0663726329803467,9690.0,0.22539931535720825,-0.8051203489303589,652.8263974747832,546.2903114776805,12.705334902265646,5.484074419637172,0.19724149597536908,0.05306595547509726,0.04675363477174497,0.005182723967588312,0.9096108177226246,0.07569099894104714,0.002212762992093935,0.0005185728132480566,0.03125,0.02191162109375,0.0321044921875,0.0338134765625,0.03485107421875,0.04449462890625,0.0538330078125,0.092529296875,0.13916015625,0.09393310546875,0.05633544921875,0.0435791015625,0.0355224609375,0.03472900390625,0.0321044921875,0.01837158203125,0.0516357421875,0.14984130859375,2.7016604586221398,0.03240966796875,0.02618408203125,0.03216552734375,0.0306396484375,0.0286865234375,0.0389404296875,0.052978515625,0.0889892578125,0.146240234375,0.08966064453125,0.0439453125,0.03424072265625,0.02752685546875,0.026611328125,0.0218505859375,0.01885986328125,0.0831298828125,0.17694091796875,2.640338712948967,8789.0,1490.3361825443205,0.0497256922294577,0.7654494459630093,0.7478090700246746,151.10177510363758,97.23339299795009,0.6357783564814815,,,,,,,,,,,,,,,,,,,,,,,,,,,,,,,,,,,,,,,,,,,,,,,,,,,,,,,,,,,,,,,,,,,,,,,,,
1051,-0.9677245637881242,0.9587801923721683,1.6958217007408107,2.3553448199896376,-1.74039888381958,-1.6441044807434082,-1.307073950767517,-0.6811597943305969,0.47437378764152527,0.9629446864128113,0.3126338345630302,1.4188579802207766,2.4495087310692587,4.961351789209691,-0.30461585521698,-0.30461585521698,-0.30461585521698,-0.23457185924053192,2.2169673442840576,0.07004399597644806,0.2792569194650296,1.7215401650009898,3.9414947569074745,13.683157756188876,-0.14398578703403472,-0.14397358894348145,-0.14397358894348145,-0.14397358894348145,-0.1409137710928917,0.0,2.00188526725708,59.422909556341615,90.07299544286305,8822.026243109856,0.0,0.7255529761314392,0.8673738241195679,0.8993732333183289,1.8471147179603584,0.17382025718688965,1.280358397283635,1.719474836284055,1.2568101194184786,2.7586380878670944,-0.4361329436302177,0.5691328644752502,1.1950469017028809,1.4357830286026,3.400100421905521,0.8666501641273499,1.2803584337234497,0.02606838475409857,0.8424072265625,6336.38037109375,2.8410279750823975,13802.0,0.41247695684432983,1.1754772663116455,1789.0591931634062,557.629606076844,15.44647775359588,3.1585605706587807,0.7054570135300633,0.013641903989106353,0.6569404323872597,0.007590407339786285,0.789179854827026,0.06472773038231977,0.4316283459887437,0.010021701548750693,0.0762939453125,0.06011962890625,0.02789306640625,0.01470947265625,0.0137939453125,0.01495361328125,0.01788330078125,0.02264404296875,0.02972412109375,0.02728271484375,0.01171875,0.0091552734375,0.01055908203125,0.013427734375,0.026123046875,0.06024169921875,0.1024169921875,0.4610595703125,2.0654639035064215,0.02142333984375,0.01263427734375,0.0120849609375,0.0108642578125,0.00732421875,0.00799560546875,0.00830078125,0.0096435546875,0.00787353515625,0.0372314453125,0.00738525390625,0.0399169921875,0.01068115234375,0.02166748046875,0.0283203125,0.02435302734375,0.58758544921875,0.14471435546875,1.6397660711633972,13713.0,2041.3799051457163,0.04135182386326909,0.1771702743806338,0.83697509765625,152.08806846076314,149.68206778363026,0.83697509765625,19860102,1.3.6.1.4.1.14519.5.2.1.7695.1700.158167564956224446228560236140,C:\Users\ferra\Documents\breast_cancer_nac\data\raw\ISPY1\manifest-PyHQgfru6393647793776378748\ISPY1\ISPY1_1051\01-02-1986-334748-MR BREASTUNI UE-18576\5.000000-Dynamic-3dfgre-36140,Dynamic-3dfgre,180,True,T0,2009-09-03 00:00:00,48.8,1,1,1,1,0,1,HRposHER2neg,0,2,102,,87,79,1,,,,,,,,,,,,,,,,,,,,,,,,,,,,,,,,,,,,,,,,,,,,,,,,,,
1053,-0.6632464364465704,1.3779931315959322,0.6629930231330445,-0.7022210270819245,-2.179030656814575,-1.8368618488311768,-1.0156569480895996,0.2845844626426697,1.5848256349563599,2.1214463114738464,-0.25114089437636267,0.9955555347718699,1.3327535906245576,0.9867097218913128,-1.0269858837127686,-1.0269858837127686,-0.6623013019561768,0.24941003322601318,1.306995153427124,1.2763959169387817,-0.0670997821476309,0.5426246336449131,20.1060493484582,424.95006379976974,-0.10085074901580811,-0.1008472815155983,-0.1008472815155983,-0.1008472815155983,-0.10084255412220955,0.0,1.341716011740857,4.776874033798671,21.455177897045232,919.5675389096473,0.0,0.0,0.5229322910308838,1.0991733074188232,2.909738683700563,1.0991733074188232,0.4121055443750947,1.6362078228708505,-0.3815485354918841,-0.11460273233668339,-2.1545164585113517,-0.5823120772838593,0.8495179414749146,1.288912296295166,2.235762357711792,1.8712243735790253,0.4121055006980896,-0.44658628861618166,0.6407470703125,288.6737365722656,4.3719964027404785,10498.0,0.23150569200515747,0.49867314100265503,3151.7795261803094,740.3215179611465,35.26997721777587,5.19562841591376,0.24180744447749883,0.01348501703136858,0.2102386830764765,0.006740205679572015,0.5966236176927193,0.09415006392799623,0.04424573423433404,0.0028408319429604027,0.07440185546875,0.05108642578125,0.03668212890625,0.023193359375,0.01708984375,0.01873779296875,0.01947021484375,0.02520751953125,0.03070068359375,0.03057861328125,0.0205078125,0.0179443359375,0.01776123046875,0.0234375,0.032470703125,0.0482177734375,0.0953369140625,0.41717529296875,2.2386104048119284,0.066650390625,0.04522705078125,0.03009033203125,0.01910400390625,0.0133056640625,0.015380859375,0.0130615234375,0.0106201171875,0.011962890625,0.02716064453125,0.01007080078125,0.02569580078125,0.01190185546875,0.01885986328125,0.0325927734375,0.0537109375,0.233642578125,0.3609619140625,2.123234729967384,8532.0,2567.329219338133,0.01626662981975948,0.8012339250091631,0.6997457557615026,157.86828569188492,94.46068331378176,0.6059659090909091,,,,,,,,,,,,,,,,,,,,,,,,,,,,,,,,,,,,,,,,,,,,,,,,,,,,,,,,,,,,,,,,,,,,,,,,,
1054,-0.3279903123934673,1.3353304078600206,1.1789825727472725,0.6731786367637982,-1.7757234573364258,-1.1989203691482544,-0.7131915092468262,0.16719211637973785,1.8976013660430908,1.3661124855279922,0.4510728078422517,1.573568788302859,1.7720560199134603,1.466357494787819,-0.4479134976863861,-0.4479134976863861,-0.28342753648757935,0.275824636220932,4.22348690032959,0.7237381339073181,0.5697889162727137,1.8688401542752686,2.0826076236693463,2.397916366932521,-0.19986025989055634,-0.19975604116916656,-0.19975604116916656,-0.1997515745460987,5.282957553863525,4.466623067855835e-06,1.696298974188928,17.086831619699574,39.32279340692118,1953.1695038395537,0.0,0.2666067034006119,0.7589579224586487,0.9198578596115112,1.60977281332016,0.6532511562108994,0.7790631151154344,1.5506364257131222,0.3993255221902271,1.674554241666848,-0.9288092255592346,0.10333120822906494,0.7206487655639648,1.3480393588542938,2.5326225042343142,1.2447081506252289,0.7790631055831909,-0.152382984171066,0.7467041015625,1021.6723022460938,2.6268491744995117,12234.0,0.40093573927879333,1.8013858795166016,1907.4070772193627,660.6756909111052,19.552541753746322,4.024385815810854,0.3876153602159344,0.02599172946812458,0.25342208338272426,0.011711006428872834,0.8661070472325386,0.045847887102351985,0.0643599000176175,0.005984039686967754,0.05963134765625,0.05224609375,0.02886962890625,0.021240234375,0.01495361328125,0.0201416015625,0.0235595703125,0.03424072265625,0.04339599609375,0.03582763671875,0.0220947265625,0.01885986328125,0.01544189453125,0.0162353515625,0.027099609375,0.05126953125,0.11297607421875,0.40191650390625,2.2604740057297823,0.0457763671875,0.0343017578125,0.02642822265625,0.018798828125,0.01226806640625,0.013671875,0.015869140625,0.01715087890625,0.015380859375,0.03265380859375,0.0147705078125,0.02862548828125,0.014404296875,0.01983642578125,0.0362548828125,0.0474853515625,0.30584716796875,0.30047607421875,2.1430730620726157,11956.0,2827.188129734929,0.01879690527831201,0.2858380457840504,0.7608501972763141,148.128642800144,141.9484107773529,0.729736328125,,,,,,,,,,,,,,,,,,,,,,,,,,,,,,,,,,,,,,,,,,,,,,,,,,,,,,,,,,,,,,,,,,,,,,,,,
1055,-1.980096254908858,0.24474238487511413,2.3308383675488376,5.821500643801867,-2.1552727222442627,-2.1208927631378174,-2.0521323680877686,-1.9489916563034058,-1.6739500761032104,0.17190110683441162,15.144447657584351,21.436175588690986,1.458601787380994,1.2958140577945265,-0.06491855531930923,-0.06491855531930923,3.133334159851074,25.521102905273438,49.50799560546875,25.586021460592747,0.197498388974509,0.6250612477691323,-0.46400378190321384,-0.15285850399015466,-0.7020260095596313,-0.3420521318912506,0.5578823089599609,0.5578823089599609,0.5578823089599609,0.8999344408512115,10.775800221983445,15.491011345026488,1.8521533089840534,3.2097174569963594,0.7209460735321045,0.7644823789596558,2.05476450920105,16.96397590637207,34.611263275146484,16.199493527412415,17.124543885860476,21.45101566086964,1.4547054664378667,1.2891716709435643,1.677791953086853,2.0215938091278076,5.2542266845703125,27.401334762573242,51.45698547363281,25.379740953445435,17.124542236328125,0.8728378210648207,1.0,95.74140167236328,43.766666412353516,16384.0,-3.823390007019043,8.601713180541992,736.3888118488327,656.3145555327113,11.626979004679086,7.824503196510531,0.6071582617284738,0.22366182656968647,0.44073549681394475,0.016380108795742764,0.9160799634317008,0.07513250712095809,0.19451608611599505,0.014658343304793544,0.026123046875,0.01983642578125,0.0247802734375,0.02899169921875,0.02056884765625,0.03448486328125,0.0413818359375,0.0672607421875,0.07489013671875,0.07275390625,0.04693603515625,0.047607421875,0.030029296875,0.03948974609375,0.03167724609375,0.0179443359375,0.18194580078125,0.19329833984375,2.592010733854867,0.00164794921875,0.00146484375,0.003173828125,0.00146484375,0.0001220703125,0.0020751953125,0.00201416015625,0.00048828125,0.00042724609375,0.2174072265625,0.00091552734375,0.01593017578125,0.000732421875,0.000732421875,0.00030517578125,0.000244140625,0.52056884765625,0.23028564453125,1.1785689068009955,16384.0,508.0,0.7978153331920099,0.0,1.0,147.79715829473852,147.79715829473852,1.0,19860131,1.3.6.1.4.1.14519.5.2.1.7695.1700.567296777568237886725349473974,C:\Users\ferra\Documents\breast_cancer_nac\data\raw\ISPY1\manifest-PyHQgfru6393647793776378748\ISPY1\ISPY1_1055\01-31-1986-968264-MRI BR BILAT WWO CONTRAST-39294\11.000000-Axial T1 left breast post-73974,Axial T1 left breast post,82,True,T0,2009-09-03 00:00:00,52.82,1,1,1,1,0,1,HRposHER2neg,0,2,50,50,50,37,0,,,,,,,,,,,,,,,,,,,,,,,,,,,,,,,,,,,,,,,,,,,,,,,,,,
1056,-0.42983992925292114,1.2499129199852894,1.4019471850013847,0.9269598497836382,-1.5461111068725586,-1.2891740798950195,-0.826687216758728,-0.10726350545883179,1.999620795249939,1.1819105744361877,0.456089963766658,1.69891428115666,2.314685767983837,3.6951735914563573,-0.2284163236618042,-0.2284163236618042,-0.2284163236618042,-0.2284163236618042,3.788322687149048,0.0,0.4299054663428352,1.7845345718259509,2.778398742884994,5.931426594687618,-0.20714160203933715,-0.1788412258028984,-0.17883946001529694,-0.1769019551575184,1.767181074619297,0.0019392706453800201,1.0017207541221183,5.145285384011365,50.61358848092099,3222.5109576043606,0.0,0.2674819827079773,0.9044244289398193,0.9573238492012024,1.015805733203888,0.6898418664932251,0.885929888703231,2.181377741633353,0.9842534309896357,1.62335768555627,-1.8169376850128174,0.033009350299835205,0.7524332404136658,1.2770144939422607,4.043339252471924,1.2440051436424255,0.8859298229217529,0.029555918573200033,0.74908447265625,399.22589111328125,1.7223711013793945,12273.0,0.7212165594100952,1.4461252689361572,2522.6480963527824,955.2944868634984,16.991468891374556,4.405332728145484,0.7095190074857601,0.024813586657200067,0.6293505804401415,0.010769940241113439,0.7766586696787812,0.08358445341812182,0.39619814471314013,0.013564453002632173,0.0599365234375,0.05401611328125,0.02777099609375,0.01959228515625,0.01336669921875,0.015869140625,0.0194091796875,0.029541015625,0.03839111328125,0.03485107421875,0.019775390625,0.0198974609375,0.013671875,0.01849365234375,0.02764892578125,0.053955078125,0.11138916015625,0.42242431640625,2.2022434583044084,0.01483154296875,0.01287841796875,0.0126953125,0.01220703125,0.00787353515625,0.0118408203125,0.01202392578125,0.0130615234375,0.013427734375,0.04095458984375,0.01025390625,0.03948974609375,0.013916015625,0.024658203125,0.0325927734375,0.02459716796875,0.5711669921875,0.13153076171875,1.7317323579377581,12124.0,2886.684558397461,0.01828340727529078,0.25823478873097094,0.739990234375,151.71303239238432,146.56725827532688,0.739990234375,19860130,1.3.6.1.4.1.14519.5.2.1.7695.1700.334762602244816207751329838103,C:\Users\ferra\Documents\breast_cancer_nac\data\raw\ISPY1\manifest-PyHQgfru6393647793776378748\ISPY1\ISPY1_1056\01-30-1986-912695-MR BREASTUNI UE-77594\5.000000-Dynamic-3dfgre-38103,Dynamic-3dfgre,180,True,T0,2009-09-03 00:00:00,35.37,1,0,0,0,1,2,HER2pos,0,1,108,108,105,92,0,,,,,,,,,,,,,,,,,,,,,,,,,,,,,,,,,,,,,,,,,,,,,,,,,,
1057,-0.8880572925045271,1.106541642102785,1.5646116372723318,1.9809817499943838,-1.8036996126174927,-1.6890264749526978,-1.3832314014434814,-0.4276220202445984,0.7191094756126404,1.2614044547080994,-0.210772561374597,0.7253439128139062,3.349562815220964,10.755058684841288,-0.44972285628318787,-0.44972285628318787,-0.44972285628318787,-0.44972285628318787,0.4488892674446284,0.0,-0.14378424137776258,0.7201682374024625,4.882264572359089,22.65689070135863,-0.2958425313234329,-0.2958245575428009,-0.2958245575428009,-0.2958245575428009,-0.2948019027709961,0.0,0.6992113905342006,1.1626497306436365,38.14827416926029,2076.53507795582,0.0,0.45942559838294983,0.8632774353027344,0.8895356059074402,0.8979363441467285,0.43011000752449036,0.6772847135954407,0.7526352514238449,-1.0489498034265459,0.8989291709528899,-0.4258372187614441,0.20724543929100037,1.009957194328308,1.2393035888671875,1.3539767265319824,1.0320581495761871,0.6772847175598145,-0.09890700854986922,0.77691650390625,80.43628692626953,0.9028612375259399,12729.0,0.6342352628707886,-0.07135754823684692,1426.8280788580296,546.497020157339,12.210309054368663,2.98965440416885,0.7536832241384935,0.013970575429721476,0.7259933161900683,0.00904605718098259,0.7131478709397036,0.10834203011831182,0.5271481263031742,0.013233355635527346,0.07208251953125,0.04986572265625,0.0345458984375,0.0244140625,0.01885986328125,0.02166748046875,0.0228271484375,0.0325927734375,0.040771484375,0.0362548828125,0.02142333984375,0.0184326171875,0.016845703125,0.02374267578125,0.03289794921875,0.044921875,0.09442138671875,0.3934326171875,2.3075892640680227,0.0169677734375,0.01324462890625,0.01141357421875,0.00750732421875,0.00634765625,0.00762939453125,0.0087890625,0.00958251953125,0.0111083984375,0.03924560546875,0.00775146484375,0.0347900390625,0.0074462890625,0.0162353515625,0.0220947265625,0.0213623046875,0.6376953125,0.12078857421875,1.5132264557800366,12300.0,2021.816413284676,0.03781216459847604,0.30198271848325187,0.750732421875,161.86841617559563,154.31133010208416,0.750732421875,19860202,1.3.6.1.4.1.14519.5.2.1.7695.1700.442856711682819863281022794889,C:\Users\ferra\Documents\breast_cancer_nac\data\raw\ISPY1\manifest-PyHQgfru6393647793776378748\ISPY1\ISPY1_1057\02-02-1986-987142-HUP5 PROTOCOLSBREAST-04497\6.000000-post needleR-94889,post needle_R,64,True,T0,2009-09-03 00:00:00,44.24,1,0,0,0,0,3,TripleNeg,0,2,105,101,87,0,0,,,,,,,,,,,,,,,,,,,,,,,,,,,,,,,,,,,,,,,,,,,,,,,,,,
1058,-0.6719115738825678,1.2306092797761237,0.2608502030999124,-0.5845248478554894,-2.303680896759033,-1.6518399715423584,-0.6958065629005432,0.1733146607875824,0.9989798665046692,1.8251546323299408,-0.09701702871063844,0.9815312973415512,1.7714873140784615,2.3962394392226614,-0.7893726825714111,-0.7438022494316101,-0.5159500241279602,0.14482146501541138,1.4435791969299316,0.8886237144470215,0.05604138482074461,1.1784523402631448,5.56515593940025,29.47283098040819,-0.15203238576650618,-0.15201646089553833,-0.15201646089553833,-0.15201646089553833,-0.1518360048532486,0.0,1.4770607262996975,13.589902512180847,66.70367353303764,5740.310576919997,0.0,0.0,0.5360435843467712,0.9120882153511047,2.2066403865814226,0.9120882153511047,0.5748945439627278,1.6007467548571181,0.39390757244756847,0.4452685359171977,-1.4055635809898375,-0.5193144530057907,0.5317338705062866,1.5598785877227783,2.464877700805664,2.079193040728569,0.5748945474624634,-0.2662369022798016,0.57806396484375,1306.2059326171875,3.8918492794036865,9471.0,0.17883358895778656,-2.6926865577697754,2978.8759973363103,822.040459284493,32.21002367238174,5.828247151371015,0.1721817221607006,0.02344080661044281,0.1126696233699636,0.00975753331427042,0.6174018578713879,0.10489405112815378,0.01278965348670854,0.0022577644603765097,0.072509765625,0.05950927734375,0.029541015625,0.017333984375,0.01507568359375,0.01873779296875,0.0244140625,0.034423828125,0.0438232421875,0.0386962890625,0.0201416015625,0.01715087890625,0.0140380859375,0.01898193359375,0.02655029296875,0.0523681640625,0.0828857421875,0.413818359375,2.245626488284951,0.06781005859375,0.04931640625,0.03662109375,0.02392578125,0.0186767578125,0.01898193359375,0.0186767578125,0.01806640625,0.01763916015625,0.022216796875,0.01336669921875,0.01849365234375,0.01751708984375,0.0294189453125,0.0430908203125,0.05242919921875,0.1461181640625,0.38763427734375,2.2380687268993213,6882.0,1961.4570696119918,0.022478478818214992,0.6364963828067184,0.6899939843593342,129.96609573877558,100.24020956577765,0.5430871212121212,,,,,,,,,,,,,,,,,,,,,,,,,,,,,,,,,,,,,,,,,,,,,,,,,,,,,,,,,,,,,,,,,,,,,,,,,
1059,-1.2279108524800222,1.4938673340572635,0.7708954519366754,-0.5592754435886307,-2.684798002243042,-2.456958293914795,-1.849385380744934,-0.17855991423130035,1.0365859270095825,2.2783983796834946,-0.3254525964048298,0.8847127826454415,2.667286602143191,8.053677338482888,-0.8155393600463867,-0.7678348422050476,-0.7678348422050476,-0.19538025557994843,0.711006224155426,0.5724545866250992,0.07481938059288495,1.6109025807914692,10.870528406683182,116.45839498116989,-0.07401707023382187,-0.07401707023382187,-0.07401707023382187,-0.07401707023382187,-0.07401707023382187,0.0,1.046328469776725,3.45310876416303,19.233824172359242,539.4674294884497,0.0,0.0,0.6992544531822205,0.7525207996368408,1.85762619972229,0.7525207996368408,0.9024582359901387,1.5939420792326302,-0.449857625268471,0.6070221799146811,-1.4792684316635132,-0.1255831941962242,1.4811146259307861,1.8410165309906006,2.144803047180176,1.9665997251868248,0.9024582505226135,-0.443534687824162,0.70794677734375,144.24659729003906,3.082303047180176,11599.0,-0.00282627297565341,0.23960337042808533,2455.3367736623045,561.5980723952766,26.894002899802313,3.9382334248670006,0.3203489559917187,0.01798818454945417,0.2847909741773529,0.010776947223307399,0.3451212914880884,0.1492637159461449,0.08122204156433961,0.006191190365161031,0.07757568359375,0.05914306640625,0.03369140625,0.02008056640625,0.0128173828125,0.0126953125,0.01654052734375,0.0220947265625,0.02532958984375,0.023681640625,0.01715087890625,0.0172119140625,0.01458740234375,0.0228271484375,0.03314208984375,0.05145263671875,0.10601806640625,0.4339599609375,2.1567333433605977,0.064453125,0.04241943359375,0.0279541015625,0.01788330078125,0.0103759765625,0.010009765625,0.0089111328125,0.007080078125,0.007568359375,0.02154541015625,0.0062255859375,0.02142333984375,0.010986328125,0.02008056640625,0.03546142578125,0.05487060546875,0.28167724609375,0.35107421875,2.017014164767266,10040.0,2137.5504320004434,0.02761282476767764,0.47958648144306343,0.6591386554621849,167.2519164567414,146.7626567504566,0.6591386554621849,,,,,,,,,,,,,,,,,,,,,,,,,,,,,,,,,,,,,,,,,,,,,,,,,,,,,,,,,,,,,,,,,,,,,,,,,
1061,-0.8917676601893163,0.8321140925758127,1.6376620069969468,4.189170994377848,-1.7347007989883423,-1.538276195526123,-1.145426869392395,-0.45794063806533813,0.22954559326171875,1.080335557460785,0.3662359288864536,1.6355153634383675,2.770128087680873,5.952459345271928,-0.19747264683246613,-0.19747264683246613,-0.19747264683246613,-0.19747264683246613,2.0524182319641113,0.0,0.3080778837481297,1.6344494916890642,3.1873189578661445,8.231612511615987,-0.16956524252891542,-0.16954930126667023,-0.16954930126667023,-0.16954930126667023,-0.15451278984546649,0.0,2.8326376008642455,28.69306841099584,26.592520585599306,799.9583968413743,0.0,0.9389429986476898,0.974001944065094,0.9809642434120178,0.9841481447219849,0.042021244764328,1.2580035727671657,1.5687448488783533,1.7862232755201601,4.228676562495985,-0.23059360682964325,0.5551049709320068,1.1443787813186646,1.4390157461166382,2.3728967666626173,0.8839107751846313,1.25800359249115,0.046230372899572346,0.84564208984375,1069.1708984375,3.4310293197631836,13855.0,0.5145641565322876,2.590409278869629,2314.4664985971517,612.7132192951375,12.694508323031704,2.5987742634653928,0.8923360270158122,0.009402814732780273,0.8368600001301675,0.005756520659891774,0.771498958978963,0.05954004695722065,0.7003677973479716,0.009655703045309329,0.085205078125,0.05523681640625,0.0382080078125,0.02349853515625,0.01654052734375,0.0146484375,0.014892578125,0.01641845703125,0.0179443359375,0.01824951171875,0.01202392578125,0.0123291015625,0.01422119140625,0.0228271484375,0.0362548828125,0.05181884765625,0.1138916015625,0.435791015625,2.1248704357854815,0.00787353515625,0.00811767578125,0.0040283203125,0.00384521484375,0.00201416015625,0.00408935546875,0.00347900390625,0.00238037109375,0.003173828125,0.00335693359375,0.00238037109375,0.005126953125,0.00274658203125,0.00390625,0.0052490234375,0.003173828125,0.893310546875,0.041748046875,0.5857108516193805,13723.0,2338.1088732276007,0.03154492267889581,0.39636626059914687,0.83758544921875,156.3497249529176,143.54350550541545,0.83758544921875,19860307,1.3.6.1.4.1.14519.5.2.1.7695.1700.160565748415181759979708814432,C:\Users\ferra\Documents\breast_cancer_nac\data\raw\ISPY1\manifest-PyHQgfru6393647793776378748\ISPY1\ISPY1_1061\03-07-1986-792600-MR BREASTUNI UE-17355\5.000000-Dynamic-3dfgre-14432,Dynamic-3dfgre,180,True,T0,2009-09-03 00:00:00,54.19,1,0,0,0,1,2,HER2pos,0,2,60,57,18,20,0,,,,,,,,,,,,,,,,,,,,,,,,,,,,,,,,,,,,,,,,,,,,,,,,,,
1062,-1.2330723408697821,1.3596403310401315,1.031837538398703,-0.36970108226052867,-2.410646677017212,-2.2747159004211426,-1.9348887205123901,-0.33770135045051575,1.1915205717086792,1.9370145499706268,0.16010632817814496,1.2324834731797891,2.286417570549927,3.942173989250243,-0.3909725844860077,-0.3909725844860077,-0.3909725844860077,-0.3909725844860077,2.1225035190582275,0.0,0.2064217379600063,1.4580711907956654,3.678419186374358,11.689244587553363,-0.17477173805236818,-0.17476776242256165,-0.17476776242256165,-0.17476776242256165,-0.17027002573013306,0.0,1.3863238577898898,12.096482237177547,45.85615083197479,2685.6788924909724,0.0,0.6424635648727417,0.8879783153533936,0.9018092751502991,1.504551911354065,0.2593457102775574,1.3931786559130046,1.8014509957468423,0.2765406459843661,0.8923498104704386,-1.3094738364219658,0.592400312423706,1.747812271118164,1.9856913089752197,3.2210564851760908,1.3932909965515137,1.3931785821914673,-0.0332443927797541,0.7847900390625,867.5242309570312,2.5721023082733154,12858.0,0.3614554703235626,1.2429449558258057,1476.623553824126,495.6948664594923,13.726459620778853,2.9141734609238217,0.7566646153688672,0.010992703454124269,0.7149033410892462,0.006685470496018338,0.852253558561295,0.0489282256270068,0.5111314826163204,0.009582782562985392,0.06591796875,0.04852294921875,0.02728271484375,0.01702880859375,0.016845703125,0.01837158203125,0.023193359375,0.0330810546875,0.0439453125,0.03338623046875,0.02227783203125,0.01788330078125,0.01544189453125,0.0196533203125,0.02691650390625,0.0501708984375,0.0888671875,0.43121337890625,2.2103739979854273,0.0169677734375,0.01177978515625,0.0103759765625,0.00830078125,0.006103515625,0.00750732421875,0.0089111328125,0.00787353515625,0.00872802734375,0.00885009765625,0.00860595703125,0.00732421875,0.00738525390625,0.0072021484375,0.00982666015625,0.007568359375,0.76715087890625,0.08953857421875,1.0904272916635136,12794.0,1495.543289325507,0.07188168244042238,0.4386415326471783,0.7808837890625,151.27845086983024,135.94821336176233,0.7808837890625,19860307,1.3.6.1.4.1.14519.5.2.1.7695.1700.101292280201286037436081459649,C:\Users\ferra\Documents\breast_cancer_nac\data\raw\ISPY1\manifest-PyHQgfru6393647793776378748\ISPY1\ISPY1_1062\03-07-1986-419773-MR BREASTUNI UE-89606\5.000000-Dynamic-3dfgre-59649,Dynamic-3dfgre,180,True,T0,2009-09-03 00:00:00,34.61,1,1,1,1,0,1,HRposHER2neg,0,2,77,85,100,98,0,,,,,,,,,,,,,,,,,,,,,,,,,,,,,,,,,,,,,,,,,,,,,,,,,,
1063,-1.5264413128113574,1.0801347968674297,1.3578105784577978,1.6536432072557021,-2.579622268676758,-2.2938554286956787,-1.829484224319458,-1.0793462991714478,0.02799999713897705,1.214509129524231,-0.41559640309014867,0.47962643320989606,5.705426428280759,33.54830359047139,-0.5076867938041687,-0.5076867938041687,-0.5076867938041687,-0.5076867938041687,-0.5076867938041687,0.0,-0.15567567259067516,0.5513043672961893,7.552222917821076,57.11728810329568,-0.22251483798027039,-0.2225145846605301,-0.2225145846605301,-0.2225145846605301,-0.22251373529434204,0.0,2.542689519918275,85.95727884740732,58.429823821858015,3702.6824265763275,0.0,0.6805025190114975,0.8263987898826599,0.8669146299362183,0.882574737071991,0.18641211092472076,1.1108448847276122,0.9939400685746183,-1.419129022998652,2.4009719713742657,-0.2017723172903057,0.6431012749671936,1.357518196105957,1.8218894004821777,2.107656240463257,1.1787881255149841,1.1108449697494507,-0.23398450655283254,0.85418701171875,6207.4482421875,0.8890995383262634,13995.0,0.4139314293861389,0.3363392949104309,1188.1264027848686,311.17808391996056,8.51590242907919,1.6056501340986664,0.8315072455531439,0.011520055911084463,0.8182721968644159,0.008023100702003913,0.47771204356608715,0.13701842784613774,0.6696337583061922,0.013185179973646117,0.08795166015625,0.05303955078125,0.038330078125,0.02655029296875,0.0167236328125,0.018310546875,0.01678466796875,0.02227783203125,0.02618408203125,0.0244140625,0.0169677734375,0.01483154296875,0.0150146484375,0.02166748046875,0.0340576171875,0.05023193359375,0.10211181640625,0.41455078125,2.2130143912740854,0.01397705078125,0.0115966796875,0.006591796875,0.00482177734375,0.00299072265625,0.0062255859375,0.0037841796875,0.00250244140625,0.00286865234375,0.0260009765625,0.00164794921875,0.02874755859375,0.00726318359375,0.01556396484375,0.0267333984375,0.02874755859375,0.69403076171875,0.11590576171875,1.282234167429804,13957.0,2833.1698397716996,0.021850265716134926,0.2168783286863281,0.8523358778625955,151.19684398618523,147.59815392141633,0.85186767578125,19860310,1.3.6.1.4.1.14519.5.2.1.7695.1700.240969306670930770411746226659,C:\Users\ferra\Documents\breast_cancer_nac\data\raw\ISPY1\manifest-PyHQgfru6393647793776378748\ISPY1\ISPY1_1063\03-10-1986-309570-MRI BR BILAT WWO CONTRAST-26981\6.000000-T1 left breast post-26659,T1 left breast post,66,True,T0,2009-09-03 00:00:00,52.17,1,1,0,1,1,2,HER2pos,0,2,100,86,60,82,0,,,,,,,,,,,,,,,,,,,,,,,,,,,,,,,,,,,,,,,,,,,,,,,,,,
1064,-0.439196336529335,1.3582774833451214,1.6701804821860902,1.838994493379718,-1.5185567140579224,-1.3273122310638428,-0.9448235034942627,-0.17984606325626373,1.9238423109054565,1.147466167807579,-0.0887571142948218,0.728455741340436,6.700190087748074,44.40683816605705,-0.20434360206127167,-0.20434360206127167,-0.20434360206127167,-0.20434360206127167,-0.20434360206127167,0.0,-0.12772183559663564,0.5618360082013361,9.358476037269488,87.31870342764407,-0.19012171030044556,-0.19012171030044556,-0.19012171030044556,-0.19012171030044556,-0.19012169539928436,0.0,0.8982621120453587,6.190585862486453,80.31054852947273,6879.604717607857,0.0,0.5216642469167709,0.9811542630195618,0.9881569743156433,0.9897838830947876,0.4664927273988724,0.3504392361041937,1.4427312971980906,-0.8720561666855797,3.103650596341544,-1.7456969022750854,0.03925055265426636,0.7404798865318298,1.186716914176941,1.377961277961731,1.1474663615226746,0.3504392206668854,0.11118791817359427,0.751953125,540.8072509765625,0.9906404614448547,12320.0,0.8496642112731934,0.3191688060760498,692.602654480274,223.6247896597538,3.9374119127998704,0.9744544268912418,0.9639010205591712,0.0042442603548781075,0.9548800425008857,0.00228134699576635,0.7039274800318461,0.09407723527096981,0.9118011001106082,0.004361296148837861,0.07196044921875,0.052490234375,0.0263671875,0.02032470703125,0.01153564453125,0.01275634765625,0.0172119140625,0.0211181640625,0.0257568359375,0.02703857421875,0.01837158203125,0.01605224609375,0.015869140625,0.01971435546875,0.02813720703125,0.05609130859375,0.11248779296875,0.44671630859375,2.1201869819192307,0.00213623046875,0.00177001953125,0.0020751953125,0.00152587890625,0.001220703125,0.00189208984375,0.0018310546875,0.002197265625,0.001220703125,0.00152587890625,0.00140380859375,0.0013427734375,0.00079345703125,0.00030517578125,0.00067138671875,0.00048828125,0.9674072265625,0.01019287109375,0.22383988433963542,12044.0,2113.817459305202,0.03387237505738667,0.4942350686158903,0.735107421875,159.68861037236542,138.821828530571,0.735107421875,19860315,1.3.6.1.4.1.14519.5.2.1.7695.1700.333094786994119311769294742473,C:\Users\ferra\Documents\breast_cancer_nac\data\raw\ISPY1\manifest-PyHQgfru6393647793776378748\ISPY1\ISPY1_1064\03-15-1986-250151-MR BREASTUNI UE-34410\5.000000-Dynamic-3dfgre-42473,Dynamic-3dfgre,180,True,T0,2009-09-03 00:00:00,60.11,1,0,0,0,0,3,TripleNeg,0,2,70,67,47,30,,,,,,,,,,,,,,,,,,,,,,,,,,,,,,,,,,,,,,,,,,,,,,,,,,,
1066,-0.7150272321718205,0.9195069994493166,1.4395661587123323,3.3022885245970492,-1.7369405031204224,-1.2872116565704346,-0.8374826908111572,-0.35315921902656555,0.33873143792152405,0.934052437543869,-0.0007163629421711448,0.7865198357323776,1.4630585875592266,3.3981640659747345,-0.7982269525527954,-0.6339415311813354,-0.14108528196811676,0.40653279423713684,0.9815317988395691,1.0404743254184723,-0.09932613157629078,0.24203200047857218,17.591380179131153,366.0909874084069,-0.11057190597057343,-0.11057178676128387,-0.11057178676128387,-0.11057178676128387,-0.11057166010141373,0.0,7.382660436988296,132.98643439807918,36.1196937293627,1844.8824725430215,0.0,0.23888495936989784,0.8360934853553772,1.5491688251495361,2.8880326032638552,1.3102838657796383,0.7143108681529782,1.1670277494077441,-0.3184685663630618,2.1538738917813216,-0.6100970625877375,0.14303934574127197,0.7482892274856567,1.353847861289978,1.9921414852142334,1.210808515548706,0.714310884475708,0.1380486275643756,0.73468017578125,9362.40625,4.657257080078125,12037.0,0.39637288451194763,0.955849289894104,2789.743897668868,734.6499018597437,35.28224133469072,5.950326185688328,0.14359488269647253,0.01217874899719262,0.10798637304316026,0.0024960751294888003,0.45777158901289994,0.14241653436265556,0.011667287154068619,0.0005406951028510862,0.06768798828125,0.0599365234375,0.0286865234375,0.01715087890625,0.01397705078125,0.015869140625,0.02044677734375,0.03424072265625,0.05743408203125,0.04107666015625,0.01861572265625,0.0142822265625,0.0107421875,0.01324462890625,0.02825927734375,0.0523681640625,0.08935546875,0.4166259765625,2.2149340087245286,0.07000732421875,0.0546875,0.0372314453125,0.02557373046875,0.0177001953125,0.01544189453125,0.0159912109375,0.01849365234375,0.01605224609375,0.0224609375,0.01214599609375,0.0181884765625,0.0147705078125,0.02008056640625,0.0321044921875,0.056640625,0.17071533203125,0.3817138671875,2.1982804899372277,8762.0,2906.1008640008868,0.013037422677235353,0.7303133759736784,0.7462737415893025,147.69148846556976,100.88986788587064,0.7057023195876289,,,,,,,,,,,,,,,,,,,,,,,,,,,,,,,,,,,,,,,,,,,,,,,,,,,,,,,,,,,,,,,,,,,,,,,,,
1067,-0.9272608941300859,1.4610625167671643,0.603993424696334,-0.6047497501289238,-2.569035053253174,-2.334547519683838,-1.1621098518371582,0.12757165729999542,1.1827656030654907,2.4621191769838333,-0.3082244238125895,1.0439572638312948,1.6949095343941327,2.0217681332163604,-0.9885410070419312,-0.9885410070419312,-0.8439375162124634,0.005607891362160444,1.288963794708252,0.9941488984040916,-0.003010288892905777,0.9364029031486859,4.316974650214571,18.52340515439533,-0.23722708225250244,-0.23514653742313385,-0.23514650762081146,-0.2351425215601921,-0.15951229929923996,4.015862941741943e-06,1.3897334052136614,7.760039838785649,32.478906125984395,1705.5617571893779,0.0,0.0,0.6308296918869019,0.699813187122345,2.190329647064211,0.699813187122345,0.6190364720413015,1.527736749683067,-0.6307116209373652,0.45929154560305063,-1.6241549253463745,-0.2159968838095665,1.030426025390625,1.5218721628189087,1.8669946908950812,1.7378690466284752,0.6190364956855774,-0.49304628389414695,0.69061279296875,538.188232421875,4.152882099151611,11315.0,0.21625792980194092,0.5332890152931213,3151.536970648609,981.3356035724247,30.97420301295333,6.091659241982312,0.34252260802847156,0.018660512455759056,0.28925430920441175,0.006334157389978932,0.6411115502071986,0.11166026715934242,0.08370817694316246,0.003678702997395822,0.068603515625,0.05047607421875,0.0396728515625,0.02880859375,0.02490234375,0.0274658203125,0.02813720703125,0.0291748046875,0.03399658203125,0.030029296875,0.02142333984375,0.02178955078125,0.02093505859375,0.02520751953125,0.0333251953125,0.046875,0.09173583984375,0.37744140625,2.362389439232499,0.04852294921875,0.0347900390625,0.02996826171875,0.0198974609375,0.01519775390625,0.017333984375,0.01898193359375,0.02020263671875,0.0205078125,0.03216552734375,0.015869140625,0.02642822265625,0.01458740234375,0.02490234375,0.03179931640625,0.04022216796875,0.29791259765625,0.29071044921875,2.199170088680214,7972.0,1875.8407999023152,0.028469851301067522,0.600159507816079,0.6915936496920274,128.33889157568726,102.65575677907475,0.5587328287075974,,,,,,,,,,,,,,,,,,,,,,,,,,,,,,,,,,,,,,,,,,,,,,,,,,,,,,,,,,,,,,,,,,,,,,,,,
1068,-1.563930830010456,1.0502681437138692,1.7771179486449482,2.7095191156817586,-2.4018092155456543,-2.2825193405151367,-1.9672534465789795,-1.2429943084716797,-0.14382436871528625,1.039525032043457,0.1563279891074103,1.0527360122139646,0.9150186827350049,0.055295263661113925,-0.8995124101638794,-0.8196559548377991,0.005526575725525618,0.7242339849472046,1.735748291015625,1.5438899397850037,0.1563279891074103,1.0527360122139646,0.9150186827350049,0.055295263661113925,-0.8995124101638794,-0.8196559548377991,0.005526575725525618,0.7242339849472046,1.735748291015625,1.5438899397850037,0.9019767223908275,0.29734474605258626,-2.7037785621865864,5.310418515908033,0.9999667584896088,0.9999992847442627,0.9999994039535522,0.9999996423721313,0.9999997019767761,3.5762786865234375e-07,1.7202588206764062,1.48932856465436,-0.8438454027432377,1.5274075004941272,0.030123123526573696,1.2946299314498901,1.6618418097496033,2.631117284297943,3.4781105518341073,1.336487352848053,1.7202587127685547,0.0,0.9019775390625,0.9999998211860657,0.9999997615814209,14778.0,0.9999985694885254,1.4116241931915283,829.4321576385468,369.0799470063296,15.624585553183337,3.2364449473685797,0.13135190796495294,0.021941861348475984,0.04330094293840445,0.002752139058865008,0.9159830077284062,0.03731414569885224,0.0018825459287542892,0.00024774646375229657,0.052734375,0.053466796875,0.03118896484375,0.02435302734375,0.02215576171875,0.02685546875,0.032470703125,0.04620361328125,0.05377197265625,0.0458984375,0.02642822265625,0.0245361328125,0.01983642578125,0.02496337890625,0.030517578125,0.04730224609375,0.0718994140625,0.36541748046875,2.4087170876881245,0.073486328125,0.05084228515625,0.03546142578125,0.0228271484375,0.01763916015625,0.01910400390625,0.0213623046875,0.03125,0.03460693359375,0.03009033203125,0.0216064453125,0.01861572265625,0.01580810546875,0.0220947265625,0.0352783203125,0.04693603515625,0.1009521484375,0.40203857421875,2.2733257275567746,14773.0,904.5290039756344,0.22689951493992394,0.36057673478404817,0.90167236328125,148.9730082765755,138.9515273624071,0.90167236328125,,,,,,,,,,,,,,,,,,,,,,,,,,,,,,,,,,,,,,,,,,,,,,,,,,,,,,,,,,,,,,,,,,,,,,,,,
1069,-1.089540889653108,0.9224057074925709,1.4535842232522531,1.9273797328713478,-1.9172691106796265,-1.7097655534744263,-1.398510217666626,-0.56849604845047,0.15776647627353668,1.1412695050239563,-0.22185069424995163,0.41197678286823725,9.139980054534764,85.844351460211,-0.27271419763565063,-0.27271419763565063,-0.27271419763565063,-0.27271419763565063,-0.27271419763565063,0.0,0.008082510492457118,1.0526903034560884,8.583338232199221,72.05149408405309,-0.11638329178094864,-0.11638329178094864,-0.11638329178094864,-0.11638329178094864,-0.11638329178094864,0.0,0.7285486151085934,0.9004225351278218,35.49362103349914,1833.9687691325341,0.0,0.654219925403595,0.8780685067176819,0.9018868207931519,0.9131917357444763,0.24766689538955688,0.8676901921608078,0.990689862968589,-0.8551851536568239,2.3986366118734734,-0.4304806590080261,0.39953356981277466,1.2295477390289307,1.5408031940460205,1.644554853439331,1.1412696242332458,0.8676902055740356,-0.2649943097174753,0.8193359375,60.500755310058594,0.9179205298423767,13424.0,0.5079147815704346,0.5052348971366882,842.4662269218979,218.47954033657206,4.191264883345581,1.2140072322888025,0.9775427787820558,0.006911997368851794,0.9689012336357613,0.0035599949529857068,0.544427414815866,0.11630606203554994,0.9387822741049655,0.006911408495258671,0.08111572265625,0.062255859375,0.0347900390625,0.02191162109375,0.01416015625,0.0152587890625,0.01361083984375,0.0162353515625,0.0206298828125,0.0185546875,0.01202392578125,0.01287841796875,0.0146484375,0.02374267578125,0.033935546875,0.05096435546875,0.1153564453125,0.43792724609375,2.117811678944182,0.00048828125,0.0010986328125,0.000244140625,0.00030517578125,0.000244140625,0.00018310546875,0.000244140625,0.00042724609375,0.000244140625,0.0003662109375,0.00030517578125,0.0006103515625,0.00018310546875,0.00018310546875,0.00030517578125,0.00030517578125,0.98126220703125,0.01300048828125,0.11967074740574515,12368.0,2262.723050896224,0.030356139387307354,0.41472008293103685,0.8119747899159664,157.85151345867015,143.63683291020223,0.8119747899159664,19860418,1.3.6.1.4.1.14519.5.2.1.7695.1700.255817221459019506867431648479,C:\Users\ferra\Documents\breast_cancer_nac\data\raw\ISPY1\manifest-PyHQgfru6393647793776378748\ISPY1\ISPY1_1069\04-18-1986-426248-MR BREASTUNI UE-88817\6.000000-Dynamic-3dfgre-Phase160-48479,Dynamic-3dfgre-Phase=160,180,True,T0,2009-09-03 00:00:00,57.18,1,1,1,1,0,1,HRposHER2neg,0,1,31,26,22,24,0,,,,,,,,,,,,,,,,,,,,,,,,,,,,,,,,,,,,,,,,,,,,,,,,,,
1070,-0.8116092648118638,1.195732746644954,1.4861470980810985,2.14144821333693,-1.917961597442627,-1.750531554222107,-1.0808115005493164,-0.3273763060569763,0.6772037148475647,1.4231552481651306,0.07920421282915413,1.1994926900687934,4.317639253453817,17.03887105416574,-0.19384349882602692,-0.19384349882602692,-0.19384349882602692,-0.19384349882602692,-0.19384349882602692,0.0,0.19789186621018828,1.4732912307690489,3.5736534331926997,11.077974101690627,-0.15403172373771667,-0.15403112769126892,-0.15403112769126892,-0.15403112769126892,-0.15341808944940566,0.0,0.9429325042230854,5.316698475570047,56.299541787174704,3823.382759060253,0.0,0.7703245282173157,0.9570412635803223,0.9750621914863586,0.9784519076347351,0.20473766326904297,0.8908134832779524,1.5391673778655048,0.8678129742163598,5.341682262982651,-0.6199020743370056,0.21724791824817657,0.9706829786300659,1.5806076526641846,1.8078330755233765,1.363359734416008,0.8908134698867798,-0.13323498445925974,0.78277587890625,441.6570129394531,0.981030285358429,12825.0,0.8588409423828125,1.157305359840393,1433.9089208534715,419.5473800930234,7.633095053425016,1.8083205669205873,0.9135096713102917,0.008865174104771235,0.8787630458735087,0.00482042215748404,0.7178690775854183,0.08111938990497286,0.7722477272626626,0.008478655869949699,0.078369140625,0.0599365234375,0.0255126953125,0.01531982421875,0.0113525390625,0.0142822265625,0.013916015625,0.0157470703125,0.0208740234375,0.021728515625,0.01409912109375,0.0130615234375,0.01165771484375,0.0185546875,0.02606201171875,0.0606689453125,0.1092529296875,0.4696044921875,2.0307258718259336,0.0045166015625,0.0052490234375,0.0047607421875,0.0020751953125,0.0013427734375,0.0030517578125,0.00286865234375,0.0028076171875,0.001708984375,0.03228759765625,0.00244140625,0.034423828125,0.00372314453125,0.01171875,0.01458740234375,0.01312255859375,0.80511474609375,0.05419921875,0.92643220400549,12656.0,3085.5668093913696,0.01670461311176919,0.2183353502711321,0.7724609375,152.75640956281833,149.0709779758214,0.7724609375,19860424,1.3.6.1.4.1.14519.5.2.1.7695.1700.272941971913419001007209401742,C:\Users\ferra\Documents\breast_cancer_nac\data\raw\ISPY1\manifest-PyHQgfru6393647793776378748\ISPY1\ISPY1_1070\04-24-1986-474867-BREAST-RIGHT-01424\3.000000-Dynamic-3dfgre-01742,Dynamic-3dfgre,180,True,T0,2009-09-03 00:00:00,36.78,0,1,0,1,0,1,HRposHER2neg,0,2,56,50,21,19,1,,,,,,,,,,,,,,,,,,,,,,,,,,,,,,,,,,,,,,,,,,,,,,,,,,
1071,-0.9221635115883373,1.240528552281602,0.6581164727389924,-0.27997127631640595,-2.331911087036133,-1.9863550662994385,-1.14714777469635,-0.061114829033613205,0.8274577260017395,1.9252402372658253,-0.29662003659234415,0.6504135378477895,1.8718416663004214,4.753030550134378,-0.8430466651916504,-0.7658233046531677,-0.49554169178009033,-0.03220183774828911,0.5469729900360107,0.7336214669048786,-0.1805289330859523,0.00015497129173583596,33.80534930620467,1752.5823978450278,-0.18053102493286133,-0.18053102493286133,-0.18053102493286133,-0.18053102493286133,-0.18053102493286133,0.0,1.046057760212868,3.5495028966200945,18.30850669780447,480.51745643056904,0.0,0.0,0.692599356174469,0.9752300977706909,1.7944555282592773,0.9752300977706909,0.625543467874536,1.3299325581044072,-0.5318216675418136,0.2654402968950502,-1.223684227466583,-0.24966871738433838,0.9079586267471313,1.56558358669281,1.9814269542694105,1.8152523040771484,0.625543475151062,-0.18558411411883313,0.67254638671875,128.68316650390625,2.6776256561279297,11019.0,-0.14967380464076996,-0.02637854404747486,3544.694080529204,933.2696946167815,41.101880723261054,6.782506861419085,0.07604742492372747,0.017275203517644878,0.04985915697207266,0.005471299992254532,0.3288586192906916,0.1764526610697125,0.0025158706575710258,0.0005917293966738395,0.06103515625,0.0367431640625,0.0374755859375,0.03717041015625,0.0330810546875,0.0361328125,0.04144287109375,0.04931640625,0.05816650390625,0.0457763671875,0.033203125,0.027587890625,0.02435302734375,0.028076171875,0.03460693359375,0.03228759765625,0.07598876953125,0.30755615234375,2.545838990712979,0.07818603515625,0.0552978515625,0.03973388671875,0.02618408203125,0.02301025390625,0.02044677734375,0.0191650390625,0.01715087890625,0.01495361328125,0.01629638671875,0.01300048828125,0.013916015625,0.0150146484375,0.02239990234375,0.03472900390625,0.05499267578125,0.11041259765625,0.42510986328125,2.171890139745377,9405.0,2856.608439951712,0.014483290241221114,0.6269340369499357,0.6898195687252457,145.87887573144687,113.65019729367326,0.57403564453125,,,,,,,,,,,,,,,,,,,,,,,,,,,,,,,,,,,,,,,,,,,,,,,,,,,,,,,,,,,,,,,,,,,,,,,,,
1072,-1.0895222251981522,1.6535580465911968,-0.32586613308689827,-1.1280067798481486,-3.7268331050872803,-2.4964581727981567,-0.8085570931434631,0.32907602190971375,0.9226236343383789,2.8255341947078705,0.13033444748077727,1.3142451231908996,2.1264841728277,4.0417169999958675,-0.7878329157829285,-0.653288722038269,-0.3842002749443054,0.28852081298828125,1.7685073614120483,0.9418095350265503,0.19209290759334507,1.783319076565516,6.63108199974818,42.92244235296201,-0.09307321831583977,-0.09305156022310257,-0.09305156022310257,-0.09305156022310257,-0.0929920181632042,0.0,2.0884898975876354,23.115331371441485,43.50410074309939,2259.358190595619,0.0,0.0,0.7901154160499573,1.1842223405838013,2.9765090942382812,1.1842223405838013,1.2198566739608623,2.1315677382093576,0.5314228765526285,-0.18167057130388864,-1.3853895545005794,-0.5619350075721741,0.9466654062271118,2.9746198654174805,3.5521891593933113,3.5365548729896545,1.2198566198349,-0.05062758366959809,0.61822509765625,1411.5501708984375,4.511228084564209,10129.0,-0.18272489309310913,0.5701249837875366,3817.6518409260666,977.3991970170907,36.4596209809086,5.890563623508043,0.23431800488730817,0.02653106407773307,0.1789486478332467,0.011889019666275178,0.45944591286927977,0.13703586359546582,0.03216396734997242,0.004365665894565327,0.07794189453125,0.04693603515625,0.03887939453125,0.025146484375,0.01922607421875,0.02178955078125,0.02313232421875,0.037353515625,0.05413818359375,0.04046630859375,0.024658203125,0.0269775390625,0.0242919921875,0.02972412109375,0.0389404296875,0.0377197265625,0.081787109375,0.35089111328125,2.4240912200745073,0.06732177734375,0.04150390625,0.0325927734375,0.02593994140625,0.015869140625,0.01397705078125,0.01324462890625,0.0106201171875,0.0107421875,0.02392578125,0.00830078125,0.02764892578125,0.01202392578125,0.02081298828125,0.0382080078125,0.0556640625,0.208984375,0.37261962890625,2.1422684013362154,9513.0,2868.015510839149,0.01453330437680512,0.492703640331701,0.585199311023622,167.82396306911616,146.03993850469038,0.585199311023622,,,,,,,,,,,,,,,,,,,,,,,,,,,,,,,,,,,,,,,,,,,,,,,,,,,,,,,,,,,,,,,,,,,,,,,,,
1073,-0.5004360286108067,1.2682535803328059,1.0115632498966887,0.6215006275277495,-1.9535325765609741,-1.3932242393493652,-0.7628774642944336,0.07758491486310959,1.3732978105545044,1.4708091542124748,0.20114020587462278,1.1844976669308471,2.049681709117492,3.5603893640616766,-0.5576251745223999,-0.5576251745223999,-0.2837226986885071,0.3768656551837921,1.8430496454238892,0.934490829706192,0.06961859956582117,1.1060818324045623,3.730145027494126,12.806513138514847,-0.23241729885339735,-0.22719071805477142,-0.2271905392408371,-0.22717322036623955,-0.032912695407866836,1.749768853187561e-05,1.7322940762878787,12.540747261401894,33.848815694522834,1451.6391025561215,0.0,0.0,0.7536142468452454,1.170817792415619,2.41597411632538,1.170817792415619,0.7015762355769084,1.7333663370563324,0.3737726426831464,1.1824481402484208,-1.3681750416755676,-0.21810471639037132,0.6800708174705505,1.5324137508869171,2.6406566381454475,1.7505184672772884,0.7015762329101562,0.18746560084206493,0.666259765625,729.3165283203125,4.2775092124938965,10916.0,0.3054298162460327,0.9170571565628052,2484.277641757652,767.8312456217393,27.33153622231315,5.311961658640856,0.2600826386847618,0.020492842622583315,0.19033921719882,0.006580146752316757,0.6741954167768038,0.09964481042457606,0.0362723159351416,0.0025197177364955025,0.071533203125,0.05743408203125,0.03082275390625,0.0196533203125,0.01727294921875,0.01666259765625,0.0206298828125,0.02923583984375,0.04345703125,0.02984619140625,0.01593017578125,0.01324462890625,0.0126953125,0.01666259765625,0.0245361328125,0.0543212890625,0.08941650390625,0.4366455078125,2.1737743274257673,0.05523681640625,0.0384521484375,0.03533935546875,0.026611328125,0.02056884765625,0.01934814453125,0.0240478515625,0.0216064453125,0.02117919921875,0.02777099609375,0.017333984375,0.0247802734375,0.01605224609375,0.02850341796875,0.0406494140625,0.0465087890625,0.2103271484375,0.32568359375,2.305584406728892,8929.0,2366.2104243115155,0.02004038037518186,0.715569406670127,0.756951508986097,150.97351446183228,105.46128654260053,0.7266438802083334,,,,,,,,,,,,,,,,,,,,,,,,,,,,,,,,,,,,,,,,,,,,,,,,,,,,,,,,,,,,,,,,,,,,,,,,,
1074,-1.557225626044925,1.4495032603722924,0.6769148848271571,-0.8004005371016616,-2.970541477203369,-2.876535415649414,-2.1871562004089355,-0.33836761116981506,0.5390238165855408,2.538167804479599,-0.3945131797991195,0.6849463160446092,3.3834936375557914,11.375827939310184,-0.6363345384597778,-0.6363345384597778,-0.6363345384597778,-0.6363345384597778,0.20310096442699432,0.0,-0.16558061478610142,0.584087035547945,7.476225795987006,54.483261766744825,-0.2450089305639267,-0.2450089156627655,-0.2450089156627655,-0.2450089156627655,-0.24500879645347595,0.0,2.4976218290754275,54.95900737776326,47.860714563010916,2643.194778366051,0.0,0.30540794134140015,0.8215428590774536,0.8530428409576416,0.8596492409706116,0.5476348996162415,1.1627124470180092,1.2619004269667635,-0.8640418730156679,-0.1584923504188751,-0.5799856781959534,0.16982203722000122,1.6761635541915894,2.240200996398926,2.365542411804199,2.0703789591789246,1.1627124547958374,-0.19689508068039213,0.75128173828125,3850.961181640625,1.1931536197662354,12309.0,-0.16942885518074036,1.652022361755371,1559.910515653962,435.56574145059693,14.09241872332447,2.622992825603808,0.70608242518676,0.013218590906581743,0.683873024030078,0.009160301746101595,0.6686147561126852,0.09095306951401123,0.46776622412412316,0.012619564481591319,0.07061767578125,0.05291748046875,0.034423828125,0.0252685546875,0.02191162109375,0.02008056640625,0.02392578125,0.036865234375,0.04498291015625,0.0323486328125,0.02130126953125,0.017578125,0.0179443359375,0.0223388671875,0.030517578125,0.050048828125,0.086181640625,0.3907470703125,2.3201802032706014,0.01983642578125,0.01708984375,0.01287841796875,0.0108642578125,0.0078125,0.0079345703125,0.00811767578125,0.008544921875,0.0062255859375,0.0357666015625,0.00543212890625,0.0374755859375,0.00604248046875,0.01409912109375,0.02227783203125,0.0247802734375,0.6041259765625,0.15069580078125,1.5676632234038355,11610.0,1894.934162290767,0.040630655876143174,0.26368735968105944,0.7086181640625,164.6671909545691,158.83932239578343,0.7086181640625,19860517,1.3.6.1.4.1.14519.5.2.1.7695.1700.132084013525897301063367316265,C:\Users\ferra\Documents\breast_cancer_nac\data\raw\ISPY1\manifest-PyHQgfru6393647793776378748\ISPY1\ISPY1_1074\05-17-1986-987142-HUP5 PROTOCOLSBREAST-47951\6.000000-post needleR-16265,post needle_R,64,True,T0,2009-09-03 00:00:00,36.51,1,1,0,1,0,1,HRposHER2neg,0,2,153,139,114,5,0,,,,,,,,,,,,,,,,,,,,,,,,,,,,,,,,,,,,,,,,,,,,,,,,,,
1075,-1.671088492612867,1.0075001375878367,1.9640941158178076,2.8617134861971287,-2.396348476409912,-2.295463800430298,-2.0432519912719727,-1.6649341583251953,0.0753280520439148,0.6305296421051025,-0.29821653870811815,0.7306910198800541,2.9121552673195064,7.194456036208331,-0.5450685620307922,-0.5450685620307922,-0.5450685620307922,-0.5450685620307922,0.6715027093887329,0.0,-0.10395962351988253,0.7810446006122466,4.682949800404264,20.290172275402547,-0.2564987242221832,-0.25649869441986084,-0.25649869441986084,-0.25649869441986084,-0.2564978301525116,0.0,1.0289333298982442,10.74710934434876,90.15346422750086,9110.831997651037,0.13386276811361336,0.7987170219421387,0.8407577276229858,0.8618888258934021,0.868250173330307,0.06317180395126343,1.3728719861926493,1.035862087519216,-0.7589550984491836,3.4759054982161413,0.11101788282394409,1.220750331878662,1.5486257076263428,1.7827423810958862,1.8765013217926025,0.5619920492172241,1.372871994972229,-0.1414966405148923,0.88470458984375,1171.9217529296875,1.6062747240066528,14495.0,0.3241365849971771,-0.6006017327308655,1087.0725136409926,377.81648624741433,8.78001354619373,2.00913590186741,0.855094105068312,0.008200667562874414,0.8294501121127295,0.004875367541454401,0.8450487198427302,0.05305671589172363,0.6880112576924838,0.008096829832855541,0.06689453125,0.05609130859375,0.028564453125,0.0213623046875,0.0157470703125,0.01983642578125,0.01995849609375,0.02935791015625,0.0374755859375,0.02978515625,0.0155029296875,0.0133056640625,0.0137939453125,0.01788330078125,0.0250244140625,0.05706787109375,0.0936279296875,0.438720703125,2.1708104067558622,0.01019287109375,0.0087890625,0.0047607421875,0.0037841796875,0.00299072265625,0.00396728515625,0.00494384765625,0.0047607421875,0.00506591796875,0.03485107421875,0.00390625,0.0367431640625,0.0047607421875,0.00909423828125,0.0140380859375,0.014892578125,0.765625,0.06683349609375,1.088767592326156,14467.0,1843.4966081312812,0.05349382587570148,0.211635857987862,0.88299560546875,149.6109474755576,146.22204835245668,0.88299560546875,19860523,1.3.6.1.4.1.14519.5.2.1.7695.1700.286090820620330856220512600868,C:\Users\ferra\Documents\breast_cancer_nac\data\raw\ISPY1\manifest-PyHQgfru6393647793776378748\ISPY1\ISPY1_1075\05-23-1986-659327-MR BREASTUNI UE-96167\4.000000-Dynamic-3dfgre-00868,Dynamic-3dfgre,180,True,T0,2009-09-03 00:00:00,33.47,1,0,0,0,0,3,TripleNeg,0,2,54,27,6,0,1,,,,,,,,,,,,,,,,,,,,,,,,,,,,,,,,,,,,,,,,,,,,,,,,,,
1077,-0.697312713626161,0.8435126749062315,0.2517437197303312,0.7556163274168433,-1.8195735216140747,-1.1873061656951904,-0.7131058573722839,-0.08083880692720413,0.23529483377933502,1.1064673587679863,-0.14990684117128694,0.7693217810776932,5.043634327140938,25.358196146328186,-0.30289292335510254,-0.30289292335510254,-0.30289292335510254,-0.30289292335510254,-0.30289292335510254,0.0,-0.028052446511090068,0.8990003259099784,5.116731743101733,30.879417476566566,-0.12198680862784386,-0.1216738224029541,-0.1216738224029541,-0.1216738224029541,-0.12130218669772148,0.0,0.9161217402682098,4.731727433434871,27.481188197101933,1098.4810303599875,0.0,0.0,0.6935907006263733,0.8519081473350525,0.9100214838981628,0.8519081473350525,0.5474058731765581,1.014171499420418,1.2656800663005854,4.69584604074757,-0.5381877422332764,-0.06398740410804749,0.4102129340171814,1.0424801111221313,1.674747347831726,1.1064675152301788,0.5474058389663696,-0.22260300913585873,0.68084716796875,272.2158508300781,1.1894699335098267,11155.0,0.21201863884925842,0.16725783050060272,1236.302742994178,396.02951520616693,9.138115815739699,2.04014310411304,0.8167095006523925,0.017834778915265904,0.7967780695601169,0.011035351414946314,0.5636035608325473,0.14631739375865815,0.6349770711127977,0.017609361149121146,0.082763671875,0.0537109375,0.04168701171875,0.0301513671875,0.02117919921875,0.01739501953125,0.0157470703125,0.0201416015625,0.01934814453125,0.02117919921875,0.01641845703125,0.01678466796875,0.01904296875,0.02862548828125,0.0362548828125,0.04296875,0.113037109375,0.403564453125,2.2367649214148013,0.01788330078125,0.01251220703125,0.00689697265625,0.00628662109375,0.005126953125,0.00653076171875,0.004150390625,0.00421142578125,0.00250244140625,0.02349853515625,0.004150390625,0.02947998046875,0.0159912109375,0.029541015625,0.037109375,0.03314208984375,0.6553955078125,0.1055908203125,1.4480543699545967,10439.0,3969.7425663487293,0.00832423003831439,0.43164751327523687,0.63714599609375,165.75078581979074,149.51423047661083,0.63714599609375,19860529,1.3.6.1.4.1.14519.5.2.1.7695.1700.282953440681021525999516976814,C:\Users\ferra\Documents\breast_cancer_nac\data\raw\ISPY1\manifest-PyHQgfru6393647793776378748\ISPY1\ISPY1_1077\05-29-1986-568469-MR BREASTUNI UE-49535\4.000000-Dynamic-3dfgre-76814,Dynamic-3dfgre,180,True,T0,2009-09-03 00:00:00,41.65,1,1,1,1,1,2,HER2pos,0,1,51,39,16,15,1,,,,,,,,,,,,,,,,,,,,,,,,,,,,,,,,,,,,,,,,,,,,,,,,,,
1078,-1.4988577108819072,1.4117942687589058,0.26646024268285107,-1.394056452787781,-3.162782907485962,-2.843602180480957,-1.779666781425476,-0.13056690990924835,0.4545975625514984,2.7130352705717087,-0.13700662343217118,0.8101259155938213,2.515287035895735,6.110341212494188,-0.525596022605896,-0.525596022605896,-0.525596022605896,-0.15152736008167267,0.8771615028381348,0.3740686625242233,-0.17379894291204323,0.27110496159237446,16.647658535369317,303.0605906977052,-0.18824714422225952,-0.18824714422225952,-0.18824714422225952,-0.18824714422225952,-0.18824714422225952,0.0,3.3615802051424453,79.1059889825418,86.77609149465762,8903.22219003186,0.0,0.19886840879917145,0.8522326350212097,0.8923624753952026,1.7479033946990974,0.6934940665960312,1.3618510928354226,1.511835420250181,-0.003617050392236731,-0.45316819555030285,-0.7674064636230469,0.08374184370040894,1.6264480352401733,2.5307931900024414,2.849973678588867,2.4470513463020325,1.3618510961532593,0.02701637585758564,0.73822021484375,8619.0009765625,3.6820363998413086,12095.0,0.19172893464565277,0.6802042722702026,1780.6105215833693,552.1561944937653,19.07856651538518,3.7055529834671894,0.6130722418737274,0.01740227470275888,0.5873951678829589,0.010087281825256374,0.6793519053461341,0.09829443238843606,0.34513483650687166,0.011861270434112395,0.072998046875,0.0548095703125,0.02886962890625,0.01702880859375,0.0157470703125,0.01861572265625,0.02557373046875,0.03564453125,0.0521240234375,0.04071044921875,0.02252197265625,0.0159912109375,0.014404296875,0.0184326171875,0.0277099609375,0.04583740234375,0.0880126953125,0.40496826171875,2.2652269997496237,0.03253173828125,0.02154541015625,0.0179443359375,0.01165771484375,0.008544921875,0.00830078125,0.00885009765625,0.00762939453125,0.00836181640625,0.0330810546875,0.00628662109375,0.0333251953125,0.01025390625,0.01910400390625,0.025146484375,0.0301513671875,0.5430908203125,0.1741943359375,1.732372332498126,11932.0,2305.872329194891,0.028200226285651487,0.27476009923273415,0.728271484375,154.4841834214,148.53852162946836,0.728271484375,19860525,1.3.6.1.4.1.14519.5.2.1.7695.1700.330747033152885047434326658751,C:\Users\ferra\Documents\breast_cancer_nac\data\raw\ISPY1\manifest-PyHQgfru6393647793776378748\ISPY1\ISPY1_1078\05-25-1986-189019-MR BREASTUNI UE-70907\5.000000-Dynamic-3dfgre-58751,Dynamic-3dfgre,180,True,T0,2009-09-03 00:00:00,31.33,5,1,1,1,0,1,HRposHER2neg,0,1,86,88,88,86,1,,,,,,,,,,,,,,,,,,,,,,,,,,,,,,,,,,,,,,,,,,,,,,,,,,
1079,-0.46727527441362326,1.132892025998504,0.7918661515769043,0.2925562175499512,-1.7018640041351318,-1.2206977605819702,-0.6793860793113708,0.10250896215438843,1.3054243326187134,1.3232067227363586,-0.19810631143252522,0.9373099745418038,0.4208937147152232,-0.4032440871397651,-1.4849867820739746,-0.9410375356674194,-0.24167419970035553,0.4576890468597412,1.079345464706421,1.3987265825271606,-0.18005491352073477,0.9821334883508583,0.6589153713757858,-0.06228739192503285,-1.397161602973938,-0.9422419667243958,-0.29235678911209106,0.35752835869789124,1.2023789882659912,1.299770325422287,2.5947367967823887,98.03842476819423,123.29870136858004,15561.618182840142,0.0,0.0,0.6199853420257568,1.2332037687301636,2.263370513916016,1.2332037687301636,0.2691689629634766,1.3092167092797387,-0.537061136805488,0.23249494349704758,-1.564003455638885,-0.5123338103294373,0.46009767055511475,1.1594610214233398,1.7879230022430437,1.671794831752777,0.2691689729690552,-0.06706320389887269,0.58404541015625,12391.3955078125,3.7516303062438965,9569.0,1.0579458475112915,0.5121577978134155,2987.6846855635927,750.4169032490212,41.02442005517076,6.365220531904155,0.07207643202281273,0.018766412727763568,0.03664717182286208,0.005655181304174321,0.6341372148790446,0.09225693831567543,0.0013749962781974595,0.0004968406506158069,0.0758056640625,0.05645751953125,0.03533935546875,0.02667236328125,0.016845703125,0.016357421875,0.01812744140625,0.02337646484375,0.0269775390625,0.0234375,0.01611328125,0.01885986328125,0.01654052734375,0.02374267578125,0.03607177734375,0.04852294921875,0.0955810546875,0.4251708984375,2.2073574666502638,0.090087890625,0.060302734375,0.03759765625,0.0205078125,0.01397705078125,0.01361083984375,0.01092529296875,0.013427734375,0.01397705078125,0.01458740234375,0.0123291015625,0.01458740234375,0.0125732421875,0.018798828125,0.0308837890625,0.0494384765625,0.134033203125,0.4383544921875,2.0685316617015053,8637.0,3937.3344494407656,0.0070011304572162375,0.5905985894073992,0.597137721238938,147.47868526766635,119.0102098997986,0.557657541322314,,,,,,,,,,,,,,,,,,,,,,,,,,,,,,,,,,,,,,,,,,,,,,,,,,,,,,,,,,,,,,,,,,,,,,,,,
1082,-0.761218433400245,1.3864018729730465,0.5510009279614809,-0.855892073816559,-2.2900092601776123,-2.0159590244293213,-1.0567834377288818,0.31346753239631653,1.341155767440796,2.329426556825638,-0.3127457515208789,0.79750435677211,2.2989510019071653,5.532928607172659,-0.7953575849533081,-0.7953575849533081,-0.6767577528953552,-0.12329171597957611,0.6673740744590759,0.672065868973732,-0.16316345406943178,0.6648958230331149,6.0242843772769765,39.67789374438829,-0.29742484390735624,-0.2967351973056793,-0.29673486948013306,-0.2967281863093376,-0.28549595177173615,7.010996341705322e-06,1.1336359134647864,8.738058066574673,32.5063599075366,1314.711647248028,0.0,0.0,0.6859596967697144,0.7677466869354248,1.3927996993064893,0.7677466869354248,0.4484726818610625,1.3392352273159638,-0.40826323632368755,0.08241124196697713,-1.5291129350662231,-0.4907379001379013,0.8162331581115723,1.426138997077942,1.6909765005111694,1.9168768972158432,0.44847267866134644,-0.3335364007456764,0.6400146484375,473.7247619628906,2.2712619304656982,10486.0,0.6119108200073242,0.10573124885559082,1717.3374243142325,474.5727979923834,23.38848746700147,3.7585360309493607,0.3007802806731215,0.015376653135467502,0.24993481749815938,0.008227472599795112,0.6444245479196563,0.09817616737993727,0.06253510430321864,0.004114732823840878,0.0755615234375,0.0531005859375,0.03826904296875,0.02374267578125,0.0203857421875,0.01947021484375,0.0218505859375,0.02947998046875,0.03558349609375,0.030517578125,0.02001953125,0.018798828125,0.0189208984375,0.02215576171875,0.03863525390625,0.04473876953125,0.09002685546875,0.39874267578125,2.2939387052009312,0.06390380859375,0.0341796875,0.0313720703125,0.02154541015625,0.01837158203125,0.0152587890625,0.01519775390625,0.01434326171875,0.0128173828125,0.02801513671875,0.01275634765625,0.0252685546875,0.01385498046875,0.02081298828125,0.03582763671875,0.04901123046875,0.25506591796875,0.3323974609375,2.170307288268545,9967.0,2784.2692988145614,0.01615666964571639,0.4449321228106237,0.60833740234375,166.51832081694897,149.1278625509788,0.60833740234375,,,,,,,,,,,,,,,,,,,,,,,,,,,,,,,,,,,,,,,,,,,,,,,,,,,,,,,,,,,,,,,,,,,,,,,,,
1083,-0.8122589234451425,1.3013413601328063,0.9808950516244409,0.3845322104004656,-2.1661489009857178,-1.9809277057647705,-1.054821491241455,-0.09167090058326721,0.9826124310493469,1.8892568051815033,0.012000031797470001,1.025078912958501,2.26865152233818,4.263088194766853,-0.5153080821037292,-0.49766433238983154,-0.49766433238983154,0.03164897486567497,1.4960824251174927,0.5293133072555065,0.013197226527101424,1.0283136620011293,3.963382343905109,14.158649697851622,-0.24511445313692093,-0.24490417540073395,-0.24490416049957275,-0.24490375816822052,-0.22697167545557004,4.172325134277344e-07,8.451103940473047,794.0116591683565,124.55017630865575,15742.373206402677,0.0,0.0,0.7985081374645233,0.8778591752052307,1.564020669460299,0.8778591752052307,0.8242589547866146,1.5026921857829532,-0.057599892671183886,0.861360611686985,-1.0528625130653377,-0.07259517908096313,0.9805309772491455,1.6684845685958862,2.354835271835327,1.7410797476768494,0.8242589235305786,-0.00145245026361189,0.70989990234375,100626.84375,2.6739766597747803,11631.0,0.6803053617477417,0.7976272702217102,2368.0042375119265,751.2011447086256,23.47952836465095,4.732311845952183,0.46793370433800413,0.019789797069327347,0.41047560095789265,0.009984690090256031,0.6976883043770351,0.09485584755860378,0.16858991301794157,0.008212756936116731,0.0682373046875,0.05426025390625,0.0277099609375,0.02093505859375,0.016357421875,0.0166015625,0.02392578125,0.03692626953125,0.04913330078125,0.03497314453125,0.01776123046875,0.01324462890625,0.0126953125,0.01556396484375,0.025634765625,0.05322265625,0.09722900390625,0.41558837890625,2.2240109656928,0.0413818359375,0.030029296875,0.0230712890625,0.01806640625,0.01312255859375,0.0137939453125,0.01416015625,0.01361083984375,0.01458740234375,0.0347900390625,0.0135498046875,0.0321044921875,0.0133056640625,0.0252685546875,0.032958984375,0.037353515625,0.37713623046875,0.251708984375,2.079109958541306,11400.0,2928.0510447450815,0.01670926813873035,0.3090096062583963,0.69580078125,157.56249028316054,149.85121133827573,0.69580078125,,,,,,,,,,,,,,,,,,,,,,,,,,,,,,,,,,,,,,,,,,,,,,,,,,,,,,,,,,,,,,,,,,,,,,,,,
1084,-0.3304592491747371,1.4310286189251098,-0.424293582266772,-0.8294834859598383,-2.836606740951538,-1.2791144847869873,-0.11807470768690109,0.830579400062561,1.4110994338989258,2.1096938848495483,0.004174254516897236,0.9573263309312462,1.792148697880975,2.4394244161017724,-0.5757534503936768,-0.5757534503936768,-0.5757534503936768,0.30122143030166626,1.4218004941940308,0.876974880695343,-0.07954371348769484,0.73371608087866,7.072135448117302,49.886997391959156,-0.18958954513072968,-0.18958954513072968,-0.18958954513072968,-0.18958954513072968,-0.1895895004272461,0.0,1.3845053751871461,85.79118947491581,123.57629690377132,15576.140461902616,0.0,0.0,0.3178406208753586,0.7519453763961792,0.864949107170105,0.7519453763961792,0.33463350337115116,1.1897238349544785,0.22904382581952654,-0.6917309424518887,-1.1210035443305968,-0.5284738540649414,0.22357723116874695,1.057336449623108,2.2891712188720703,1.5858103036880493,0.3346335291862488,0.2501773047544672,0.5050048828125,10844.2080078125,1.3582910299301147,8274.0,-0.007127128541469574,-0.7049237489700317,2111.346590991262,843.9632012480453,23.781286766069133,5.896699565500804,0.4552914649074837,0.024238408423976964,0.40755365259431775,0.014626525856835848,0.7484415019200054,0.09968865771286917,0.1663139150016105,0.01191871266187939,0.0516357421875,0.04248046875,0.04022216796875,0.032470703125,0.0267333984375,0.03216552734375,0.03948974609375,0.05792236328125,0.0758056640625,0.05828857421875,0.0396728515625,0.03167724609375,0.0284423828125,0.0322265625,0.03228759765625,0.03564453125,0.06512451171875,0.2777099609375,2.6016461265542192,0.0360107421875,0.02606201171875,0.02239990234375,0.0216064453125,0.01953125,0.01934814453125,0.0184326171875,0.023681640625,0.022705078125,0.058837890625,0.01800537109375,0.05218505859375,0.0240478515625,0.02435302734375,0.03411865234375,0.03656005859375,0.360107421875,0.1820068359375,2.271415823840657,3976.0,1127.3818177180199,0.03931100864873842,0.8006451265796657,0.3133669609079445,206.5178019198336,123.73284174282972,0.24267578125,19860624,1.3.6.1.4.1.14519.5.2.1.7695.1700.174281385520152994978185814103,C:\Users\ferra\Documents\breast_cancer_nac\data\raw\ISPY1\manifest-PyHQgfru6393647793776378748\ISPY1\ISPY1_1084\06-24-1986-073592-MR BREAST BILAT WWO C-41243\103.000000-DCE PRE Right-14103,DCE PRE Right,54,True,T0,2009-09-03 00:00:00,34.53,1,1,0,1,1,2,HER2pos,0,1,111,120,31,24,0,,,,,,,,,,,,,,,,,,,,,,,,,,,,,,,,,,,,,,,,,,,,,,,,,,
1086,-1.2964611386970546,0.7989973360244013,1.3245148986240551,1.3636054726360491,-2.0631723403930664,-1.8574533462524414,-1.543731689453125,-0.9728614687919617,-0.05226884409785271,0.8845918774604797,-0.4505560664622408,0.4539248602142945,4.938450229682822,27.13981282370006,-0.5600574612617493,-0.5600574612617493,-0.5600574612617493,-0.5600574612617493,-0.3702823221683502,0.0,-0.15313700248447049,0.1935001449479805,32.21838405531894,1098.7170619107762,-0.16099095344543457,-0.16099095344543457,-0.16099095344543457,-0.16099095344543457,-0.16099095344543457,0.0,1.3238799189282702,35.40805752803005,106.06720178402516,12122.738393892436,0.0,0.584744930267334,0.7227377891540527,0.7730222940444946,0.8014772534370422,0.18827736377716064,0.845905086315355,0.6984970349152649,-1.199878273445874,2.224077182093583,-0.13127130866050654,0.5310924649238586,1.0145320892333984,1.3179676532745361,1.5339727401733398,0.7868751883506775,0.845905065536499,-0.35159818981384805,0.84747314453125,4185.24560546875,0.8317292928695679,13885.0,0.20291368663311005,1.0172536373138428,1516.7086584763545,404.9855525032646,12.924438689988497,2.292960916957069,0.7446754193922575,0.013970939051225224,0.7331650112870033,0.01058887185542461,0.41769177164885285,0.1537843913954999,0.5376430579826422,0.015581122265394886,0.07879638671875,0.04736328125,0.0413818359375,0.03302001953125,0.02874755859375,0.0250244140625,0.02752685546875,0.033935546875,0.03692626953125,0.032958984375,0.02337646484375,0.0181884765625,0.021728515625,0.0252685546875,0.0374755859375,0.0443115234375,0.0872802734375,0.356689453125,2.4099251266160375,0.02264404296875,0.01629638671875,0.01007080078125,0.00927734375,0.0062255859375,0.0067138671875,0.00494384765625,0.00469970703125,0.00341796875,0.0247802734375,0.0032958984375,0.02850341796875,0.01275634765625,0.02703857421875,0.04229736328125,0.03753662109375,0.57421875,0.165283203125,1.6168408590131624,13734.0,2683.471354961864,0.023966961577503297,0.28939801371526225,0.8387175572519084,152.41355598847088,145.89160522052276,0.8382568359375,19860727,1.3.6.1.4.1.14519.5.2.1.7695.1700.160845668176182476286349174452,C:\Users\ferra\Documents\breast_cancer_nac\data\raw\ISPY1\manifest-PyHQgfru6393647793776378748\ISPY1\ISPY1_1086\07-27-1986-452108-MR BREAST BILAT WWO C-74161\10.000000-T1 left breast post axial-74452,T1 left breast post axial,60,True,T0,2009-09-03 00:00:00,41.51,3,1,1,1,1,2,HER2pos,0,1,69,66,37,25,0,,,,,,,,,,,,,,,,,,,,,,,,,,,,,,,,,,,,,,,,,,,,,,,,,,
1087,-0.4742261658801681,1.0716644753968587,1.360515943171919,2.1095255671360293,-1.6390173435211182,-1.1928762197494507,-0.6830008029937744,-0.10939087718725204,0.9103600978851318,1.0834853425621986,0.2432534524897676,1.1214055183403904,1.5663155933841264,2.139310628134772,-0.6272021532058716,-0.5857197046279907,-0.17089509963989258,0.7417190074920654,1.7787803411483765,1.3274387121200562,0.16738932790046235,1.570817859816822,4.496847306779932,19.518563037031942,-0.10711369216442108,-0.10703050345182419,-0.10703050345182419,-0.10703050345182419,-0.10656427592039108,0.0,5.8071727030545865,54.8359641739704,18.14522075098258,403.1376933835173,0.0,0.0,0.6054694056510925,1.622076392173767,3.9180289745330823,1.622076392173767,0.7174796178529732,1.480933407074569,0.2882976990591958,1.7015568175786413,-0.9083758831024165,-0.030187785625457764,0.60715651512146,1.4247198104858398,2.4887290239334114,1.4549075961112976,0.7174795866012573,0.10573682791507395,0.66534423828125,1730.7554931640625,7.523126125335693,10901.0,-0.052796125411987305,1.176446795463562,2806.567041499073,790.4636968391628,33.08477965912587,5.8947551844610455,0.2184462639283482,0.01933715428492643,0.17240631455183517,0.009076909767110597,0.5909546609567209,0.1149622032057483,0.0298063275882666,0.003158763532375516,0.0633544921875,0.05670166015625,0.0286865234375,0.01806640625,0.01251220703125,0.01947021484375,0.02044677734375,0.03009033203125,0.043701171875,0.03582763671875,0.01947021484375,0.016845703125,0.0133056640625,0.01739501953125,0.0277099609375,0.05126953125,0.09521484375,0.429931640625,2.1963693005916145,0.06292724609375,0.04498291015625,0.03436279296875,0.02569580078125,0.01763916015625,0.0191650390625,0.01617431640625,0.0172119140625,0.015625,0.02703857421875,0.013671875,0.025390625,0.01837158203125,0.026123046875,0.0421142578125,0.05584716796875,0.17742919921875,0.3602294921875,2.259420182037025,6624.0,2672.6551211459378,0.011653177069571185,0.7886677840966864,0.680571252440152,141.84280175838038,87.20773300008992,0.6388888888888888,,,,,,,,,,,,,,,,,,,,,,,,,,,,,,,,,,,,,,,,,,,,,,,,,,,,,,,,,,,,,,,,,,,,,,,,,
1088,-1.9423267480246977,1.4669529111142439,1.0882202696204655,-0.3838654554929235,-3.0410616397857666,-2.9970195293426514,-2.846017599105835,-0.6926700174808502,0.5766883492469788,2.304349511861801,0.8214525580406189,0.0,,,0.8214525580406189,0.8214525580406189,0.8214525580406189,0.8214525580406189,0.8214525580406189,0.0,-0.4512297448927711,0.5526787659501484,0.9849009889675037,0.03801212986965652,-0.9025133848190308,-0.9025133848190308,-0.9025133848190308,0.0071607246063649654,0.46199777722358704,0.9096741094253957,2.8409895094497983,31.70854015412229,74.36569021272986,6174.930262293181,0.4374881088733673,1.2829023599624634,1.808516263961792,1.8673830032348633,2.2986184835433976,0.5844806432723999,2.7637793463709386,1.466952936886202,-1.088220259775179,-0.38386548687502353,0.24476420879364014,1.5141226053237915,3.6674702167510986,3.818472146987915,3.8625142574310303,2.3043495416641235,2.7637791633605957,0.46048612882888545,0.90802001953125,2675.657470703125,3.9921159744262695,14877.0,-0.5493063926696777,2.216331958770752,0.0,0.0,0.0,0.0,1.0,0.0,1.0,0.0,1.0,0.0,1.0,0.0,0.04364013671875,0.0283203125,0.03936767578125,0.0352783203125,0.02789306640625,0.03521728515625,0.0423583984375,0.070068359375,0.11474609375,0.07171630859375,0.03790283203125,0.03643798828125,0.02911376953125,0.03363037109375,0.0308837890625,0.0225830078125,0.0902099609375,0.21063232421875,2.658079068865677,0.0,0.0,0.0,0.0,0.0,0.0,0.0,0.0,0.0,0.0,0.0,0.0,0.0,0.0,0.0,0.0,1.0,0.0,-9.999994999180668e-07,14851.0,934.6944801964783,0.21361227539126013,0.4600160838139698,0.9155415819000061,153.21677669389803,136.04279745314346,0.90643310546875,19860801,1.3.6.1.4.1.14519.5.2.1.7695.1700.284641076219984766218952736499,C:\Users\ferra\Documents\breast_cancer_nac\data\raw\ISPY1\manifest-PyHQgfru6393647793776378748\ISPY1\ISPY1_1088\08-01-1986-270482-MR BREAST UNI U-91167\3.000000-Dynamic-Unilateral 3dfgre-36499,Dynamic-Unilateral 3dfgre,180,True,T0,2009-09-03 00:00:00,53.05,1,1,1,1,0,1,HRposHER2neg,0,1,77,87,43,0,1,,,,,,,,,,,,,,,,,,,,,,,,,,,,,,,,,,,,,,,,,,,,,,,,,,
1090,-1.0568556825907258,1.2528479129870826,0.8920536061297945,-0.08806562461248157,-2.376772165298462,-2.1005144119262695,-1.382244348526001,-0.27721333503723145,0.8830693364143372,1.823301076889038,-0.20711208477990795,0.8379399759441428,2.697095654417432,7.545245113955735,-0.653538703918457,-0.6229174733161926,-0.6229174733161926,-0.13297739624977112,0.7458525478840097,0.4899400770664215,-0.13905512324547686,0.503137920398336,7.939669374005838,70.49041468185948,-0.2149353727698326,-0.2149343341588974,-0.2149343341588974,-0.2149343341588974,-0.21492446213960648,0.0,20.511575869286844,2452.8988290010734,127.98528817202617,16378.488999797954,0.0,0.36420247703790665,0.7802671194076538,0.8440176844596863,1.776806676387789,0.47981520742177963,0.8497436120671864,1.2713917022707635,-0.6543147992403112,0.951076719560664,-1.0087226629257202,0.18084803223609924,1.2013392448425293,1.6433515548706055,1.9196093082427979,1.4625035226345062,0.849743664264679,-0.08009106593504003,0.757568359375,313979.53125,2.8893280029296875,12412.0,0.34770652651786804,-1.1420748233795166,1540.741875662837,403.54525604415306,21.263130953269403,3.304889441952146,0.3390581080625575,0.01874478554189254,0.29455650555735596,0.009983493970716262,0.6702800683965658,0.0859159213978888,0.08686320511802399,0.005902976153855057,0.07476806640625,0.04742431640625,0.03521728515625,0.0247802734375,0.02239990234375,0.02362060546875,0.0279541015625,0.037109375,0.046875,0.03857421875,0.02410888671875,0.01971435546875,0.01806640625,0.0223388671875,0.03173828125,0.0450439453125,0.0867919921875,0.37347412109375,2.3665209617379226,0.06121826171875,0.03485107421875,0.0286865234375,0.0230712890625,0.0155029296875,0.01495361328125,0.01239013671875,0.01104736328125,0.01068115234375,0.02435302734375,0.00958251953125,0.02459716796875,0.01434326171875,0.025390625,0.04010009765625,0.049560546875,0.26995849609375,0.3297119140625,2.13442325717764,10949.0,2746.1404025201764,0.018244788965493662,0.5406801413892477,0.762412088294687,148.78817539222527,125.16481783051671,0.7374057112068966,,,,,,,,,,,,,,,,,,,,,,,,,,,,,,,,,,,,,,,,,,,,,,,,,,,,,,,,,,,,,,,,,,,,,,,,,
1091,-1.1972219723513717,1.1430406418005605,1.3519545740570897,1.3350225553146506,-2.2725658416748047,-2.0503618717193604,-1.6059541702270508,-0.6060368418693542,0.5049824118614197,1.444325029850006,-0.16843597273395972,0.8617785162303991,3.4848225558411023,11.152438440022879,-0.4265637993812561,-0.4265637993812561,-0.4265637993812561,-0.4265637993812561,0.23076219856739044,0.0,-0.006604968700465008,0.9911343163570973,4.397345357967204,17.545877410867437,-0.22866611182689667,-0.22866570949554443,-0.22866570949554443,-0.22866570949554443,-0.22846266627311707,0.0,0.8431226121293918,2.8229229243678406,46.73762616724689,2798.4664657764138,0.0,0.6699349284172058,0.8670382499694824,0.8913655877113342,0.9031758904457092,0.22143065929412842,1.0287860187263504,0.9107546122814315,-1.244400828186485,2.428465320427409,-0.2649346590042114,0.5127788186073303,1.290492296218872,1.623798131942749,1.8460021018981934,1.1110193133354187,1.028786063194275,-0.15730272298066192,0.83367919921875,202.0875244140625,0.9081676006317139,13659.0,0.5128328204154968,0.5321544408798218,1580.146957389102,439.21184303317216,12.661463259364579,2.4297186942366693,0.7175984010201865,0.016656646961088338,0.6724575787280785,0.01209333651091037,0.7220063258827979,0.07663995742853497,0.45234544397679605,0.016340321017906254,0.07672119140625,0.051025390625,0.03643798828125,0.02508544921875,0.02020263671875,0.02099609375,0.02044677734375,0.02532958984375,0.0308837890625,0.02618408203125,0.01666259765625,0.01788330078125,0.01806640625,0.02166748046875,0.0352783203125,0.04736328125,0.10650634765625,0.40325927734375,2.2602244524375488,0.021484375,0.0167236328125,0.01080322265625,0.0091552734375,0.00689697265625,0.01007080078125,0.00823974609375,0.005859375,0.00531005859375,0.02777099609375,0.0059814453125,0.03326416015625,0.01141357421875,0.02789306640625,0.0411376953125,0.0367431640625,0.543212890625,0.17803955078125,1.7065425306568374,13576.0,2995.265294201204,0.01901564690449065,0.22506871957253186,0.8305395815490028,150.008880883103,146.1600868468078,0.82861328125,19860821,1.3.6.1.4.1.14519.5.2.1.7695.1700.215416388857287409157252768267,C:\Users\ferra\Documents\breast_cancer_nac\data\raw\ISPY1\manifest-PyHQgfru6393647793776378748\ISPY1\ISPY1_1091\08-21-1986-847481-MR BREAST BILAT WWO C-79820\8.000000-T1 left breast post axial-68267,T1 left breast post axial,86,True,T0,2009-09-03 00:00:00,54.64,4,0,0,0,1,2,HER2pos,0,1,70,62,54,53,0,,,,,,,,,,,,,,,,,,,,,,,,,,,,,,,,,,,,,,,,,,,,,,,,,,
1092,-2.1643576452015054,1.6190375710708105,0.8588678639895542,-0.8346909809349543,-3.5228803157806396,-3.444408416748047,-3.136557102203369,-0.6073474287986755,0.46711379289627075,2.8370609879493713,0.8372637033462524,0.0,,,0.8372637033462524,0.8372637033462524,0.8372637033462524,0.8372637033462524,0.8372637033462524,0.0,-0.5020641707524192,0.24025491004191205,0.49515254789372004,1.3567407263150555,-0.8886436820030212,-0.6009566187858582,-0.47018975019454956,-0.36557623744010925,-0.156349316239357,0.2353803813457489,3.2873017957360418,32.61907471304443,67.56229802120696,6183.02086211292,0.4137762784957886,1.3787976503372192,1.504819393157959,1.6916345357894897,3.077102518081667,0.3128368854522705,3.001621348588742,1.6190375720556478,-0.8588678608613445,-0.8346909833907428,0.3701499104499817,1.4446110725402832,3.973820686340332,4.28167200088501,4.360144138336182,2.8370609283447266,3.0016212463378906,0.4462013609601114,0.9085693359375,3255.958740234375,5.551891803741455,14886.0,-0.599648118019104,2.8811564445495605,0.0,0.0,0.0,0.0,1.0,0.0,1.0,0.0,1.0,0.0,1.0,0.0,0.05047607421875,0.0311279296875,0.03814697265625,0.03631591796875,0.0302734375,0.03369140625,0.04193115234375,0.06536865234375,0.1060791015625,0.070556640625,0.037841796875,0.03057861328125,0.0284423828125,0.03118896484375,0.03570556640625,0.02850341796875,0.072998046875,0.23077392578125,2.6499982920110314,0.0,0.0,0.0,0.0,0.0,0.0,0.0,0.0,0.0,0.0,0.0,0.0,0.0,0.0,0.0,0.0,1.0,0.0,-9.999994999180668e-07,14778.0,878.1553749530772,0.24081459162863364,0.435729495570546,0.9041297032731722,153.36716848421983,138.04236320858618,0.9019775390625,19860810,1.3.6.1.4.1.14519.5.2.1.7695.1700.313220206834513926525922722697,C:\Users\ferra\Documents\breast_cancer_nac\data\raw\ISPY1\manifest-PyHQgfru6393647793776378748\ISPY1\ISPY1_1092\08-10-1986-729917-MR BREASTUNI UE-75731\3.000000-Dynamic-Unilateral 3dfgre-22697,Dynamic-Unilateral 3dfgre,120,True,T0,2009-09-03 00:00:00,44.13,1,1,1,1,0,1,HRposHER2neg,0,2,82,88,43,0,0,,,,,,,,,,,,,,,,,,,,,,,,,,,,,,,,,,,,,,,,,,,,,,,,,,
1094,-1.3623598551590845,1.1858609029380758,1.2117488898572846,0.27812392309316314,-2.3090107440948486,-2.265141487121582,-1.996443271636963,-0.8064932823181152,0.639542418718342,1.4586482048034668,0.7619367837905884,0.0,,,0.7619367837905884,0.7619367837905884,0.7619367837905884,0.7619367837905884,0.7619367837905884,0.0,-0.40166091738501564,0.4289856565604144,0.4849924593716769,-0.9376007264681201,-0.8359273672103882,-0.8359273672103882,-0.478460431098938,-0.12099353969097137,0.23647336661815643,0.7149338275194168,5.269324409770721,214.2176376728779,89.3745233801939,8048.400490127581,0.1845504522323612,1.3784561157226562,2.0533370971679688,2.1862733364105225,2.769665002822876,0.8078172206878662,2.1242966422014433,1.1858609056655132,-1.2117488835199681,0.27812391458903996,0.12239436507225136,1.5684300661087036,2.7583799362182617,3.027078151702881,3.0709476470947266,1.4586480855941772,2.1242966651916504,0.5477564850048231,0.893310546875,19310.201171875,4.250909328460693,14636.0,-0.5271570682525635,3.4684836864471436,0.0,0.0,0.0,0.0,1.0,0.0,1.0,0.0,1.0,0.0,1.0,0.0,0.03802490234375,0.0228271484375,0.03558349609375,0.03680419921875,0.0333251953125,0.034912109375,0.04156494140625,0.081787109375,0.1318359375,0.082275390625,0.04071044921875,0.0367431640625,0.02764892578125,0.032470703125,0.03326416015625,0.02386474609375,0.080078125,0.186279296875,2.6706774076128377,0.0,0.0,0.0,0.0,0.0,0.0,0.0,0.0,0.0,0.0,0.0,0.0,0.0,0.0,0.0,0.0,1.0,0.0,-9.999994999180668e-07,14632.0,987.7117241391813,0.18847473386448269,0.31188107134656773,0.89306640625,152.09177848794883,144.50561529509756,0.89306640625,19860905,1.3.6.1.4.1.14519.5.2.1.7695.1700.337760373183231997217020633574,C:\Users\ferra\Documents\breast_cancer_nac\data\raw\ISPY1\manifest-PyHQgfru6393647793776378748\ISPY1\ISPY1_1094\09-05-1986-456572-MR BREASTUNI UE-68733\5.000000-Dynamic-Unilateral 3dfgre-33574,Dynamic-Unilateral 3dfgre,180,True,T0,2009-09-03 00:00:00,49.95,1,1,1,1,0,1,HRposHER2neg,0,2,91,,61,55,0,,,,,,,,,,,,,,,,,,,,,,,,,,,,,,,,,,,,,,,,,,,,,,,,,,
1095,-1.4394029641894939,0.560850569384832,1.818418483898858,4.682652520765228,-2.069812774658203,-1.770317792892456,-1.5162007808685303,-1.2847728729248047,-0.8083035349845886,0.48554491996765137,-0.14661520719528198,0.0,,,-0.14661520719528198,-0.14661520719528198,-0.14661520719528198,-0.14661520719528198,-0.14661520719528198,0.0,-0.17275588911516238,0.6921107476857917,2.2632937540182088,4.540394094648417,-0.4863397479057312,-0.4863397479057312,-0.4863397479057312,-0.3487754464149475,0.7116162180900574,0.1375643014907837,2.121111944924337,33.9933221789524,44.798362393290674,2016.9185861385313,0.45512040257453923,0.7868936210870743,1.2868930101394653,1.4254871606826782,1.5897139310836792,0.6385935395956039,1.2927877471374813,0.5608505589687114,-1.818418594201602,4.68265285309457,0.6616883277893066,1.138157606124878,1.3695855140686035,1.6237025260925293,1.9231975078582764,0.48554491996765137,1.292787790298462,0.02022037851051262,0.9537353515625,1535.1787109375,1.9135282039642334,15626.0,1.17830228805542,0.7527284622192383,0.0,0.0,0.0,0.0,1.0,0.0,1.0,0.0,1.0,0.0,1.0,0.0,0.02392578125,0.0177001953125,0.0294189453125,0.03076171875,0.031005859375,0.04278564453125,0.05401611328125,0.08551025390625,0.16192626953125,0.106201171875,0.05419921875,0.0404052734375,0.031005859375,0.02838134765625,0.0238037109375,0.01959228515625,0.0826416015625,0.13671875,2.6555106493384386,0.0,0.0,0.0,0.0,0.0,0.0,0.0,0.0,0.0,0.0,0.0,0.0,0.0,0.0,0.0,0.0,1.0,0.0,-9.999994999180668e-07,15626.0,673.3908729652601,0.4330352322849593,0.25899747218725216,0.9537353515625,150.6597576114151,145.51894524650746,0.9537353515625,19860912,1.3.6.1.4.1.14519.5.2.1.7695.1700.318316787519766754777156931046,C:\Users\ferra\Documents\breast_cancer_nac\data\raw\ISPY1\manifest-PyHQgfru6393647793776378748\ISPY1\ISPY1_1095\09-12-1986-773455-MR BREAST BILAT WWO C-45386\9.000000-Axial T1 left breast post-31046,Axial T1 left breast post,84,True,T0,2009-09-03 00:00:00,43.57,1,1,1,1,0,1,HRposHER2neg,0,2,76,67,56,54,0,,,,,,,,,,,,,,,,,,,,,,,,,,,,,,,,,,,,,,,,,,,,,,,,,,
1096,-1.0319125370172664,0.27228988874720483,1.510321969382357,3.7933657158090757,-1.3033945560455322,-1.2141791582107544,-1.0892775058746338,-0.9108465313911438,-0.6610432267189026,0.3033326268196106,-0.28102190734352916,0.4977463541396488,6.521842375321083,47.18131157659404,-0.36174577474594116,-0.36174577474594116,-0.36174577474594116,-0.36174577474594116,-0.36174577474594116,0.0,9.245674769908195e-16,9.607785390060943e-14,1.8684878447146025,28.55857135153586,-1.2264430388893798e-15,-1.2264430388893798e-15,-1.2264430388893798e-15,-1.2264430388893798e-15,-1.2264430388893798e-15,0.0,0.7261436581736689,1.0228864578129229,37.033494264754644,2346.0253866357907,0.4143851697444923,0.6028459668159485,0.6732547283172607,0.7105716466903687,0.7334069609642029,0.10772567987442017,0.7508906304728953,0.559656533401426,4.311694534456833,29.498560721621608,0.2992974519729614,0.5491007566452026,0.7453747391700745,0.8702763915061951,0.9773350358009338,0.32117563486099243,0.7508906126022339,-0.3742509812473179,0.9368896484375,79.20384979248047,0.8855381608009338,15350.0,-2.604448647646287e-15,0.5381944179534912,1482.6564167492659,236.43344489598604,10.56188955266491,1.2693509357942159,0.8521018535698831,0.011813096327933743,0.8459078113248166,0.008242297705431296,0.21395547818765118,0.12489083879460998,0.7156279607318067,0.013970390407519,0.08807373046875,0.06536865234375,0.02813720703125,0.0137939453125,0.011962890625,0.0098876953125,0.01080322265625,0.011962890625,0.01263427734375,0.01287841796875,0.0074462890625,0.00787353515625,0.00848388671875,0.0128173828125,0.02294921875,0.06427001953125,0.108154296875,0.50250244140625,1.8838753323184365,0.02166748046875,0.009521484375,0.0074462890625,0.0035400390625,0.002197265625,0.00115966796875,0.0010986328125,0.00177001953125,0.0006103515625,0.0235595703125,0.00262451171875,0.02752685546875,0.0108642578125,0.02191162109375,0.0418701171875,0.0372314453125,0.69586181640625,0.08953857421875,1.2877062618625557,15343.0,2323.6906550518706,0.035707835566419835,0.19421965169966907,0.93646240234375,149.599329889548,146.7506692961403,0.93646240234375,,,,,,,,,,,,,,,,,,,,,,,,,,,,,,,,,,,,,,,,,,,,,,,,,,,,,,,,,,,,,,,,,,,,,,,,,
1097,-0.7962771927317078,0.988646156108487,1.5875573213171328,2.916807338798331,-1.8297154903411865,-1.4021605253219604,-1.035684585571289,-0.4554312229156494,0.4912978410720825,0.946729302406311,-0.4050587695690524,0.8954049021055291,1.692392257727307,2.107969308987802,-0.9531042575836182,-0.9531042575836182,-0.9531042575836182,-0.04238523542881012,0.9821736216545105,0.910719022154808,-0.01830000852834246,0.9495831851470428,10.572044890443122,109.9575405929171,-0.10911557078361511,-0.10911557078361511,-0.10911557078361511,-0.10911557078361511,-0.10911557078361511,0.0,1.664042864007854,8.903484718767503,17.615342198215846,410.11582122785217,0.0,0.09665477275848389,0.3421083986759186,0.5342785716056824,3.0377932548523012,0.4376237988471985,0.3912184224170119,0.9771252547251409,-0.8033428813728659,4.059975114863632,-0.5017984271049499,0.0825803279876709,0.38797688484191895,0.8517681360244751,1.2515979170799256,0.7691878080368042,0.3912184238433838,-0.9885980121259899,0.54510498046875,294.0771179199219,5.6424126625061035,8931.0,-0.08344590663909912,1.666035771369934,2589.2999155297593,708.1604576197776,27.043722185942524,4.592386120491876,0.44693341287270605,0.021592822346031812,0.421472680557801,0.013894212897378674,0.6410285610996151,0.09704156670479452,0.17783226960861578,0.01180897550165027,0.05999755859375,0.041748046875,0.03619384765625,0.027099609375,0.02630615234375,0.0284423828125,0.030517578125,0.041748046875,0.05615234375,0.05078125,0.02459716796875,0.024169921875,0.021484375,0.02685546875,0.03131103515625,0.04095458984375,0.0836181640625,0.3480224609375,2.4432739898211615,0.04302978515625,0.03070068359375,0.025146484375,0.01739501953125,0.013916015625,0.01220703125,0.01141357421875,0.0125732421875,0.0111083984375,0.02484130859375,0.009033203125,0.03460693359375,0.01190185546875,0.02880859375,0.0384521484375,0.04852294921875,0.337890625,0.2884521484375,2.0777020081695365,2676.0,932.97875144394,0.038632469240208016,0.9153355284620689,0.5177016831108532,123.1684082003746,49.59893622448519,0.3685950413223141,,,,,,,,,,,,,,,,,,,,,,,,,,,,,,,,,,,,,,,,,,,,,,,,,,,,,,,,,,,,,,,,,,,,,,,,,
1099,-1.0042089396983158,0.9947265464151791,1.799244060903728,1.9136744220510007,-1.6300932168960571,-1.592527151107788,-1.490562081336975,-0.9096294641494751,0.863757961988453,0.682897686958313,0.7928926348686218,0.0,,,0.7928926348686218,0.7928926348686218,0.7928926348686218,0.7928926348686218,0.7928926348686218,0.0,-0.5668033637339249,0.4550097603408804,0.558720497237779,-0.576381366540677,-1.0390197038650513,-1.0390197038650513,-0.56308513879776,-0.26562600396573544,-0.08715053647756577,0.7733936998993158,4.682860815769217,27.19147460845182,37.23075017345211,1748.1100331327623,0.0,1.6546082496643066,2.9478518962860107,4.443169116973877,5.313318252563477,2.7885608673095703,1.7971015752082167,0.9947265467755225,-1.799244059930931,1.9136744202908256,-0.0708653271198263,1.702522099018097,2.283454656600952,2.3854198455810547,2.422985792160034,0.6828977465629578,1.7971014976501465,0.7566046079145015,0.8843994140625,1437.0447998046875,6.676026344299316,14490.0,-0.7148542404174805,2.1471059322357178,0.0,0.0,0.0,0.0,1.0,0.0,1.0,0.0,1.0,0.0,1.0,0.0,0.0621337890625,0.03253173828125,0.037353515625,0.03680419921875,0.02557373046875,0.0286865234375,0.03173828125,0.052001953125,0.09112548828125,0.0531005859375,0.02984619140625,0.02471923828125,0.0240478515625,0.02789306640625,0.03924560546875,0.03564453125,0.1044921875,0.2630615234375,2.580408963178927,0.0,0.0,0.0,0.0,0.0,0.0,0.0,0.0,0.0,0.0,0.0,0.0,0.0,0.0,0.0,0.0,1.0,0.0,-9.999994999180668e-07,14435.0,979.9371208835973,0.18889924988999018,0.4209273931286803,0.88104248046875,153.33420759912536,139.0885908318704,0.88104248046875,19860912,1.3.6.1.4.1.14519.5.2.1.7695.1700.213462325359469755577407645202,C:\Users\ferra\Documents\breast_cancer_nac\data\raw\ISPY1\manifest-PyHQgfru6393647793776378748\ISPY1\ISPY1_1099\09-12-1986-082132-MR BREASTUNI UE-32389\4.000000-Dynamic-Unilateral 3dfgre-45202,Dynamic-Unilateral 3dfgre,180,True,T0,2009-09-03 00:00:00,50.35,1,0,0,0,0,3,TripleNeg,0,1,69,52,31,6,1,,,,,,,,,,,,,,,,,,,,,,,,,,,,,,,,,,,,,,,,,,,,,,,,,,
11,-0.6156591816646984,1.647818439471781,-0.2724133004984376,-0.8881004001509516,-3.338838577270508,-1.769213318824768,-0.39148059487342834,0.6351671814918518,1.3882819414138794,2.40438050031662,-0.17399918961828753,0.9200124206377077,-0.3322965690677971,-0.7933760780198367,-1.6735220193862914,-0.8166188299655914,-0.008886347524821758,0.5096681118011475,0.8920331597328186,1.326286941766739,0.417381545609544,1.3739403675121424,0.5644893969189422,-1.0623242633911782,-1.0928562879562378,-0.834580659866333,-0.008098562248051167,1.48989999294281,2.8329336643218994,2.324480652809143,1.1924930790292871,8.970339482485983,28.01387662538445,975.203961933417,0.0,0.0,0.263213187456131,0.7038625478744507,1.7247209191322366,0.7038625478744507,0.441659992166592,1.1601884934162228,-0.27897660576105043,-0.30123958640758586,-1.091100811958313,-0.3435795307159424,0.44765302538871765,1.4116103649139404,1.8112246870994573,1.7551898956298828,0.44165998697280884,-1.338992423631447,0.4677734375,383.58209228515625,3.1569859981536865,7664.0,0.516739010810852,-0.8160966634750366,1032.2443310791411,361.79407781777456,22.802901850853246,4.549938707585823,0.0639724559217441,0.014330275385319554,0.013302686433671043,0.0015262926716501474,0.8815554804067633,0.0418726729323001,0.0001792910356721085,4.2364459303115096e-05,0.06005859375,0.0478515625,0.0439453125,0.0362548828125,0.0286865234375,0.0296630859375,0.025146484375,0.02667236328125,0.029052734375,0.031982421875,0.019775390625,0.02471923828125,0.01495361328125,0.02093505859375,0.02508544921875,0.05657958984375,0.09063720703125,0.38800048828125,2.333086403989658,0.071533203125,0.05096435546875,0.0430908203125,0.0335693359375,0.02691650390625,0.034423828125,0.02581787109375,0.03375244140625,0.02880859375,0.03436279296875,0.0262451171875,0.02667236328125,0.02752685546875,0.0206298828125,0.03570556640625,0.04473876953125,0.0791015625,0.35614013671875,2.427394002881289,4357.0,1500.5371926710973,0.024316658469950448,0.9011425529265318,0.5198043426389883,149.15177406882472,64.6607086850056,0.4933197463768116,20040807,1.3.6.1.4.1.14519.5.2.1.8162.5966.158970202289462382768086514121,C:\Users\ferra\Documents\breast_cancer_nac\data\raw\ISPY1\manifest-1554746803134\QIN-BREAST-02\QIN-BREAST-02-0011\08-07-2004-NA-2065130795-31383\8101.000000-dynamicsmartTX6deg-14121,dynamic_smartTX_6deg,550,True,T0,,,,Positive,Positive,,,,,,,,,,,0,2004-07-23 00:00:00,47,Not Hispanic or Latino,White,Left,IIA,T2,N0,MX,3.7,MRI,negative,Not Evaluated,Equivocal,Equivocal,Yes,High Grade,Invasive Ductal Carcinoma,,Intermediate,YES,,Cyclophosphamide,2004-08-10 00:00:00,2004-09-21 00:00:00,Doxorubicin (Adriamycin),2004-08-10 00:00:00,2004-09-21 00:00:00,Paclitaxel,2004-10-04 00:00:00,2004-12-20 00:00:00,,,,,,,Yes,Yes,Yes,Yes,No,N0,2.3,Negative,2005-01-29 00:00:00,Alive with no evidence of disease,,2005-07-22 00:00:00,
1100,-1.8576564476929889,1.3559445138512183,1.0713336683683992,-0.20903557794900207,-2.9453232288360596,-2.890070915222168,-2.693617105484009,-0.956230878829956,0.3575526475906372,1.933840036392212,0.0,0.0,,,0.0,0.0,0.0,0.0,0.0,0.0,-0.19680773105937988,0.9092419829899848,0.7517195291800333,-0.8743664173523409,-0.9519040584564209,-0.9519040584564209,-0.9519040584564209,0.512525200843811,1.2447397708892822,1.464429259300232,1.4824779777675587,15.204680671207402,88.5018934478038,7944.456015621658,0.0,0.6886788010597229,1.47171151638031,1.510541319847107,1.9958187341690063,0.821862518787384,1.8576564476929889,1.3559445138512183,-1.0713336683683992,-0.20903557794900207,-0.3575526475906372,0.956230878829956,2.693617105484009,2.890070915222168,2.9453232288360596,1.933840036392212,1.857656478881836,0.10594409021208016,0.82965087890625,1367.2623291015625,2.70613169670105,13593.0,-196807.71875,0.7102051973342896,0.0,0.0,0.0,0.0,1.0,0.0,1.0,0.0,1.0,0.0,1.0,0.0,0.03668212890625,0.02069091796875,0.02459716796875,0.036865234375,0.03369140625,0.04058837890625,0.05010986328125,0.0867919921875,0.14300537109375,0.094482421875,0.04852294921875,0.03448486328125,0.0303955078125,0.0303955078125,0.0279541015625,0.0203857421875,0.06903076171875,0.17132568359375,2.663207953916486,0.0,0.0,0.0,0.0,0.0,0.0,0.0,0.0,0.0,0.0,0.0,0.0,0.0,0.0,0.0,0.0,1.0,0.0,-9.999994999180668e-07,13572.0,858.8355697996825,0.23122440415023465,0.3330445846940876,0.8744281940596611,142.85746348688795,134.7018851687841,0.828369140625,19860919,1.3.6.1.4.1.14519.5.2.1.7695.1700.148377741990293015781063885497,C:\Users\ferra\Documents\breast_cancer_nac\data\raw\ISPY1\manifest-PyHQgfru6393647793776378748\ISPY1\ISPY1_1100\09-19-1986-527050-MR BREASTUNI UE-42763\3.000000-Dynamic-Unilateral 3dfgre-85497,Dynamic-Unilateral 3dfgre,180,True,T0,2009-09-03 00:00:00,63.32,1,1,0,1,0,1,HRposHER2neg,0,1,36,31,20,15,0,,,,,,,,,,,,,,,,,,,,,,,,,,,,,,,,,,,,,,,,,,,,,,,,,,
1101,-2.202801107307039,1.502800417227971,1.1392117576234397,-0.1867032963730888,-3.315006732940674,-3.2692410945892334,-3.1548264026641846,-1.020993947982788,0.35598567426205097,2.2482471466064453,0.4628428518772125,0.0,,,0.4628428518772125,0.4628428518772125,0.4628428518772125,0.4628428518772125,0.4628428518772125,0.0,-0.7145136323524639,0.19956690132271104,0.14548326587881594,-1.2481013316850358,-0.94952791929245,-0.94952791929245,-0.6809401512145996,-0.5914109349250793,-0.41235241293907166,0.3581169843673706,2.8470881817090543,34.10888027900406,52.231288717168816,2931.93751435589,0.1085350193083292,1.3830581903457642,1.592774748802185,1.6290215253829956,2.2480320930480957,0.24596333503723145,2.6656440201950318,1.502800458675563,-1.1392117497121992,-0.1867033269300018,0.10685717761516675,1.4838367700576782,3.6176693439483643,3.732084035873413,3.7778496742248535,2.248247265815735,2.6656441688537598,0.4416778704490489,0.88995361328125,1992.877197265625,4.284473896026611,14581.0,-1.5437464714050293,1.6640844345092773,0.0,0.0,0.0,0.0,1.0,0.0,1.0,0.0,1.0,0.0,1.0,0.0,0.05523681640625,0.0325927734375,0.04046630859375,0.03887939453125,0.0318603515625,0.03289794921875,0.03680419921875,0.05609130859375,0.08941650390625,0.0623779296875,0.03472900390625,0.030029296875,0.03216552734375,0.03668212890625,0.0355224609375,0.02459716796875,0.08770751953125,0.241943359375,2.6420394037521717,0.0,0.0,0.0,0.0,0.0,0.0,0.0,0.0,0.0,0.0,0.0,0.0,0.0,0.0,0.0,0.0,1.0,0.0,-9.999994999180668e-07,14522.0,809.0132393293462,0.27882071645856205,0.5057690367397737,0.8946525381961558,155.71178297373126,134.3277170879308,0.8863525390625,19860928,1.3.6.1.4.1.14519.5.2.1.7695.1700.265615742264509182668608092720,C:\Users\ferra\Documents\breast_cancer_nac\data\raw\ISPY1\manifest-PyHQgfru6393647793776378748\ISPY1\ISPY1_1101\09-28-1986-580776-MR BREASTUNI UE-15922\3.000000-Dynamic-Unilateral 3dfgre-92720,Dynamic-Unilateral 3dfgre,180,True,T0,2009-09-03 00:00:00,42.84,3,0,0,0,1,2,HER2pos,0,2,89,38,91,80,0,,,,,,,,,,,,,,,,,,,,,,,,,,,,,,,,,,,,,,,,,,,,,,,,,,
1102,-0.5217601491646064,1.0355049086534946,0.9481878868452356,1.0195692699668886,-1.714040994644165,-1.233614206314087,-0.6658369898796082,-0.010709532536566257,0.8191186189651489,1.2229046737775207,0.32169507656385576,1.1777774968279155,1.3350487843449974,1.0131966813333122,-0.7119571566581726,-0.6243617534637451,-0.09878887981176376,0.8647614121437073,2.0910980701446533,1.4891231656074524,2.213440264261206e-13,5.205430569777397e-11,0.27673489797227946,3.5627732021933873,-3.5960462472367455e-12,-3.1754297542124776e-13,-3.1754292121113914e-13,-3.1754289410608483e-13,2.1297795558400656e-12,8.131516293641283e-20,2.876277157125837,14.755285702036051,16.01616726769509,310.21535210506573,0.0,0.0,0.6816235780715942,1.747002363204956,4.4725307941436805,1.747002363204956,0.8434552251960667,1.5125553724428595,0.2603294092475898,0.5786273935344952,-0.919378399848938,-0.04587507247924805,0.7439550757408142,1.6596627235412598,2.8406081199645996,1.7055377960205078,0.8434551954269409,0.38140106277525676,0.68011474609375,335.2709655761719,8.337240219116211,11143.0,-6.921338068649474e-12,2.036051034927368,4625.348599712519,1349.4917466870702,45.350467578022915,8.386905661754126,0.15889847719243638,0.025854214354062485,0.11055539060309444,0.010093163315964113,0.49280368986218864,0.14736895476220274,0.012324366337125503,0.002330789120760419,0.0775146484375,0.0650634765625,0.03173828125,0.01568603515625,0.01080322265625,0.0130615234375,0.01446533203125,0.0267333984375,0.0374755859375,0.0302734375,0.013916015625,0.0130615234375,0.01025390625,0.01361083984375,0.02398681640625,0.05865478515625,0.095458984375,0.4482421875,2.1046403175651953,0.06304931640625,0.04595947265625,0.03619384765625,0.02978515625,0.02313232421875,0.02435302734375,0.0225830078125,0.0211181640625,0.02032470703125,0.02667236328125,0.015869140625,0.0224609375,0.01806640625,0.02880859375,0.03936767578125,0.05291748046875,0.146484375,0.36285400390625,2.318895660397884,10501.0,3889.098951428583,0.008724539960787174,0.5389394289817244,0.6813521930962886,152.31620234046005,128.3027184856559,0.64093017578125,,,,,,,,,,,,,,,,,,,,,,,,,,,,,,,,,,,,,,,,,,,,,,,,,,,,,,,,,,,,,,,,,,,,,,,,,
1103,-0.9246144888277286,1.3752845827474838,0.7152226796330999,-0.420253360600479,-2.45206880569458,-2.167786121368408,-1.172797679901123,-0.03566788509488106,1.1014617681503296,2.132118236273527,-0.02859680705340395,1.0621138091668403,2.0383944847664455,3.4988639921686318,-0.6566507816314697,-0.6566507816314697,-0.5257430076599121,0.09606878459453583,1.5687808990478516,0.7527195662260056,-0.046851011407049725,0.9239042866837283,3.3447889147817573,10.837610843894316,-0.3449205279350281,-0.3447748124599457,-0.3447748124599457,-0.344771146774292,0.8511817216873174,3.6656856536865234e-06,1.1281486885117253,4.500864178167628,37.659973310958364,1982.2222636446727,0.0,0.0,0.8373755216598511,1.0420904159545898,1.8285166382789615,1.0420904159545898,0.8960176817388401,1.7087539014106192,-0.21783468028152173,0.22250401788397234,-1.6137483358383176,-0.15010548382997513,1.3689942359924316,1.7954180240631104,2.6064433574676515,1.9455235078930855,0.8960176706314087,0.020372568627808108,0.7119140625,296.15350341796875,2.7942419052124023,11664.0,1.0605723857879639,0.7413370609283447,1814.4342990815323,562.126924632195,23.270837481265577,4.552976778692673,0.2783539564170112,0.023335370129573745,0.21483371425646172,0.013643612768995658,0.7314624042910484,0.08318095816106684,0.04633967295061736,0.005960341157068591,0.05975341796875,0.05291748046875,0.0325927734375,0.0250244140625,0.0203857421875,0.0279541015625,0.02764892578125,0.03765869140625,0.04644775390625,0.038818359375,0.02716064453125,0.0262451171875,0.0201416015625,0.02752685546875,0.03643798828125,0.0469970703125,0.08245849609375,0.36383056640625,2.4075225326627105,0.0509033203125,0.0457763671875,0.03228759765625,0.0220947265625,0.01861572265625,0.0206298828125,0.01708984375,0.01763916015625,0.01873779296875,0.03802490234375,0.01611328125,0.03082275390625,0.0184326171875,0.0244140625,0.0367431640625,0.0433349609375,0.2215576171875,0.3267822265625,2.276479401083921,11519.0,2255.7535341682733,0.028447319427415706,0.42191583645379155,0.70306396484375,160.60731038221147,145.61220917826734,0.70306396484375,,,,,,,,,,,,,,,,,,,,,,,,,,,,,,,,,,,,,,,,,,,,,,,,,,,,,,,,,,,,,,,,,,,,,,,,,
1106,-0.7342351046254861,1.315621827647,0.8430073635330184,0.4006160148829605,-2.269676852226257,-1.9945134222507477,-0.8450350165367126,-0.008040644926950336,0.9327309668064121,1.9864727773237973,-0.11286468157413765,0.8438396398676419,4.35860977675895,17.84421841003525,-0.3155818283557892,-0.3155818283557892,-0.3155818283557892,-0.3155818283557892,-0.3155818283557892,0.0,-0.17260776823798096,0.04022784888415652,45.331596900805955,2445.1365154476816,-0.1738128960132599,-0.1738128960132599,-0.1738128960132599,-0.1738128960132599,-0.1738128960132599,0.0,0.7885403002040725,5.016972747386507,68.62346136469154,6269.52341222898,0.0,0.0,0.8090255260467529,0.9258350431919098,0.9331955909729004,0.9258350431919098,0.621370437407677,1.1558489979636464,-0.6208507360330363,0.5229177026345249,-0.8221632122993467,-0.11003516986966133,0.654620885848999,1.734738051891327,1.9646475315093994,1.8447732217609882,0.6213704347610474,0.09614710629558498,0.697021484375,501.7317199707031,0.9348757863044739,11420.0,0.4939187169075012,-1.6814627647399902,1094.097611938414,322.3336047719025,7.508919293285814,1.6128599789387232,0.8662365256396778,0.01115318981525366,0.8341320181071136,0.0063287908295378,0.7691074116475094,0.06687330572003317,0.6958162772248101,0.010573657659729027,0.0379638671875,0.06414794921875,0.02239990234375,0.01214599609375,0.00567626953125,0.007568359375,0.0152587890625,0.01690673828125,0.021240234375,0.01837158203125,0.01300048828125,0.0091552734375,0.00604248046875,0.0111083984375,0.0211181640625,0.06927490234375,0.0726318359375,0.57598876953125,1.7482936330574765,0.009765625,0.00848388671875,0.0054931640625,0.0037841796875,0.00238037109375,0.00299072265625,0.00360107421875,0.0048828125,0.00360107421875,0.03021240234375,0.00360107421875,0.03375244140625,0.008056640625,0.01922607421875,0.02508544921875,0.0201416015625,0.72918701171875,0.08575439453125,1.200830322774823,10714.0,3477.4581156325175,0.011133653225408036,0.5249646183789239,0.6882950019272774,162.02245824653,137.90121094529454,0.6539306640625,19861006,1.3.6.1.4.1.14519.5.2.1.7695.1700.169366518771039601823333765745,C:\Users\ferra\Documents\breast_cancer_nac\data\raw\ISPY1\manifest-PyHQgfru6393647793776378748\ISPY1\ISPY1_1106\10-06-1986-952853-3607 MR RT BREAST WOW CONT-61569\1001.000000-6657 BreasFS3DSAG 6DYN-65745,#6657 BreasFS3DSAG 6DYN,360,True,T0,2009-09-03 00:00:00,50.41,0,1,1,1,0,1,HRposHER2neg,0,2,60,56,56,41,0,,,,,,,,,,,,,,,,,,,,,,,,,,,,,,,,,,,,,,,,,,,,,,,,,,
1107,-0.9719433952923282,1.2863968589127202,0.7922123776528461,-0.2744187635244315,-2.416055917739868,-1.95026695728302,-1.3574447631835938,-0.12945596873760223,1.0138438940048218,1.8208109885454178,0.10180620257614237,1.1127596115263392,1.833746892250213,2.618712330516053,-0.5822836756706238,-0.5822836756706238,-0.4744494557380676,0.38822442293167114,1.790069580078125,0.9705080986022949,2.921688032866054e-09,1.703889270926894e-07,2.717093496359231,13.289364313853131,-9.860814031981135e-09,-9.842359816047974e-09,-9.842359816047974e-09,-9.842359816047974e-09,-9.823811542020167e-09,0.0,4.0814397205516,55.35544753665743,23.243907656557493,574.7569849311031,0.0,0.3400487005710602,0.701433539390564,1.1131756007671356,2.377152681350708,0.7731269001960754,1.0737495919947833,1.5814761249570966,0.05503628276224154,0.830850603345187,-1.0837021350860596,0.24461422860622406,1.1638875007629395,1.9184608459472656,2.881342887878418,1.6738466173410416,1.0737495422363281,0.0948136503654666,0.754638671875,1518.4656982421875,4.415348052978516,12364.0,4.107636186745367e-08,2.8566982746124268,3589.9115291821163,949.8944306786518,34.17936186651142,5.9135250249792755,0.3212749589440237,0.023051079552965977,0.2850642287079572,0.0116773958832077,0.5455316700144893,0.11934506206244413,0.0813979760634757,0.006729954523640467,0.0689697265625,0.05938720703125,0.02947998046875,0.01611328125,0.0106201171875,0.0147705078125,0.02001953125,0.03497314453125,0.05413818359375,0.0382080078125,0.01739501953125,0.0115966796875,0.012451171875,0.01458740234375,0.02313232421875,0.0556640625,0.0888671875,0.42962646484375,2.175654269386781,0.05462646484375,0.0426025390625,0.028564453125,0.02154541015625,0.015380859375,0.01605224609375,0.01409912109375,0.0146484375,0.01177978515625,0.0303955078125,0.0108642578125,0.0296630859375,0.0130615234375,0.02880859375,0.04058837890625,0.0526123046875,0.26043701171875,0.31427001953125,2.1999566855876496,12202.0,2752.494695558977,0.020238946541999953,0.4743550381313031,0.789977987828564,153.28605031524552,134.94286490131222,0.7447509765625,,,,,,,,,,,,,,,,,,,,,,,,,,,,,,,,,,,,,,,,,,,,,,,,,,,,,,,,,,,,,,,,,,,,,,,,,
1110,-1.1187037583290405,1.5489074694687253,-0.13466649576504466,-1.1896567543906997,-3.400264024734497,-2.5641884803771973,-0.921118438243866,0.16941481828689575,0.8699007213115718,2.733603298664093,0.15669688696925732,1.2961817308831827,3.8870874131499544,14.565595930888716,-0.1886725276708603,-0.1886725276708603,-0.1886725276708603,-0.1886725276708603,0.18743465840816498,0.0,8.950138713514384e-13,8.476391682519424e-12,5.930874382913122,33.52804112016746,-5.491222710915511e-13,-5.491220542511166e-13,-5.491220542511166e-13,-5.491220542511166e-13,-5.491218374106821e-13,0.0,0.9086149815121018,3.9605623382029043,47.62001651581124,2872.3201919303433,0.0,0.0,0.7935397624969482,0.9432532787322998,1.081022024154663,0.9432532787322998,1.275400636960967,2.1318923156220193,1.094491240230968,1.6017574376576125,-1.0669339895248413,-0.35808736085891724,0.7869725823402405,3.035457730293274,3.295199155807495,3.393545091152191,1.2754006385803223,0.12286083919489761,0.65478515625,290.4569396972656,2.9107699394226074,10728.0,-8.124584447051497e-13,0.005731731653213501,1850.5092002199935,616.7088594268131,13.059603160450282,3.018282703898136,0.8296985958520872,0.015830675122437157,0.8087917512424129,0.00738765211764364,0.5736276151919262,0.14046118306211908,0.6541986742815807,0.011958849305232866,0.05267333984375,0.03765869140625,0.03118896484375,0.0325927734375,0.0272216796875,0.0318603515625,0.043701171875,0.0654296875,0.0836181640625,0.0653076171875,0.03948974609375,0.03314208984375,0.02996826171875,0.02880859375,0.0345458984375,0.03125,0.06158447265625,0.26995849609375,2.6046486712626593,0.00885009765625,0.01007080078125,0.00927734375,0.0074462890625,0.00518798828125,0.00872802734375,0.00579833984375,0.00579833984375,0.004150390625,0.0361328125,0.00341796875,0.03851318359375,0.00927734375,0.0111083984375,0.0140380859375,0.01190185546875,0.7294921875,0.080810546875,1.2234266309336428,8420.0,1427.7503961066936,0.0519059778259032,0.6729942323298662,0.6815054633751517,149.6253542935827,110.6700535279269,0.6325120192307693,19861026,1.3.6.1.4.1.14519.5.2.1.7695.1700.149775589489815650218752746228,C:\Users\ferra\Documents\breast_cancer_nac\data\raw\ISPY1\manifest-PyHQgfru6393647793776378748\ISPY1\ISPY1_1110\10-26-1986-944922-MR BREAST BILAT WWO C-64508\8.000000-Axial T1 left breast post-46228,Axial T1 left breast post,80,True,T0,2009-09-03 00:00:00,56.94,1,1,1,1,0,1,HRposHER2neg,0,2,36,36,21,13,0,,,,,,,,,,,,,,,,,,,,,,,,,,,,,,,,,,,,,,,,,,,,,,,,,,
1111,-0.8834918320280849,1.1188817477136284,1.4917625182666352,1.5623684095568917,-1.864764928817749,-1.7386674880981445,-1.2342774868011475,-0.5407412052154541,0.9724287986755371,1.1979262828826904,-0.1033602289880946,0.8046726799283623,4.428366309743984,18.75039657791497,-0.29128342866897583,-0.29128342866897583,-0.29128342866897583,-0.29128342866897583,-0.29128342866897583,0.0,-3.115625023643667e-08,2.6088208498632967e-07,5.95909452230227,42.994623845906645,-5.235440418971393e-08,-5.235407130044223e-08,-5.235407130044223e-08,-5.235407130044223e-08,-5.2353758661638494e-08,0.0,0.678932761168312,1.342333736895521,52.96763643124538,3695.075861735171,0.0,0.563186764717102,0.7640042901039124,0.8324670195579529,0.8489043712615967,0.26928025484085083,0.7801316068305368,0.9420322711406848,-1.3871137418895296,2.522971735881547,-0.4440784752368927,0.43860405683517456,1.006042718887329,1.4473841190338135,1.6365303993225098,1.008780062198639,0.7801315784454346,-0.13249056473800058,0.8060302734375,112.55998229980469,0.8581807017326355,13206.0,1.2984367003809894e-07,0.34290438890457153,1855.5730026856281,513.8428163152015,11.160895904191106,2.299844282803276,0.8709536051752776,0.010008007726372496,0.8544375079954448,0.005618841342874986,0.5502469723960095,0.12315352067344183,0.7300950264475023,0.009620391503000402,0.07659912109375,0.05377197265625,0.0347900390625,0.0238037109375,0.01666259765625,0.01849365234375,0.0198974609375,0.03009033203125,0.0382080078125,0.0357666015625,0.0201416015625,0.01837158203125,0.0166015625,0.022216796875,0.03436279296875,0.04461669921875,0.1051025390625,0.3905029296875,2.2922675161909836,0.009033203125,0.007568359375,0.007080078125,0.00494384765625,0.00335693359375,0.0047607421875,0.00335693359375,0.00213623046875,0.0020751953125,0.0301513671875,0.001953125,0.03143310546875,0.0052490234375,0.0120849609375,0.01678466796875,0.0166015625,0.7620849609375,0.079345703125,1.0826119221728032,13030.0,2490.801261383026,0.026392232338082883,0.417058401315583,0.8015995078437403,157.75762030105952,143.382696947369,0.7952880859375,19861031,1.3.6.1.4.1.14519.5.2.1.7695.1700.346684466235345693452235135424,C:\Users\ferra\Documents\breast_cancer_nac\data\raw\ISPY1\manifest-PyHQgfru6393647793776378748\ISPY1\ISPY1_1111\10-31-1986-581902-MR BREAST BILAT WWO C-42607\10.000000-Axial T1 right breast post-35424,Axial T1 right breast post,96,True,T0,2009-09-03 00:00:00,50.59,1,1,1,1,0,1,HRposHER2neg,0,2,78,79,77,78,0,,,,,,,,,,,,,,,,,,,,,,,,,,,,,,,,,,,,,,,,,,,,,,,,,,
1112,-0.6395131991494054,1.4376497995911974,0.49624396401684584,-0.5948073606942992,-2.415106773376465,-1.965578317642212,-0.70689857006073,0.2820641100406647,1.360932469367981,2.2476424276828766,0.03212928020155914,0.9809775407593881,2.2801260801528915,4.60686793483285,-0.5169075727462769,-0.5169075727462769,-0.4115116596221924,0.09790202230215073,1.3450872898101807,0.6148095950484276,-0.047402612257474885,0.8690236195607084,4.297817551463131,17.454580535415534,-0.2561041861772537,-0.2558932900428772,-0.2558932900428772,-0.2558932825922966,-0.24260014146566392,7.450580596923828e-09,1.8179665259273747,20.236352448591166,29.51326678952561,979.7688222938726,0.0,0.0,0.7650986909866333,1.0086963176727295,1.6113641977310187,1.0086963176727295,0.6716424769082323,1.7253551250477273,0.08539422402999937,-0.031738841815739605,-1.5652458667755127,-0.5276977568864822,0.6844723224639893,1.9333311319351196,2.567233753204347,2.461028888821602,0.6716424226760864,0.11841386433478554,0.6107177734375,799.5924072265625,2.7069222927093506,10006.0,0.5150797963142395,0.38910895586013794,2079.7534705630337,626.5908894388289,23.13485184221135,4.431971310668737,0.3223868523632935,0.02130215245406449,0.2527533524006092,0.00809071094480459,0.696436915262934,0.09058888784286565,0.06394971675333892,0.004116430830534399,0.06201171875,0.0531005859375,0.026123046875,0.01861572265625,0.0155029296875,0.01763916015625,0.02435302734375,0.04217529296875,0.05853271484375,0.04107666015625,0.02484130859375,0.01690673828125,0.01373291015625,0.0181884765625,0.02362060546875,0.0511474609375,0.08355712890625,0.40887451171875,2.2608916352197896,0.0548095703125,0.0384521484375,0.0299072265625,0.0230712890625,0.01837158203125,0.01995849609375,0.018798828125,0.0194091796875,0.0162353515625,0.03057861328125,0.0128173828125,0.027099609375,0.01611328125,0.0260009765625,0.03472900390625,0.04541015625,0.26019287109375,0.30804443359375,2.23783817235072,5391.0,1351.844804515672,0.03707025071751205,0.8520560253226136,0.6676987862273965,143.7233673506111,75.23208274617001,0.5691511824324325,,,,,,,,,,,,,,,,,,,,,,,,,,,,,,,,,,,,,,,,,,,,,,,,,,,,,,,,,,,,,,,,,,,,,,,,,
1113,-1.1597856763754066,1.2999284087102665,0.722480143884781,-0.3732146505508873,-2.5783517360687256,-2.3410258293151855,-1.4391881227493286,-0.2525593042373657,0.6967437267303467,2.08846652507782,-0.08880337516541204,0.7919888435947632,2.6435515053301937,7.8215800532566355,-0.5021841526031494,-0.5021841526031494,-0.5021841526031494,0.050859611481428146,0.8409221172332764,0.5530437640845776,-0.1651761252867452,0.44746639172039043,10.066720184350473,106.10073139438677,-0.21596905887126921,-0.21596212685108185,-0.21596212685108185,-0.21596212685108185,-0.2159459188580513,0.0,1.3704549050494848,17.38774738436976,108.69156334355418,13019.041981810087,0.0,0.11856296099722385,0.840349555015564,1.0409921407699585,1.65614584684372,0.9224291797727346,1.0709823005071826,1.5246498221931748,-0.03705003135221236,0.3141133832591443,-0.9816606640815735,0.03837957605719566,1.2355698347091675,2.042630910873413,2.791051149368286,2.0042513348162174,1.0709823369979858,0.07131087376964287,0.7379150390625,2102.248291015625,2.5578296184539795,12090.0,0.36251330375671387,0.4774828553199768,1737.7603781657388,501.37532312933865,20.824641451190242,3.7539848983159967,0.4417603635126302,0.015411219338047259,0.3997621263277645,0.007660182318402263,0.5890030062357743,0.11806068505230406,0.15986843603924664,0.0061366422119771774,0.06951904296875,0.06085205078125,0.029296875,0.01690673828125,0.01324462890625,0.01544189453125,0.02069091796875,0.03759765625,0.0523681640625,0.04022216796875,0.017578125,0.01055908203125,0.011962890625,0.0142822265625,0.02423095703125,0.0543212890625,0.09735107421875,0.41357421875,2.210063725469611,0.0447998046875,0.03289794921875,0.0245361328125,0.01690673828125,0.01214599609375,0.01513671875,0.0145263671875,0.01495361328125,0.01348876953125,0.030029296875,0.01043701171875,0.0283203125,0.01629638671875,0.02276611328125,0.035888671875,0.04132080078125,0.369873046875,0.25567626953125,2.0854741846547347,11824.0,3022.0510447450815,0.01626936841791356,0.34039160811631813,0.7234016518813092,152.8162493810494,143.69063786624682,0.7216796875,,,,,,,,,,,,,,,,,,,,,,,,,,,,,,,,,,,,,,,,,,,,,,,,,,,,,,,,,,,,,,,,,,,,,,,,,
1114,-1.2126653000366332,1.520051378421346,0.9316843099286308,-0.47147102533885166,-2.6450185775756836,-2.355329990386963,-1.9690784215927124,-0.13438385725021362,1.3140593767166138,2.2209461331367493,-0.3705165324639381,0.7865866592102173,2.8453615183307375,8.4304309314537,-0.7345573306083679,-0.7345573306083679,-0.7345573306083679,-0.36476102471351624,0.5391854643821716,0.3697963058948517,-0.135780872851754,0.7610609286413246,5.832371011017477,35.48880386817793,-0.28418846130371095,-0.28414618968963623,-0.28414618968963623,-0.28414618968963623,-0.282813236117363,0.0,0.9716076704117143,11.468667368129971,107.8005783097758,12733.868786010591,0.0,0.0,0.7718995213508606,0.8092180490493774,1.2514252662658691,0.8092180490493774,0.8421487485450143,1.5518899288051193,-0.7292845584441949,0.2830644865523455,-1.703453540802002,-0.05163739621639252,1.4276468753814697,1.772760272026062,2.0624985694885254,1.8243976682424545,0.8421487808227539,-0.2787338879045574,0.72540283203125,1378.1632080078125,1.9472954273223877,11885.0,0.11616022884845734,0.35084566473960876,1507.8490186200734,460.69882085800816,18.542237618772017,3.7824225274237553,0.46035683583219583,0.020241486169464317,0.4116559352129147,0.009860157406962158,0.663893642819711,0.10276057090558675,0.1695578317001095,0.008152674032483896,0.05706787109375,0.06793212890625,0.03289794921875,0.02105712890625,0.01153564453125,0.01763916015625,0.0203857421875,0.02587890625,0.0318603515625,0.02972412109375,0.0189208984375,0.017578125,0.01806640625,0.0233154296875,0.03350830078125,0.06011962890625,0.10235595703125,0.41015625,2.238535930954525,0.0355224609375,0.0411376953125,0.0225830078125,0.0181884765625,0.01068115234375,0.01116943359375,0.013427734375,0.0130615234375,0.013916015625,0.02484130859375,0.0101318359375,0.02496337890625,0.01715087890625,0.0230712890625,0.0325927734375,0.03961181640625,0.38360595703125,0.26434326171875,2.0268738927430268,6957.0,450.09545442950497,0.4315415463444497,0.887129112793904,0.7882392929979606,158.05681033158746,72.94658918084059,0.6086614173228346,,,,,,,,,,,,,,,,,,,,,,,,,,,,,,,,,,,,,,,,,,,,,,,,,,,,,,,,,,,,,,,,,,,,,,,,,
1115,-0.6576700496564172,1.0762591208633034,1.4193230176121612,2.7049169740634564,-1.8333321809768677,-1.556156039237976,-0.7939214110374451,-0.1702749878168106,0.6266067028045654,1.3858810514211655,-0.224055776164505,0.8758282972078002,2.2027027292790273,4.086967430989666,-0.6478607654571533,-0.6478607654571533,-0.6478607654571533,-0.21861684322357178,1.0691149234771729,0.42924392223358154,-1.4700017193628769e-10,1.1823928764494634e-07,1.27281792316102,17.96907615652738,-3.6184917284742824e-09,-3.6184737428612834e-09,-3.6184737428612834e-09,-3.6184737428612834e-09,-3.618442434571989e-09,0.0,4.3877010309870315,43.703690605569555,17.886868353665772,349.980223431722,0.0,0.0,0.431895911693573,0.6466208696365356,2.3942349910736085,0.6466208696365356,0.4336142736740385,0.9299380700986544,-0.9515648477691793,3.9358777113056966,-0.44140124320983887,-0.018307775259017944,0.4232368469238281,1.0815304517745972,1.2547656297683716,1.0998382270336151,0.4336142838001251,-0.5167155666095125,0.60491943359375,968.8739013671875,8.326742172241211,9911.0,1.99082395013761e-09,3.7357735633850098,2684.9791786533274,739.3805316489698,23.834551118616673,4.160480686919836,0.5735495082201454,0.01812059898750742,0.5472238278646975,0.01205491704657231,0.6206843618353558,0.1030718377312202,0.2995992388078917,0.013259502511157342,0.06378173828125,0.0443115234375,0.032470703125,0.0277099609375,0.02471923828125,0.0233154296875,0.02587890625,0.04296875,0.04779052734375,0.0458984375,0.02813720703125,0.02520751953125,0.01904296875,0.023681640625,0.03515625,0.04071044921875,0.081787109375,0.367431640625,2.3979331521164786,0.033447265625,0.0267333984375,0.013916015625,0.01416015625,0.008056640625,0.01092529296875,0.00927734375,0.0106201171875,0.01025390625,0.03118896484375,0.00714111328125,0.03289794921875,0.0108642578125,0.02581787109375,0.03778076171875,0.0401611328125,0.44061279296875,0.23614501953125,1.9112054875659386,6733.0,2194.035713374682,0.01757644718336471,0.0734137544418646,0.5362803663878932,129.29250843949234,128.94362159982728,0.4696568080357143,,,,,,,,,,,,,,,,,,,,,,,,,,,,,,,,,,,,,,,,,,,,,,,,,,,,,,,,,,,,,,,,,,,,,,,,,
1116,-0.5292887185432846,1.3521345320276377,0.6194226447340144,-0.22105105989143858,-2.2387185096740723,-1.6175135374069214,-0.6468808054924011,0.2849266827106476,1.4108607769012451,1.902440220117569,0.06364990075407206,1.027311244238937,2.101316710171936,3.5538262154175797,-0.5672158002853394,-0.5672158002853394,-0.3462640047073364,0.10668723285198212,1.63125479221344,0.6739030331373215,-0.005183495039332797,0.9898077262356906,2.6887765612066996,5.640167231533981,-0.3517635852098465,-0.351712703704834,-0.351712703704834,-0.35171230882406235,1.5064651966095037,3.948807716369629e-07,1.3712404502894024,22.461524026297944,88.45882529754118,8286.139796424935,0.0,0.0,0.8333656191825867,1.0896777510643005,1.6837271213531495,1.0896777510643005,0.5929386191648405,1.36103981155915,0.020603422801736992,0.5937249306075834,-1.1433581709861753,-0.2697628140449524,0.6243143975734711,1.555026888847351,2.0701684951782227,1.8247897028923035,0.5929386019706726,0.11608838920616177,0.65802001953125,2286.034912109375,2.675320863723755,10781.0,0.9422957897186279,0.5080529451370239,1938.2265058065568,553.2858904192808,22.930181257147755,4.207468113971584,0.22683516265563122,0.02165549227149782,0.1481058852546333,0.006000884194830242,0.7541028285151516,0.06951198012704658,0.021971363858178373,0.0018009396332017852,0.06524658203125,0.05401611328125,0.027099609375,0.0177001953125,0.01580810546875,0.0169677734375,0.026611328125,0.04241943359375,0.06170654296875,0.04229736328125,0.02001953125,0.01336669921875,0.0142822265625,0.01641845703125,0.02325439453125,0.05322265625,0.08770751953125,0.40185546875,2.2633787033292947,0.06414794921875,0.04132080078125,0.03167724609375,0.02545166015625,0.0177001953125,0.0196533203125,0.020751953125,0.02056884765625,0.02056884765625,0.03131103515625,0.0169677734375,0.0252685546875,0.01751708984375,0.02288818359375,0.03765869140625,0.04229736328125,0.18145751953125,0.36279296875,2.262135636607312,9904.0,3097.8449839844216,0.012968839989067994,0.4187474012921244,0.6501247210187738,146.0941604608108,132.66850962579423,0.6044921875,,,,,,,,,,,,,,,,,,,,,,,,,,,,,,,,,,,,,,,,,,,,,,,,,,,,,,,,,,,,,,,,,,,,,,,,,
1117,-1.4935508778059137,1.3819202542080378,0.6232253948356495,-0.870352488636795,-2.9370152950286865,-2.8047163486480713,-1.9632959365844727,-0.40216997265815735,0.6191768646240234,2.402546375989914,0.8954259753227234,0.0,,,0.8954259753227234,0.8954259753227234,0.8954259753227234,0.8954259753227234,0.8954259753227234,0.0,-0.22483509522862732,0.46119474359145035,0.7781631294852066,2.002422753093138,-0.7992024421691895,-0.5074602961540222,-0.21571815013885498,0.07602399587631226,0.22189506888389587,0.5834842920303345,5.6763487675768545,138.8733510791181,86.23115194608191,7660.582573860652,0.3539888888597495,1.2834808230400085,1.5786850452423096,2.1662652492523193,4.733882904052734,0.8827844262123108,2.388976881837152,1.3819202797483383,-0.6232253730081014,-0.8703525306706044,0.27624911069869995,1.2975959777832031,2.858721971511841,3.7001423835754395,3.8324413299560547,2.4025464057922363,2.388976812362671,0.4689289905104951,0.90277099609375,12366.951171875,9.00805950164795,14791.0,-0.2510926425457001,53.238033294677734,0.0,0.0,0.0,0.0,1.0,0.0,1.0,0.0,1.0,0.0,1.0,0.0,0.04803466796875,0.03155517578125,0.03448486328125,0.03521728515625,0.0340576171875,0.0352783203125,0.0430908203125,0.07183837890625,0.106201171875,0.0750732421875,0.03570556640625,0.0294189453125,0.0289306640625,0.0313720703125,0.0328369140625,0.02679443359375,0.07989501953125,0.22021484375,2.65722553376218,0.0,0.0,0.0,0.0,0.0,0.0,0.0,0.0,0.0,0.0,0.0,0.0,0.0,0.0,0.0,0.0,1.0,0.0,-9.999994999180668e-07,14729.0,826.0904037956218,0.27122390948187985,0.3995734701926614,0.9079085249337361,151.16649926932632,138.574507308866,0.89898681640625,19861108,1.3.6.1.4.1.14519.5.2.1.7695.1700.128453896373525332522646767010,C:\Users\ferra\Documents\breast_cancer_nac\data\raw\ISPY1\manifest-PyHQgfru6393647793776378748\ISPY1\ISPY1_1117\11-08-1986-653726-MR BREASTUNI UE-19285\5.000000-Dynamic-Unilateral 3dfgre-67010,Dynamic-Unilateral 3dfgre,180,True,T0,2009-09-03 00:00:00,49.01,3,1,1,1,0,1,HRposHER2neg,0,2,68,65,38,20,0,,,,,,,,,,,,,,,,,,,,,,,,,,,,,,,,,,,,,,,,,,,,,,,,,,
1118,-0.8027159292568697,1.0525104284143083,0.9667361112619788,0.9131823572454296,-1.9789297580718994,-1.6043858528137207,-0.9623105525970459,-0.2667289972305298,0.6428776383399963,1.337656855583191,0.14229504409838967,0.9285091653161787,1.2980453291717904,1.575665327096531,-0.7004097700119019,-0.6841866970062256,-0.06771130114793777,0.6136562824249268,1.424808144569397,1.2978429794311523,-0.14423866227635607,0.5301532121363692,7.304328796879243,57.15080773753733,-0.22656515389680862,-0.2252735197544098,-0.22527222335338593,-0.22526875138282776,-0.2208099767565727,4.76837158203125e-06,2.1223157446426626,11.582523725622803,27.31702343214692,1130.1906099899077,0.0,0.0711158886551857,0.9435528814792633,1.6601729989051819,2.9774425506591804,1.5890571102499962,0.945010973384683,1.4597657397602752,-0.21484889416533265,0.31737096304669077,-0.8910514116287231,0.03165268898010254,1.0109885931015015,1.9050414562225342,2.7095704078674316,1.8733887672424316,0.9450110197067261,0.3032064221042202,0.72259521484375,700.4067993164062,5.039750576019287,11839.0,0.6190674901008606,-0.737505316734314,2727.747260124826,740.6565932599937,33.645295085571,5.865760700346165,0.16947052109622351,0.016097454676630953,0.12191953555248342,0.005874459431163668,0.5371208205040554,0.1256671042582831,0.014898882422941656,0.001444765981308588,0.071044921875,0.05548095703125,0.0302734375,0.01812744140625,0.0146484375,0.01763916015625,0.02130126953125,0.03350830078125,0.04339599609375,0.0361328125,0.0208740234375,0.01702880859375,0.0125732421875,0.01849365234375,0.026123046875,0.04931640625,0.094970703125,0.4190673828125,2.222495747836037,0.072265625,0.04852294921875,0.03704833984375,0.02642822265625,0.0191650390625,0.01873779296875,0.015869140625,0.01629638671875,0.01446533203125,0.0216064453125,0.013427734375,0.02056884765625,0.0181884765625,0.02734375,0.03997802734375,0.05682373046875,0.15625,0.37701416015625,2.2406188837652024,10516.0,2480.472400982391,0.02147789144600391,0.6352429243541792,0.7457098283931357,148.26160742351624,114.50427630830964,0.641845703125,,,,,,,,,,,,,,,,,,,,,,,,,,,,,,,,,,,,,,,,,,,,,,,,,,,,,,,,,,,,,,,,,,,,,,,,,
1120,-0.7499359555666274,0.9187096353138682,2.3144739977634754,4.476211453822239,-1.2990729808807373,-1.247509479522705,-1.1340699195861816,-0.8040637373924255,0.27567506432534017,0.44344574213027954,0.7325529456138611,0.0,,,0.7325529456138611,0.7325529456138611,0.7325529456138611,0.7325529456138611,0.7325529456138611,0.0,-0.3535587793739978,0.43547161250692606,1.2694904514612733,0.6156954881160059,-0.6436379551887512,-0.6436379551887512,-0.6436379551887512,0.047155242413282394,0.21985355019569397,0.6907931976020336,3.6962860728693823,11.696398245785193,46.73457528565068,3316.7308826255,0.7654385566711426,1.763981193304062,3.20367431640625,3.748281240463257,4.861710548400879,1.984300047159195,1.4824889047649776,0.9187096244460767,-2.314473972087567,4.476211324593765,0.4568778812885303,1.5366166830062866,1.8666229248046875,1.980062484741211,2.031625986099243,0.4434458017349243,1.4824888706207275,0.7326267020747145,0.91156005859375,988.3604736328125,6.2216668128967285,14935.0,-0.4826385974884033,6.544958114624023,0.0,0.0,0.0,0.0,1.0,0.0,1.0,0.0,1.0,0.0,1.0,0.0,0.06463623046875,0.03314208984375,0.04296875,0.0386962890625,0.0279541015625,0.0263671875,0.0289306640625,0.04388427734375,0.0712890625,0.04296875,0.02691650390625,0.0255126953125,0.021484375,0.0255126953125,0.04034423828125,0.0416259765625,0.1024169921875,0.29534912109375,2.5325011515034213,0.0,0.0,0.0,0.0,0.0,0.0,0.0,0.0,0.0,0.0,0.0,0.0,0.0,0.0,0.0,0.0,1.0,0.0,-9.999994999180668e-07,13551.0,642.776695296637,0.4121553716136217,0.4699602237956841,0.9767894471275139,142.54742715333984,125.82484546033231,0.9126481681034483,19861113,1.3.6.1.4.1.14519.5.2.1.7695.1700.203381768162694953741055330783,C:\Users\ferra\Documents\breast_cancer_nac\data\raw\ISPY1\manifest-PyHQgfru6393647793776378748\ISPY1\ISPY1_1120\11-13-1986-926547-MR BREASTUNI UE-77966\3.000000-Dynamic-Unilateral 3dfgre-30783,Dynamic-Unilateral 3dfgre,180,True,T0,2009-09-03 00:00:00,41.09,3,1,1,1,0,1,HRposHER2neg,0,2,74,48,39,,,,,,,,,,,,,,,,,,,,,,,,,,,,,,,,,,,,,,,,,,,,,,,,,,,,
1121,-1.0108501222483,1.5245952962740015,0.43902575198513266,-0.9234797977486413,-2.774071216583252,-2.491894245147705,-1.1280392408370972,0.14175690710544586,1.1293761730194092,2.633651152253151,0.07117722208268162,1.095138136182634,2.055513743987254,4.247412132322367,-0.6425902843475342,-0.6425902843475342,-0.4274847209453583,0.43293747305870056,1.4162771701812744,1.0755277574062347,0.09738972596732509,1.386838545223224,6.613090808256457,42.262906528818554,-0.11448051035404205,-0.11448037624359131,-0.11448037624359131,-0.11448037624359131,-0.11447904258966446,0.0,1.462964828102443,6.922275846329391,19.835352616348505,550.3458761754811,0.0,0.0,0.7534804344177246,1.1199908554553986,2.022226333618164,1.1199908554553986,1.0820273431965006,1.9044564859656483,0.23558652471125038,0.12622170779285247,-1.348701000213623,-0.3140523433685303,1.2075889110565186,2.2255399227142334,3.3189159393310557,2.5395922660827637,1.0820273160934448,-0.024225352314933713,0.6585693359375,305.76483154296875,3.5584638118743896,10790.0,-0.020898133516311646,-1.4407069683074951,1973.902010887776,552.4636732768366,22.67896054902421,4.139988578336833,0.37509423262624403,0.018463303340397547,0.32245507388210354,0.007655621744229306,0.6775925907920852,0.08971795123594804,0.10403588321660352,0.004953354538962806,0.070068359375,0.061279296875,0.030517578125,0.0174560546875,0.01336669921875,0.01318359375,0.02099609375,0.03363037109375,0.053466796875,0.0347900390625,0.016845703125,0.01141357421875,0.0108642578125,0.01171875,0.0235595703125,0.05560302734375,0.0946044921875,0.4266357421875,2.174440414325334,0.0504150390625,0.03240966796875,0.02960205078125,0.02130126953125,0.01654052734375,0.016357421875,0.0152587890625,0.0150146484375,0.0166015625,0.031982421875,0.0108642578125,0.02978515625,0.01422119140625,0.024658203125,0.03369140625,0.04217529296875,0.31439208984375,0.28472900390625,2.162849329230336,9975.0,2483.067242667258,0.020330394555208034,0.41991243460918326,0.667625995582625,150.4349336441632,136.52942403268528,0.60882568359375,,,,,,,,,,,,,,,,,,,,,,,,,,,,,,,,,,,,,,,,,,,,,,,,,,,,,,,,,,,,,,,,,,,,,,,,,
1122,-0.2181422118910632,1.2095570109437541,0.6374612142666448,0.42530222987503086,-1.7712301015853882,-0.9732859134674072,-0.3748277723789215,0.3732449412345886,1.3706752061843872,1.3465308547019958,0.2803379980646241,1.2325713004452126,1.6802300101986176,1.9029537415611637,-0.6410849690437317,-0.5895962715148926,-0.17768652737140656,0.5431554913520813,2.2422828674316406,1.1327517628669739,0.25560407549729547,1.521280905276364,3.3077170651155625,9.070077429629666,-0.1836377277970314,-0.18359945714473724,-0.18359945714473724,-0.18359945714473724,-0.08309388160705551,0.0,2.454744268681022,20.414312147608225,41.92579168919939,2446.465382317778,0.0,0.0,0.598268985748291,1.1972940266132355,3.1618804931640625,1.1972940266132355,0.4984802129597483,1.5172866729890562,0.1365126396046137,0.568670104476328,-1.3135590553283691,-0.4142545461654663,0.462539941072464,1.3876541554927826,2.3194597482681276,1.801908701658249,0.4984802007675171,0.049618586720520594,0.59197998046875,1428.7392578125,6.186267852783203,9699.0,-0.4573219418525696,1.557584285736084,2982.4808153938266,840.5854565148193,31.743864653831995,5.860951813722417,0.16241084477925238,0.022230806596382362,0.08479266195851826,0.006671750197043464,0.6857981952923792,0.08813688816293715,0.007234307772703297,0.0011737954879158634,0.06353759765625,0.054443359375,0.0291748046875,0.017822265625,0.01263427734375,0.0162353515625,0.02337646484375,0.043212890625,0.06365966796875,0.04608154296875,0.02093505859375,0.013916015625,0.01226806640625,0.0159912109375,0.02569580078125,0.0494384765625,0.0863037109375,0.4052734375,2.2520565570229167,0.0665283203125,0.04962158203125,0.03857421875,0.02508544921875,0.01904296875,0.0189208984375,0.01812744140625,0.01763916015625,0.01788330078125,0.02642822265625,0.015625,0.02191162109375,0.01666259765625,0.027099609375,0.03680419921875,0.0526123046875,0.141357421875,0.39007568359375,2.2446870194610984,8916.0,4036.404471232105,0.006876866075060959,0.4281529299760707,0.558191948913792,150.32483558720682,135.84950029237132,0.544189453125,,,,,,,,,,,,,,,,,,,,,,,,,,,,,,,,,,,,,,,,,,,,,,,,,,,,,,,,,,,,,,,,,,,,,,,,,
1123,-0.3169339985492172,1.2664833665524928,0.9882501937309738,0.3882094582500297,-1.707621455192566,-1.1935924291610718,-0.6224489808082581,0.2913804352283478,1.6621246337890625,1.4849728643894196,0.38172318037356945,1.2820559653670662,1.480862240547036,0.9901923133786164,-0.6185752749443054,-0.5610365271568298,-0.10072614997625351,0.6472782492637634,2.92965030670166,1.2083147764205933,0.31574545283407573,1.4683010943020312,2.398380011149836,3.9767926372174074,-0.2431677684187889,-0.2431359440088272,-0.2431359440088272,-0.24313504993915558,3.4445915937423734,8.940696716308594e-07,1.9590153235036212,19.502075904418316,39.00426427933501,1821.4707578352672,0.0,0.0,0.7587999403476715,1.288227915763855,2.4163548469543468,1.288227915763855,0.6986571789859681,1.5722453578397089,-0.11341358038971541,0.5972583377584315,-1.3276623487472534,-0.09117543697357178,0.7310006022453308,1.528903603553772,2.585824728012085,1.6200790405273438,0.6986571550369263,0.09443491345620977,0.691162109375,1252.512939453125,4.078923225402832,11324.0,0.6797776222229004,2.771955966949463,2735.5653017446907,789.2481955564838,30.813598600524017,5.736528884176307,0.16896823075424508,0.021912885077743915,0.08904623755239506,0.007399050749003734,0.7599143839548689,0.06897186379327055,0.007983978374223903,0.0013714120312259106,0.053955078125,0.04718017578125,0.0289306640625,0.01971435546875,0.01678466796875,0.020263671875,0.02679443359375,0.0523681640625,0.065185546875,0.05291748046875,0.02685546875,0.01947021484375,0.01434326171875,0.0189208984375,0.02947998046875,0.04901123046875,0.08135986328125,0.37646484375,2.3474354345459614,0.06304931640625,0.04791259765625,0.0357666015625,0.02606201171875,0.01885986328125,0.02105712890625,0.019287109375,0.0201416015625,0.0203857421875,0.02783203125,0.0185546875,0.0242919921875,0.01605224609375,0.02398681640625,0.03924560546875,0.0535888671875,0.1358642578125,0.3880615234375,2.2665470538207706,11166.0,3926.784196909072,0.009099832921143528,0.41237616517060494,0.6818098552848507,154.63307670087246,140.87284598492002,0.6815185546875,,,,,,,,,,,,,,,,,,,,,,,,,,,,,,,,,,,,,,,,,,,,,,,,,,,,,,,,,,,,,,,,,,,,,,,,,
1127,-1.2710082455608216,1.1553011517679523,1.3412194362021956,0.39201231927888047,-2.1039185523986816,-2.0600993633270264,-1.9341192245483398,-0.7729105949401855,1.01819908618927,1.2871887683868408,0.885952353477478,0.0,,,0.885952353477478,0.885952353477478,0.885952353477478,0.885952353477478,0.885952353477478,0.0,-0.44131461014330853,0.2984718801710128,0.6151425307978483,-0.7874825727942785,-0.7154531478881836,-0.7154531478881836,-0.5673952102661133,-0.27127930521965027,0.02483656071126461,0.4441738426685333,3.058556166011641,17.220748178575516,27.683836632022423,865.4340534771669,0.0,1.526991605758667,2.144333600997925,2.2629735469818115,2.8924567699432373,0.7359819412231445,2.1569605956847226,1.155301149233402,-1.3412194412485465,0.3920123287637485,-0.132246732711792,1.6588629484176636,2.8200716972351074,2.946051597595215,2.989871025085449,1.2871886491775513,2.1569604873657227,0.6153410430868621,0.87677001953125,597.5460815429688,4.965133190155029,14365.0,-0.4981239438056946,2.9697346687316895,0.0,0.0,0.0,0.0,1.0,0.0,1.0,0.0,1.0,0.0,1.0,0.0,0.040283203125,0.0257568359375,0.03216552734375,0.032470703125,0.031494140625,0.03045654296875,0.03857421875,0.07232666015625,0.1451416015625,0.0849609375,0.03729248046875,0.032470703125,0.0283203125,0.0316162109375,0.03143310546875,0.02508544921875,0.0870361328125,0.193115234375,2.6411941208848835,0.0,0.0,0.0,0.0,0.0,0.0,0.0,0.0,0.0,0.0,0.0,0.0,0.0,0.0,0.0,0.0,1.0,0.0,-9.999994999180668e-07,14365.0,732.3797256769669,0.3365447869291581,0.29342741582931764,0.87677001953125,153.8594344687158,147.0867506857552,0.87677001953125,19861214,1.3.6.1.4.1.14519.5.2.1.7695.1700.458562467666921510692627415711,C:\Users\ferra\Documents\breast_cancer_nac\data\raw\ISPY1\manifest-PyHQgfru6393647793776378748\ISPY1\ISPY1_1127\12-14-1986-844307-MR BREASTUNI UE-60176\4.000000-Dynamic-Unilateral 3dfgre-15711,Dynamic-Unilateral 3dfgre,180,True,T0,2009-09-03 00:00:00,47.61,4,1,1,1,0,1,HRposHER2neg,0,2,53,62,52,36,0,,,,,,,,,,,,,,,,,,,,,,,,,,,,,,,,,,,,,,,,,,,,,,,,,,
1128,-1.4244274594434785,0.8087313472214892,2.55977632847255,6.654166228244193,-1.9068022966384888,-1.871869683265686,-1.7758047580718994,-1.339146375656128,-0.4946488976478513,0.5327233076095581,0.0,0.0,,,0.0,0.0,0.0,0.0,0.0,0.0,-0.009907576022669673,1.1881664154034781,3.0259168927206517,10.630316345932252,-0.6455326080322266,-0.6455326080322266,-0.6455326080322266,0.2737894654273987,0.9632810950279236,0.9193220734596252,1.7128600995692125,6.1811567734247,22.591924263597576,574.910496963687,0.3151863217353821,0.7222041487693787,1.5226675271987915,1.598893404006958,1.8552954196929932,0.8766892552375793,1.4244274594434785,0.8087313472214892,-2.55977632847255,6.654166228244193,0.49464889764785924,1.339146375656128,1.7758047580718994,1.871869683265686,1.9068022966384888,0.5327233076095581,1.4244275093078613,0.006955451673755352,0.906005859375,175.7323760986328,2.5586774349212646,14844.0,-9907.59375,0.8768302798271179,0.0,0.0,0.0,0.0,1.0,0.0,1.0,0.0,1.0,0.0,1.0,0.0,0.05230712890625,0.02496337890625,0.0313720703125,0.033935546875,0.02984619140625,0.0306396484375,0.0374755859375,0.0631103515625,0.126953125,0.0736083984375,0.03680419921875,0.02996826171875,0.0277099609375,0.028076171875,0.03167724609375,0.0252685546875,0.09552001953125,0.22076416015625,2.6194188997362216,0.0,0.0,0.0,0.0,0.0,0.0,0.0,0.0,0.0,0.0,0.0,0.0,0.0,0.0,0.0,0.0,1.0,0.0,-9.999994999180668e-07,10848.0,659.1137443927346,0.31378978710598937,0.7425173622412872,0.972130119186307,148.28902854572843,99.32796820795794,0.9313186813186813,19861214,1.3.6.1.4.1.14519.5.2.1.7695.1700.153118239290774109071783184800,C:\Users\ferra\Documents\breast_cancer_nac\data\raw\ISPY1\manifest-PyHQgfru6393647793776378748\ISPY1\ISPY1_1128\12-14-1986-913156-MR BREASTUNI UE-21340\3.000000-Dynamic-Unilateral 3dfgre-84800,Dynamic-Unilateral 3dfgre,180,True,T0,2009-09-03 00:00:00,33.18,1,1,0,1,1,2,HER2pos,0,2,23,22,15,12,0,,,,,,,,,,,,,,,,,,,,,,,,,,,,,,,,,,,,,,,,,,,,,,,,,,
1129,-0.7100274300721878,1.2621392045343964,0.6495311178913554,-0.42483207568003234,-2.1747124195098877,-1.7413840293884277,-0.9507502317428589,0.14397381246089935,1.1550729274749756,1.885357841849327,0.050560083118227794,1.1188791027060647,2.1583791995405486,3.2332307493724164,-0.45053738355636597,-0.45053738355636597,-0.45053738355636597,-0.3302719295024872,1.9547717571258545,0.12026545405387878,0.12901557160255228,1.2037674405004102,2.952212943959628,6.923559531249296,-0.2586253583431244,-0.2583306133747101,-0.2583306133747101,-0.25833022594451904,0.2360318154096621,3.8743019104003906e-07,0.8439832503752491,3.7255091753826095,45.44197213344768,3007.309406982628,0.0,0.2777014374732971,0.7852775454521179,0.8845950961112976,0.9084218144416809,0.6068936586380005,0.7605875030799325,1.082612353633974,-0.7075000055750196,0.852486078849279,-0.5641021132469177,0.10489583015441895,0.8955298066139221,1.547085464000702,1.9294357299804688,1.442189633846283,0.7605875134468079,-0.10315104543080346,0.74615478515625,302.0469970703125,1.028077244758606,12225.0,-0.9174468517303467,0.6688644886016846,2800.0271730515674,801.3429217186173,21.486370449312762,4.06154089582328,0.6162043977235224,0.017468079754606552,0.5501204710464447,0.011103562059841473,0.7315381911993324,0.07666886078975428,0.302755821754779,0.012369035707352972,0.07489013671875,0.04376220703125,0.04217529296875,0.031494140625,0.02532958984375,0.02587890625,0.02862548828125,0.0374755859375,0.0419921875,0.037353515625,0.027099609375,0.023193359375,0.02117919921875,0.0283203125,0.0364990234375,0.04400634765625,0.0806884765625,0.35003662109375,2.4383075598825474,0.02972412109375,0.02130126953125,0.015625,0.013427734375,0.0101318359375,0.01177978515625,0.0101318359375,0.010498046875,0.008544921875,0.02618408203125,0.00994873046875,0.02508544921875,0.01275634765625,0.029296875,0.04071044921875,0.033203125,0.4649658203125,0.2266845703125,1.871895249239738,11769.0,3516.711037056153,0.01195848210500882,0.19342791202650808,0.7378220801203687,146.68385692016307,143.91365750045273,0.71832275390625,19861225,1.3.6.1.4.1.14519.5.2.1.7695.1700.268746837979699734666590854370,C:\Users\ferra\Documents\breast_cancer_nac\data\raw\ISPY1\manifest-PyHQgfru6393647793776378748\ISPY1\ISPY1_1129\12-25-1986-107260-MR BREAST BILAT WWO C-74036\13.000000-Axial T1 left breast post-54370,Axial T1 left breast post,76,True,T0,2009-09-03 00:00:00,52.45,3,0,0,0,1,2,HER2pos,0,1,80,60,50,0,1,,,,,,,,,,,,,,,,,,,,,,,,,,,,,,,,,,,,,,,,,,,,,,,,,,
1130,-0.6513097669338777,1.4366189588046734,0.30721889804448377,-0.732056633248805,-2.532430648803711,-1.9498705863952637,-0.6258705854415894,0.32740938663482666,1.3336493968963623,2.2772799730300903,0.17072516478617672,1.1179390445831587,1.8475964311032456,2.572803627826887,-0.5821096897125244,-0.5821096897125244,-0.2945394217967987,0.37046685814857483,1.8981839418411255,0.9525765478610992,0.11643113386576687,1.2114386821873293,3.2373950379741756,8.788430737816043,-0.2452104851603508,-0.24518853425979614,-0.24518853425979614,-0.24518853425979614,-0.1054553531110282,0.0,1.3092476858935491,9.79203559106238,43.23761534254996,2426.5543897807406,0.0,0.0,0.7487993836402893,1.0537272691726685,1.7793240070343028,1.0537272691726685,0.8220349326903715,1.740855770311434,0.15207656209465314,-0.2384649509164669,-1.3681091785430908,-0.3950139284133911,0.6962946057319641,2.099862575531006,2.9901342868804948,2.494876503944397,0.8220349550247192,0.06604823919954109,0.62255859375,664.802978515625,2.730067729949951,10200.0,0.5008819699287415,0.8586739897727966,2245.5925158044943,627.1760770178075,26.655393850100058,4.838470410929383,0.22716804479882344,0.019744056580843033,0.15272928433813499,0.0068151407083236835,0.7358097683066566,0.07301991882689135,0.023372680437313137,0.0021029979233737318,0.06622314453125,0.052490234375,0.0286865234375,0.0181884765625,0.01409912109375,0.01739501953125,0.021728515625,0.0379638671875,0.05615234375,0.04254150390625,0.019287109375,0.0162353515625,0.0146484375,0.015380859375,0.0234375,0.0478515625,0.0902099609375,0.41748046875,2.2274118195038475,0.0599365234375,0.041748046875,0.03424072265625,0.0264892578125,0.0201416015625,0.02001953125,0.01983642578125,0.02117919921875,0.0224609375,0.03192138671875,0.016845703125,0.0260009765625,0.01885986328125,0.02972412109375,0.0382080078125,0.04937744140625,0.177734375,0.34527587890625,2.31511302843157,4837.0,1390.732106143464,0.031426715198919423,0.8881839248354323,0.5710069649392043,151.77730122511696,69.73986403099715,0.49076704545454547,,,,,,,,,,,,,,,,,,,,,,,,,,,,,,,,,,,,,,,,,,,,,,,,,,,,,,,,,,,,,,,,,,,,,,,,,
1132,-1.570224897050899,1.2931821939474903,0.2967114603924565,-1.1419037508920522,-3.121837854385376,-2.8513875007629395,-1.5703073740005493,-0.4268248379230499,0.1662677824497223,2.4245626628398895,1.0247067213058472,0.0,,,1.0247067213058472,1.0247067213058472,1.0247067213058472,1.0247067213058472,1.0247067213058472,0.0,-0.5624040334296296,0.36128274102367613,0.25434303737917613,-0.15604931400688438,-1.115121603012085,-0.797866702079773,-0.6392391920089722,-0.32198429107666016,-0.00472935801371932,0.4758824110031128,7.355288946832474,78.23922450463799,51.445288055555935,3233.7714908676267,1.3363977670669556,1.7197649478912354,2.1248438358306885,3.5554745197296143,8.071211814880389,1.835709571838379,2.5949316183759947,1.2931821926524347,-0.2967114638962229,-1.1419037501032587,0.8584389686584473,1.4515315294265747,2.5950140953063965,3.876094341278076,4.146544456481934,2.4245628118515015,2.5949316024780273,0.6116192139645015,0.977783203125,5490.35009765625,15.274968147277832,16020.0,-0.5488433837890625,12.365592002868652,0.0,0.0,0.0,0.0,1.0,0.0,1.0,0.0,1.0,0.0,1.0,0.0,0.037841796875,0.0238037109375,0.0330810546875,0.03570556640625,0.0347900390625,0.04364013671875,0.0555419921875,0.08148193359375,0.1240234375,0.08624267578125,0.05035400390625,0.0386962890625,0.02978515625,0.0350341796875,0.029052734375,0.022216796875,0.063232421875,0.17547607421875,2.698946243403362,0.0,0.0,0.0,0.0,0.0,0.0,0.0,0.0,0.0,0.0,0.0,0.0,0.0,0.0,0.0,0.0,1.0,0.0,-9.999994999180668e-07,16020.0,617.7401153701777,0.527546524269766,0.2210717403700424,0.97784288591833,149.38244932497986,145.68636129489988,0.977783203125,19870116,1.3.6.1.4.1.14519.5.2.1.7695.1700.254409606668984222829147462155,C:\Users\ferra\Documents\breast_cancer_nac\data\raw\ISPY1\manifest-PyHQgfru6393647793776378748\ISPY1\ISPY1_1132\01-16-1987-964660-BREAST - LT-18811\4.000000-Dynamic-Unilateral 3dfgre-62155,Dynamic-Unilateral 3dfgre,180,True,T0,2009-09-03 00:00:00,51.42,1,1,1,1,0,1,HRposHER2neg,0,1,65,64,60,52,0,,,,,,,,,,,,,,,,,,,,,,,,,,,,,,,,,,,,,,,,,,,,,,,,,,
1134,-1.5809168093351218,1.1750220796514204,1.4315613310298683,0.6795179950767176,-2.4037768840789795,-2.3608908653259277,-2.2322330474853516,-1.2810833156108856,0.5369756817817688,1.0798075497150421,0.8948797583580017,0.0,,,0.8948797583580017,0.8948797583580017,0.8948797583580017,0.8948797583580017,0.8948797583580017,0.0,-0.29249611277191434,0.5675374868064447,0.7170101458863128,-0.26290052665840946,-0.8252131938934326,-0.8252131938934326,-0.39903953671455383,0.24022096395492554,0.4533078074455261,1.0654341578483582,2.5402993158910476,16.294290201616498,43.34872563461068,2197.466994697044,0.7209031522274022,1.2971819639205933,2.064858913421631,2.1522645950317383,2.442315101623535,0.855082631111145,2.475796603865092,1.1750221022345857,-1.4315613041813848,0.6795179205726742,0.3579040765762329,2.1759631037712097,3.127112865447998,3.255770683288574,3.298656702041626,1.0798075795173645,2.475796699523926,0.4795932172279706,0.917724609375,958.9912719726562,3.2608635425567627,15036.0,-0.3268548548221588,2.174534559249878,0.0,0.0,0.0,0.0,1.0,0.0,1.0,0.0,1.0,0.0,1.0,0.0,0.0511474609375,0.0257568359375,0.0335693359375,0.036376953125,0.03314208984375,0.03570556640625,0.0438232421875,0.067626953125,0.1116943359375,0.06378173828125,0.03472900390625,0.02825927734375,0.026611328125,0.02825927734375,0.03631591796875,0.029052734375,0.08709716796875,0.22705078125,2.639465416004494,0.0,0.0,0.0,0.0,0.0,0.0,0.0,0.0,0.0,0.0,0.0,0.0,0.0,0.0,0.0,0.0,1.0,0.0,-9.999994999180668e-07,15028.0,942.8305191657993,0.21244366557031766,0.38106685359333825,0.917236328125,153.21391096633664,141.65353613981887,0.917236328125,19870114,1.3.6.1.4.1.14519.5.2.1.7695.1700.202330656998774093090285791281,C:\Users\ferra\Documents\breast_cancer_nac\data\raw\ISPY1\manifest-PyHQgfru6393647793776378748\ISPY1\ISPY1_1134\01-14-1987-859846-MR BREASTUNI UE-70873\3.000000-Dynamic-Unilateral 3dfgre-91281,Dynamic-Unilateral 3dfgre,180,True,T0,2009-09-03 00:00:00,43.06,1,1,1,1,0,1,HRposHER2neg,0,1,38,41,21,15,0,,,,,,,,,,,,,,,,,,,,,,,,,,,,,,,,,,,,,,,,,,,,,,,,,,
1135,-1.495202554138345,1.4643094763289184,0.9735643771716233,-0.6538468796196999,-2.696627378463745,-2.6312384605407715,-2.2864599227905273,-0.26534417271614075,1.1137700080871582,2.3658942878246307,0.9238043427467346,0.0,,,0.9238043427467346,0.9238043427467346,0.9238043427467346,0.9238043427467346,0.9238043427467346,0.0,-0.3315610201098025,0.7717339564476011,0.529264150802156,-1.0381379558163293,-1.1468056440353394,-1.1468056440353394,-0.4662536084651947,0.32772377133369446,0.894850492477417,1.4745294153690338,2.840863743699078,53.80091174828141,117.59391476656525,14551.404582779734,0.0,1.0413603782653809,1.9051722884178162,2.4530699253082275,2.9063658714294434,1.4117095470428467,2.41900686128065,1.464309451456086,-0.9735643909810854,-0.6538468516042064,-0.18996566534042358,1.1891485452651978,3.210264205932617,3.5550427436828613,3.620431661605835,2.3658941984176636,2.419006824493408,0.5189587892164019,0.86309814453125,6687.88671875,3.58651065826416,14141.0,-0.35890790820121765,2.2095959186553955,0.0,0.0,0.0,0.0,1.0,0.0,1.0,0.0,1.0,0.0,1.0,0.0,0.04443359375,0.02703857421875,0.0333251953125,0.03228759765625,0.0291748046875,0.03619384765625,0.0430908203125,0.0723876953125,0.112060546875,0.0701904296875,0.03912353515625,0.034912109375,0.02618408203125,0.03021240234375,0.032470703125,0.0286865234375,0.0775146484375,0.230712890625,2.6354849043592985,0.0,0.0,0.0,0.0,0.0,0.0,0.0,0.0,0.0,0.0,0.0,0.0,0.0,0.0,0.0,0.0,1.0,0.0,-9.999994999180668e-07,14098.0,771.776695296637,0.2974295057701001,0.6018775978014022,0.9076160432627309,156.68869791812767,125.12976917644384,0.8604736328125,19870129,1.3.6.1.4.1.14519.5.2.1.7695.1700.272174635739856529306376267065,C:\Users\ferra\Documents\breast_cancer_nac\data\raw\ISPY1\manifest-PyHQgfru6393647793776378748\ISPY1\ISPY1_1135\01-29-1987-901232-MR BREASTUNI UE-27267\4.000000-Dynamic-Unilateral 3dfgre-67065,Dynamic-Unilateral 3dfgre,180,True,T0,2009-09-03 00:00:00,58.89,1,0,0,0,0,3,TripleNeg,0,2,28,28,21,11,0,,,,,,,,,,,,,,,,,,,,,,,,,,,,,,,,,,,,,,,,,,,,,,,,,,
1136,-0.4096419604477717,1.3837413120112145,0.7596835723974084,0.08449009537821661,-2.1208646297454834,-1.4283002614974976,-0.6135188341140747,0.3234798312187195,1.6149084329605399,1.751780092716217,0.22400644076540743,1.298787568489173,1.7470348177605786,1.9530708259815839,-0.6908507347106934,-0.6699844598770142,-0.2943919897079468,0.39419424533843994,2.5580242395401154,1.064178705215454,0.33448163393020813,1.6033079300910056,2.9080993308110044,6.83935920445143,-0.19378020465373993,-0.19262395799160004,-0.19262391328811646,-0.1926008202135563,1.5158226490020827,2.3137778043746948e-05,1.2018051652500628,5.891431128833788,25.48448614170295,989.7666785247305,0.0,0.0,0.6221327185630798,0.9940658956766129,1.8755127787590045,0.9940658956766129,0.6336483987963675,1.9040164707599088,0.3951218706285229,0.7178900896904352,-1.6134955883026123,-0.473797082901001,0.5377278923988342,1.591230571269989,2.9661688804626465,2.06502765417099,0.6336483955383301,-0.1743475149069918,0.60491943359375,337.572998046875,3.0736873149871826,9911.0,0.96489417552948,1.0930697917938232,2412.634764806777,786.958484572477,27.86728328303846,5.5508875904489745,0.19829994569175594,0.02329985266770377,0.11383747006830942,0.006973951502349635,0.7577280219319427,0.07852789270092447,0.013007605591110374,0.0016168167476336014,0.0615234375,0.05645751953125,0.02655029296875,0.0194091796875,0.0150146484375,0.0196533203125,0.021240234375,0.04107666015625,0.056640625,0.041259765625,0.02191162109375,0.01824951171875,0.01318359375,0.015869140625,0.02410888671875,0.048583984375,0.0830078125,0.416259765625,2.2417947848695112,0.06048583984375,0.04150390625,0.03662109375,0.029052734375,0.02093505859375,0.02423095703125,0.02294921875,0.0263671875,0.024169921875,0.03515625,0.01861572265625,0.02978515625,0.02130126953125,0.02838134765625,0.0419921875,0.04583740234375,0.1494140625,0.34320068359375,2.3742944000427935,4316.0,1277.0813485483814,0.0332547873971837,0.9475600015821567,0.7311536506860918,150.38652883950974,48.060213247296296,0.6611519607843137,,,,,,,,,,,,,,,,,,,,,,,,,,,,,,,,,,,,,,,,,,,,,,,,,,,,,,,,,,,,,,,,,,,,,,,,,
1137,-0.7732988385942008,0.8983532245939378,2.3805274658555438,5.054229138139727,-1.303422212600708,-1.282776117324829,-1.2001917362213135,-0.6633934378623962,0.20374231040477753,0.6193826794624329,-0.1210872611133027,0.7388535376490606,4.014875195950325,15.433725553693112,-0.3482068181037903,-0.3482068181037903,-0.3482068181037903,-0.3482068181037903,0.3150365352630615,0.0,-0.33497552570116795,0.8343088369958248,2.865594428588489,8.206913629220791,-0.8510399460792542,-0.7850707769393921,-0.6531324982643127,-0.37276364862918854,0.5343121290206909,0.41230712831020355,4.384372555156737,96.49474760975451,113.6032020923355,13863.533428463,0.0,0.7101182341575623,1.4689050912857056,2.0630040168762207,3.9697546958923446,1.3528857827186584,0.6522115815530469,1.0107915065052155,-1.2822435628380435,4.502613927459673,-0.11838124692440033,0.5216475129127502,0.893277108669281,0.9552153944969177,1.2881213426589966,0.4335678815841675,0.6522115468978882,0.3279425912003746,0.830078125,11849.0556640625,7.641914367675781,13600.0,0.4646536111831665,3.234163522720337,1046.8050760136628,331.20435282163874,5.50649964321843,1.3835129193108544,0.9547926832488033,0.008901462277731417,0.8361954931767536,0.0031297470913314936,0.8068569672377545,0.060146925511153124,0.6992326981259698,0.005237477588133793,0.056396484375,0.0435791015625,0.032470703125,0.02618408203125,0.02056884765625,0.02349853515625,0.0311279296875,0.04608154296875,0.07373046875,0.05615234375,0.029052734375,0.02618408203125,0.02093505859375,0.02392578125,0.0343017578125,0.04205322265625,0.10186767578125,0.3118896484375,2.4905719929365024,0.00152587890625,0.00146484375,0.00201416015625,0.0013427734375,0.0008544921875,0.00201416015625,0.00244140625,0.0030517578125,0.0018310546875,0.0177001953125,0.001953125,0.01776123046875,0.0010986328125,0.00152587890625,0.002685546875,0.00177001953125,0.92535400390625,0.01361083984375,0.43321096373996426,13533.0,1376.927019615831,0.08969786403700053,0.3246747184578373,0.82598876953125,156.48044226996896,148.00322983649153,0.82598876953125,19870211,1.3.6.1.4.1.14519.5.2.1.7695.1700.175496408919148272863742747365,C:\Users\ferra\Documents\breast_cancer_nac\data\raw\ISPY1\manifest-PyHQgfru6393647793776378748\ISPY1\ISPY1_1137\02-11-1987-203705-MR BREASTUNI UE-30262\3.000000-Dynamic-Unilateral 3dfgre-47365,Dynamic-Unilateral 3dfgre,180,True,T0,2009-09-03 00:00:00,29.38,1,1,1,1,1,2,HER2pos,0,2,92,90,34,25,0,,,,,,,,,,,,,,,,,,,,,,,,,,,,,,,,,,,,,,,,,,,,,,,,,,
1138,-0.41097654244072146,1.2863181044764154,0.7706598852016722,0.3114639358774203,-2.0831918716430664,-1.2391541004180908,-0.5786027908325195,0.1920403689146042,1.4030510187149048,1.431194469332695,0.22880318021151425,1.1498159868523385,1.5290574466255407,1.5352268309104753,-0.666006326675415,-0.666006326675415,-0.17996366322040558,0.6301074028015137,1.980225920677185,1.2961137294769287,0.224523279017518,1.4783488527609756,3.3742614883104314,9.509604845982839,-0.1813259795308113,-0.1812557876110077,-0.1812557876110077,-0.1812557876110077,-0.15903215259313583,0.0,2.5301352952112106,21.947109868755053,32.65562818575583,1322.6346339125898,0.0,0.0,0.604020357131958,1.2862552404403687,3.1711537837982178,1.2862552404403687,0.6397797229980142,1.44967667365526,-0.08260107673381813,0.5597083375024594,-1.1477676749229428,-0.18508702889084816,0.5994330644607544,1.5639746189117432,2.424967026710511,1.7490616478025913,0.6397797465324402,0.0066896185756632805,0.6275634765625,1087.7646484375,6.389379978179932,10282.0,0.1047796979546547,1.311507225036621,2502.078400723355,755.0258429539216,29.746175410755814,5.578818713130366,0.2771156580184377,0.018313669830784595,0.21356590856940494,0.007580292571263128,0.7310622668659352,0.08052330393737593,0.04566785813854138,0.003232926432664503,0.0650634765625,0.05645751953125,0.028564453125,0.01806640625,0.0146484375,0.01715087890625,0.02191162109375,0.0343017578125,0.0462646484375,0.032958984375,0.02032470703125,0.01568603515625,0.013916015625,0.01678466796875,0.0277099609375,0.051513671875,0.0911865234375,0.427490234375,2.206043175777773,0.05511474609375,0.03912353515625,0.03076171875,0.0223388671875,0.01629638671875,0.01824951171875,0.01806640625,0.0196533203125,0.01910400390625,0.03424072265625,0.016845703125,0.03314208984375,0.0205078125,0.02374267578125,0.03692626953125,0.04510498046875,0.23828125,0.3125,2.276647715911856,9531.0,3322.5222202381965,0.010849570480424457,0.5393270842869384,0.6474864130434783,149.72927927009528,126.08648253716035,0.6004914314516129,,,,,,,,,,,,,,,,,,,,,,,,,,,,,,,,,,,,,,,,,,,,,,,,,,,,,,,,,,,,,,,,,,,,,,,,,
1139,-0.9666962530313867,0.8805573095515701,1.423751531128105,2.4495547899518124,-1.8874248266220093,-1.5933791399002075,-1.1313073635101318,-0.5852223634719849,0.21290172636508942,1.0081567764282227,-0.13773659336203536,0.9295701771213384,2.8273353409882738,6.996019528280689,-0.5230202674865723,-0.5093742609024048,-0.5093742609024048,-0.34562233090400696,0.7733493447303772,0.16375192999839783,-0.05020828674337263,0.9027895358847348,3.823956698452745,13.884554812821232,-0.3055864244699478,-0.30433520674705505,-0.3043351471424103,-0.3043237552046776,-0.10410302355885452,1.1451542377471924e-05,1.6061136658711916,25.049784938852465,83.24140986867096,7537.627034704071,0.0,0.6647455990314484,0.8099742531776428,0.8669718354940414,1.0163062810897832,0.20222623646259308,0.828959660226019,0.9003156446819199,0.1488023609806944,3.116693842356498,-0.03759393095970154,0.3835398852825165,0.8319655656814575,1.2940375804901123,1.5040701627731323,0.9104976952075958,0.8289596438407898,-0.10558800820751905,0.87213134765625,2470.7333984375,2.204374313354492,14289.0,0.7095125317573547,4.186992168426514,1897.1729165663273,703.5053944362387,16.00056713560442,3.7948283505113127,0.5788388317430717,0.02396497931768965,0.500638653522679,0.010472318509643471,0.7415242373147373,0.09457465620859662,0.2507487308559685,0.010527345680584808,0.05413818359375,0.0467529296875,0.03594970703125,0.027587890625,0.025146484375,0.02764892578125,0.03411865234375,0.0460205078125,0.05364990234375,0.048583984375,0.03076171875,0.02545166015625,0.02197265625,0.02716064453125,0.03277587890625,0.0369873046875,0.0853271484375,0.3399658203125,2.465452230311541,0.03106689453125,0.02178955078125,0.017578125,0.01580810546875,0.01324462890625,0.01727294921875,0.01806640625,0.0179443359375,0.0164794921875,0.04022216796875,0.01171875,0.0355224609375,0.0142822265625,0.02728271484375,0.03466796875,0.03076171875,0.4600830078125,0.17620849609375,2.0130972357366437,14253.0,1960.806312016909,0.04658507044964623,0.42230736972736654,0.86993408203125,150.8249338517382,136.71566753025743,0.86993408203125,19870215,1.3.6.1.4.1.14519.5.2.1.7695.1700.306145555652562281875786569767,C:\Users\ferra\Documents\breast_cancer_nac\data\raw\ISPY1\manifest-PyHQgfru6393647793776378748\ISPY1\ISPY1_1139\02-15-1987-987142-HUP5 PROTOCOLSBREAST-49998\8.000000-post needleR-69767,post needle_R,64,True,T0,2009-09-03 00:00:00,46.26,1,0,0,0,0,3,TripleNeg,0,2,113,113,6,0,1,,,,,,,,,,,,,,,,,,,,,,,,,,,,,,,,,,,,,,,,,,,,,,,,,,
1140,-2.2734679946161904,1.7484168449685895,0.9073783656195837,-0.7278765029423622,-3.7450695037841797,-3.6634929180145264,-3.2381298542022705,-0.6276813745498657,0.6950235366821289,3.0358115434646606,0.25302196325992554,0.33820940507994074,-0.6556559288134067,25.532189012344972,0.3549714982509613,0.3549714982509613,0.3549714982509613,0.3549714982509613,0.3549714982509613,0.0,-0.06016355622498537,0.9547228080849077,1.1108216256544425,-0.23984945949610914,-0.8150225281715393,-0.8150225281715393,-0.6116797924041748,0.5067051649093628,1.5234187841415405,1.321727693080902,2.367182943640131,23.07313828911134,43.828906887421425,2163.7092098512576,0.0,0.7796194553375244,1.3900015354156494,1.452387809753418,2.0995276689529434,0.6727683544158936,2.5264899381299983,1.8008522241278913,-0.8930350618199583,-0.5565615501611263,-0.40345421433448747,0.8544611930847168,3.389159917831421,4.000983715057373,4.094213962554932,3.1465225219726562,2.526489734649658,0.12396069319657044,0.8447265625,1232.01611328125,3.8188443183898926,13840.0,-0.05312836170196533,1.160799503326416,713.7053124958678,441.35979671286213,2.831872399869027,1.7328907169044845,0.9886353430833243,0.0068116164288369455,0.9028641128294898,0.001154750637747074,0.9356654722157067,0.04136502766221279,0.8151649396844166,0.0020845518102226017,0.04095458984375,0.0269775390625,0.03350830078125,0.03668212890625,0.033203125,0.03887939453125,0.04571533203125,0.07354736328125,0.113525390625,0.080322265625,0.04119873046875,0.03485107421875,0.0306396484375,0.03778076171875,0.035400390625,0.02325439453125,0.0711669921875,0.202392578125,2.681294611084769,0.0,0.00030517578125,0.00054931640625,0.0003662109375,6.103515625e-05,0.00042724609375,0.00042724609375,0.00030517578125,0.0,0.0283203125,0.0,0.02850341796875,0.00018310546875,0.0,0.0,0.0,0.939697265625,0.0008544921875,0.2875769587820925,13840.0,717.8772003600252,0.3374781294414235,0.49042616863671307,0.8853067229578456,149.223967866861,130.04611298945247,0.8447265625,19870221,1.3.6.1.4.1.14519.5.2.1.7695.1700.991775669312071802696024032694,C:\Users\ferra\Documents\breast_cancer_nac\data\raw\ISPY1\manifest-PyHQgfru6393647793776378748\ISPY1\ISPY1_1140\02-21-1987-922884-MR BREASTUNI UE-10033\3.000000-Dynamic-Unilateral 3dfgre-32694,Dynamic-Unilateral 3dfgre,180,True,T0,2009-09-03 00:00:00,35.12,1,1,0,1,0,1,HRposHER2neg,0,1,118,37,,0,0,,,,,,,,,,,,,,,,,,,,,,,,,,,,,,,,,,,,,,,,,,,,,,,,,,
1141,-0.561869037997127,1.4297607051964276,0.9342236111575138,-0.011227544682764545,-2.009744882583618,-1.829297423362732,-0.8368357419967651,0.23833107948303223,1.6292810440063477,2.067628502845764,0.3770644989685934,1.6252900651522861,2.603345740327134,5.029089181072374,-0.20774872601032257,-0.20774872601032257,-0.20774872601032257,-0.20774872601032257,2.601489782333374,0.0,-0.050035388385758495,0.29976177731600506,4.246797105247524,16.925133310590063,-0.122703418135643,-0.12270310521125793,-0.12270310521125793,-0.12270310521125793,-0.12244841158390045,0.0,3.923550028893459,186.0433628598398,108.34812287582102,12689.791631338156,0.0,0.0,0.913641095161438,0.9540151357650757,2.2573256254196172,0.9540151357650757,0.9389335258988467,2.1045264926883487,0.7188682043112534,1.4207793212052602,-1.6039516925811768,-0.21300174295902252,0.982463538646698,1.7432288527488708,3.095733904838563,1.9562305957078934,0.9389334917068481,0.4548771903990444,0.70281982421875,22302.36328125,3.808962106704712,11515.0,0.4818514585494995,1.7610139846801758,1749.27012003617,608.3768105185065,11.151686942367123,2.868608065187521,0.8327637234921849,0.016890818278107005,0.7513121871959471,0.008686386376625511,0.8356133295501369,0.05633854699003554,0.5645454559374419,0.013046293165778076,0.05340576171875,0.04913330078125,0.03692626953125,0.02777099609375,0.0185546875,0.01904296875,0.02667236328125,0.0401611328125,0.05218505859375,0.04144287109375,0.022705078125,0.0201416015625,0.01751708984375,0.0244140625,0.03302001953125,0.04766845703125,0.13360595703125,0.33563232421875,2.4061900187111678,0.00970458984375,0.00848388671875,0.00830078125,0.006591796875,0.00341796875,0.00482177734375,0.006103515625,0.0078125,0.0068359375,0.04022216796875,0.00653076171875,0.0430908203125,0.0120849609375,0.01470947265625,0.02166748046875,0.01885986328125,0.70648193359375,0.07427978515625,1.3160847368582995,9337.0,1358.749350086167,0.0635533611571017,0.443665710936679,0.679647692531664,139.46904644903367,124.99109316953668,0.56988525390625,19870208,1.3.6.1.4.1.14519.5.2.1.7695.1700.102930109797614017850070312006,C:\Users\ferra\Documents\breast_cancer_nac\data\raw\ISPY1\manifest-PyHQgfru6393647793776378748\ISPY1\ISPY1_1141\02-08-1987-437446-MR BREAST BILAT WWO C-23804\102.000000-DCE PRE Left-12006,DCE PRE Left,54,True,T0,2009-09-03 00:00:00,49.15,3,0,0,0,1,2,HER2pos,0,2,90,81,67,47,0,,,,,,,,,,,,,,,,,,,,,,,,,,,,,,,,,,,,,,,,,,,,,,,,,,
1142,-0.5830163171352183,1.1279599726097957,0.5701820741651329,0.346610311038166,-2.20112943649292,-1.2956935167312622,-0.6489534974098206,0.040902502834796906,0.9032225012779236,1.3365960195660591,0.13579839494843782,0.9536270206057864,1.4148379138391902,1.9470756523248145,-0.7343900799751282,-0.7343900799751282,-0.06833302229642868,0.55125492811203,1.3876986503601074,1.2856450080871582,-0.048062929827480616,0.907752848772449,4.306672526277596,17.479820126275968,-0.26170640289783476,-0.260886013507843,-0.2608858644962311,-0.2608838975429535,-0.24262918084859844,2.115964889526367e-06,163.73190372293564,4956.042178549642,71.97108014701823,5913.180864831689,0.0,0.0,0.7973682284355164,1.573610633611679,3.3765944957733165,1.573610633611679,0.7188147151158262,1.4399079067334541,-0.1563149331892796,0.17528366810795815,-1.0771045684814453,-0.21486642956733704,0.7600277662277222,1.6547296643257141,2.475979089736939,1.8695960938930511,0.7188146710395813,0.25578367675886754,0.66162109375,428341.9375,6.224115371704102,10840.0,0.2932276427745819,1.1042240858078003,2315.8529997116707,665.6773177997618,29.349308878667383,5.421833442188339,0.2209403019902141,0.015904634413226763,0.17679297018422557,0.004897939868212721,0.6299329768916325,0.1082943059343166,0.03127974412151311,0.0017356149361916855,0.076904296875,0.05633544921875,0.03033447265625,0.01995849609375,0.01702880859375,0.01568603515625,0.0167236328125,0.02105712890625,0.032958984375,0.02618408203125,0.0174560546875,0.0172119140625,0.01513671875,0.0174560546875,0.02960205078125,0.0531005859375,0.0914306640625,0.4454345703125,2.1492390093075575,0.0621337890625,0.0462646484375,0.03460693359375,0.02508544921875,0.0186767578125,0.01715087890625,0.01788330078125,0.02001953125,0.01611328125,0.02862548828125,0.01446533203125,0.02587890625,0.0186767578125,0.02325439453125,0.03643798828125,0.0438232421875,0.21490478515625,0.33599853515625,2.258521414932371,10267.0,2851.74552494156,0.015864700897853665,0.5146522523237484,0.6751052077853761,151.91687434042666,130.25337738086193,0.62664794921875,,,,,,,,,,,,,,,,,,,,,,,,,,,,,,,,,,,,,,,,,,,,,,,,,,,,,,,,,,,,,,,,,,,,,,,,,
1144,-0.7672895405326017,0.8910977001844976,1.4423513703417152,2.2974451830681035,-1.6713429689407349,-1.3901013135910034,-1.0151125192642212,-0.3588820993900299,0.4379691481590271,1.0312192142009735,-0.010569109362222662,0.8441270906598177,2.0745762097592135,4.538973527808691,-0.6835386157035828,-0.5622437596321106,-0.2832655906677246,0.20191378891468048,1.0388482809066772,0.7641575485467911,-0.18320897547955894,0.6298194230824652,4.846263425965636,23.867707882167345,-0.32858177423477175,-0.3274959921836853,-0.32749590277671814,-0.3274911269545555,-0.3013670444488525,4.86522912979126e-06,1.5437091002170682,7.648351481295374,52.979087058886506,4260.196848582254,0.0,0.36551259458065033,0.859478771686554,1.3808432817459106,2.393495416641236,1.0153306871652603,0.7567204312417175,1.2394074645100335,0.1970097844487706,1.7865537884551008,-0.6616125106811523,0.15198664367198944,0.7616580128669739,1.3141636550426483,2.1351084947586063,1.1621770113706589,0.7567204236984253,0.2281419174843952,0.7593994140625,693.643310546875,3.7791500091552734,12442.0,0.6479098796844482,0.5769743323326111,2003.209328984953,595.9718234378901,28.59173879809244,5.229419375001746,0.07676688725947874,0.01904668188186532,0.0246343795720933,0.0032825594878281602,0.6041417396216701,0.1182882775465918,0.0006176278536930985,0.00017887839859762302,0.072265625,0.05914306640625,0.03363037109375,0.0213623046875,0.0155029296875,0.01678466796875,0.0164794921875,0.0240478515625,0.02886962890625,0.02734375,0.017578125,0.01446533203125,0.0126953125,0.01812744140625,0.0294189453125,0.0543212890625,0.09698486328125,0.44097900390625,2.154352311937397,0.07305908203125,0.0533447265625,0.044921875,0.0338134765625,0.02496337890625,0.02349853515625,0.02178955078125,0.02325439453125,0.0206298828125,0.0213623046875,0.01568603515625,0.0196533203125,0.0194091796875,0.02227783203125,0.0367431640625,0.05047607421875,0.103515625,0.3916015625,2.2924259180943967,12112.0,2934.5434687942566,0.017674398071110115,0.4936658145187145,0.7632491020228118,152.95897964657468,133.02103529592753,0.7392578125,,,,,,,,,,,,,,,,,,,,,,,,,,,,,,,,,,,,,,,,,,,,,,,,,,,,,,,,,,,,,,,,,,,,,,,,,
1145,-0.5606207683448243,1.1404102317596034,1.3070596654532283,1.1261080110168136,-1.7079651355743408,-1.3198282718658447,-0.8928776979446411,-0.15541762113571167,1.2030614614486694,1.164410650730133,0.10066568341639481,0.9977472041135976,1.706363978066817,2.158352438180839,-0.687863826751709,-0.5905107855796814,-0.28628265857696533,0.3586810231208801,1.587762713432312,0.9491918087005615,-0.027882445684412005,0.9266286963185769,2.77284408616822,6.404956264268645,-0.35860462486743927,-0.35390451550483704,-0.35390350222587585,-0.35286807268857956,1.2573987126350405,0.0010364428162574768,2.40151383544012,48.189115793351675,93.085597098184,10006.541394578879,0.0,0.04086642526090145,0.828768253326416,1.2842393517494202,2.2252495050430303,1.2433729264885187,0.6612864521648305,1.3834456340572734,0.01868920024687109,1.2627185094777902,-1.0479085922241207,0.015558063983917236,0.6937664747238159,1.3128215074539185,2.2219535827636725,1.2972634434700012,0.661286473274231,0.19439069328887817,0.72418212890625,5427.37939453125,3.5979361534118652,11865.0,0.5156834125518799,12.181632995605469,2281.8943270457885,881.6935136045633,29.748605944716914,6.438968395429079,0.09430294338022811,0.021929758184831387,0.03276658572189497,0.005388581260732304,0.7339198221677706,0.10218548303421532,0.001102685947873806,0.00037484735533841227,0.063720703125,0.05206298828125,0.03057861328125,0.02130126953125,0.0172119140625,0.02191162109375,0.019775390625,0.03448486328125,0.04327392578125,0.03729248046875,0.017822265625,0.016845703125,0.01605224609375,0.01837158203125,0.02606201171875,0.04827880859375,0.08966064453125,0.42529296875,2.225348666273046,0.0693359375,0.04351806640625,0.04290771484375,0.0360107421875,0.02691650390625,0.02850341796875,0.029052734375,0.02838134765625,0.02618408203125,0.02960205078125,0.02294921875,0.02117919921875,0.01947021484375,0.024658203125,0.03619384765625,0.04443359375,0.108642578125,0.362060546875,2.3821422382750708,11526.0,2987.3962825366425,0.016229412800008846,0.20188047865978526,0.7034912109375,151.9636962143784,148.83478886330042,0.7034912109375,,,,,,,,,,,,,,,,,,,,,,,,,,,,,,,,,,,,,,,,,,,,,,,,,,,,,,,,,,,,,,,,,,,,,,,,,
1146,-0.30844356482100466,1.2196207220115172,0.8109453856262027,0.43539053179941245,-1.716317892074585,-1.0787135362625122,-0.4942428767681122,0.30276259779930115,1.4717040061950684,1.3814761340618134,0.26927699504149416,1.1593054032199572,1.862948406303895,2.484377936001075,-0.5877242088317871,-0.47663572430610657,-0.14337028563022614,0.3644627630710602,2.1894876956939697,0.8410984873771667,0.18154098648846428,1.2863746142130774,2.619546041509161,5.130908253946648,-0.2760951370000839,-0.2760711908340454,-0.2760711908340454,-0.27607086300849915,2.281706929206855,3.2782554626464844e-07,2.006119933875576,24.634043614726597,85.08686593945544,8852.93835833101,0.0,0.0,0.8051735162734985,1.2695133686065674,2.3065639257431068,1.2695133686065674,0.5777205599499098,1.3749820237706534,0.21620446786474878,1.3017025987640363,-1.0498878955841064,-0.20456978678703308,0.5648138523101807,1.350067377090454,2.137678670883179,1.5546371638774872,0.5777205228805542,0.15186557376985993,0.65789794921875,2693.142578125,3.996857166290283,10779.0,5.221059799194336,0.8696005344390869,1698.2050129233182,490.34243716079806,23.896915402495438,4.348638260893509,0.1671290205895989,0.01893973610234497,0.0827197986076297,0.004287178588250938,0.8160271910246165,0.052662052676435714,0.006860944981934374,0.0007231723647613501,0.06280517578125,0.052001953125,0.02581787109375,0.01715087890625,0.01416015625,0.0189208984375,0.02520751953125,0.04248046875,0.060302734375,0.04229736328125,0.024169921875,0.0203857421875,0.01385498046875,0.0174560546875,0.023681640625,0.049072265625,0.08770751953125,0.40252685546875,2.272755253146696,0.0692138671875,0.0484619140625,0.037109375,0.0244140625,0.0174560546875,0.0191650390625,0.017333984375,0.0196533203125,0.021484375,0.02618408203125,0.0167236328125,0.022216796875,0.0184326171875,0.027099609375,0.0355224609375,0.0491943359375,0.14617919921875,0.3841552734375,2.2559837222658343,10534.0,3546.4044712321056,0.010525110071078824,0.3994125110696378,0.6446756425948592,151.81954422734228,139.18380336912483,0.6429443359375,,,,,,,,,,,,,,,,,,,,,,,,,,,,,,,,,,,,,,,,,,,,,,,,,,,,,,,,,,,,,,,,,,,,,,,,,
1147,-0.8456001057379581,1.1588643536785037,1.4707488994562272,1.1514054504246456,-1.7692421674728394,-1.6718032360076904,-1.2820475101470947,-0.5025357007980347,1.1539264917373657,1.1692675352096558,0.37705177816542346,1.5921886570105812,2.3066362615330744,3.5381066512188477,-0.25602492690086365,-0.25602492690086365,-0.25602492690086365,-0.25602492690086365,4.259466648101807,0.0,0.08018320242922528,1.1143400482762131,1.0464557872266766,-0.18761772371057628,-0.9289920330047607,-0.8177269101142883,-0.37266653776168823,0.6287193298339844,2.130797863006592,1.4464462399482727,2.3685633300375315,16.334324523930334,33.3896488915765,1360.0671223461118,0.0,0.29563257098197937,1.0158767700195312,1.782568097114563,3.3205649852752686,1.4869355261325836,1.2226518738866048,1.9865700124284884,0.8995535694439717,1.5887944144413364,-1.215073585510254,0.4413887560367584,1.220900297164917,1.5132172107696533,4.102598190307617,1.071828454732895,1.2226519584655762,0.2428068902486712,0.7491455078125,839.696044921875,6.978322982788086,12274.0,-0.1783984750509262,1.2696287631988525,1915.377179577421,595.8155945579385,11.457865932633515,2.7106231902184628,0.8768181533768548,0.010457183953874969,0.7966867515257564,0.006401108946748851,0.8494438363582265,0.0461885015768959,0.6347507542524106,0.010208919336450507,0.05450439453125,0.04913330078125,0.02374267578125,0.01947021484375,0.01483154296875,0.0196533203125,0.02093505859375,0.0389404296875,0.05377197265625,0.04034423828125,0.020263671875,0.01507568359375,0.01348876953125,0.01678466796875,0.02716064453125,0.04156494140625,0.12689208984375,0.4034423828125,2.2330573282331665,0.00775146484375,0.00628662109375,0.00555419921875,0.00347900390625,0.003173828125,0.004150390625,0.00543212890625,0.00653076171875,0.00537109375,0.005615234375,0.0057373046875,0.00634765625,0.00323486328125,0.004638671875,0.005615234375,0.00543212890625,0.874755859375,0.0408935546875,0.6878526712521443,12155.0,2422.610352524016,0.02602541657069172,0.4503875557593704,0.749198717948718,154.1270325934563,137.60972538106867,0.74188232421875,19870409,1.3.6.1.4.1.14519.5.2.1.7695.1700.416178620411741625426411215932,C:\Users\ferra\Documents\breast_cancer_nac\data\raw\ISPY1\manifest-PyHQgfru6393647793776378748\ISPY1\ISPY1_1147\04-09-1987-448986-MR BREASTUNI UE-63382\3.000000-Dynamic-Unilateral 3dfgre-15932,Dynamic-Unilateral 3dfgre,180,True,T0,2009-09-03 00:00:00,59.3,1,0,0,0,0,3,TripleNeg,0,1,63,42,22,9,0,,,,,,,,,,,,,,,,,,,,,,,,,,,,,,,,,,,,,,,,,,,,,,,,,,
1148,-1.0699196868127956,1.2133710352631664,0.9413400466353857,0.7426521799199501,-2.4370460510253906,-2.1238794326782227,-1.1843791007995605,-0.3701457381248474,0.5067211389541626,1.7537336945533752,-0.3003414763289811,0.8113105393823177,3.160538088424839,9.713517001097639,-0.5936520099639893,-0.5936520099639893,-0.5936520099639893,-0.5936520099639893,0.48091262578964233,0.0,0.020049403796246423,1.0476399565776469,5.070160513025071,24.83618496766558,-0.1522307202219963,-0.15222926437854767,-0.15222926437854767,-0.15222926437854767,-0.15222278088331223,0.0,1.1417085372981148,6.304534442405479,31.972269850634436,1727.6510364275684,0.0,0.18224169313907623,0.655859500169754,0.7955946922302246,0.8214824199676514,0.6133529990911484,0.7695782105269018,1.0330480088825098,-0.7559895527894791,1.2295353443169823,-0.4188815951347351,0.15229380130767822,0.841260552406311,1.655494213104248,1.9060273170471191,1.5032004117965698,0.769578218460083,-0.41631959676782804,0.72589111328125,442.71392822265625,2.00244402885437,11893.0,0.26862668991088867,1.3707882165908813,1937.6535631978147,511.93158563823965,17.37036726223206,3.0454100011454743,0.6177880209662744,0.017144031718322024,0.5847347066961562,0.011960245732023441,0.617274961239331,0.09982489991341965,0.34205772469301016,0.014108916915993329,0.069091796875,0.052001953125,0.033203125,0.02606201171875,0.01995849609375,0.0230712890625,0.0235595703125,0.02978515625,0.03717041015625,0.0286865234375,0.0208740234375,0.0179443359375,0.01727294921875,0.02294921875,0.03289794921875,0.04840087890625,0.09027099609375,0.40679931640625,2.2802850302421662,0.03155517578125,0.02288818359375,0.0159912109375,0.0113525390625,0.0069580078125,0.01019287109375,0.00872802734375,0.00762939453125,0.00616455078125,0.0302734375,0.00567626953125,0.03369140625,0.00994873046875,0.028564453125,0.03936767578125,0.04486083984375,0.46112060546875,0.22503662109375,1.8598196713334154,11502.0,3508.9393923934,0.011739010559833396,0.26755727494575116,0.7020263671875,157.77271384358525,152.0206295992126,0.7020263671875,,,,,,,,,,,,,,,,,,,,,,,,,,,,,,,,,,,,,,,,,,,,,,,,,,,,,,,,,,,,,,,,,,,,,,,,,
1149,-0.8528273582546433,1.3393168808994564,0.9290439921413395,0.19367163898846185,-2.1814467906951904,-2.0449981689453125,-1.089858055114746,0.0017307628877460957,1.0023541450500488,2.0467289318330586,-0.21201714475108702,0.819122003836714,2.50068003610988,5.956737352223486,-0.5974215865135193,-0.5974215865135193,-0.5974215865135193,-0.23442435264587402,0.8545672297477722,0.36299723386764526,-0.13357574728813226,0.729863503896526,5.131394363289862,25.584928453754227,-0.2802093207836151,-0.28012990951538086,-0.28012990951538086,-0.28012990951538086,-0.2768937677145004,0.0,1.049968545177471,8.083217928972806,61.88227997953891,5418.885118350201,0.0,0.10596699267625809,0.7577990889549255,0.8290296792984009,0.8442938923835754,0.7230626866221428,0.640810195812378,1.0141112222313702,-1.029187509335397,1.4166188896846625,-0.6208713054656982,0.03760772943496704,0.7653335928916931,1.4930593967437744,1.6295080184936523,1.4554516673088074,0.6408101916313171,-0.12240955258147311,0.70916748046875,780.3200073242188,1.7138688564300537,11619.0,1.3182481527328491,2.8178839683532715,1745.4803261836223,595.4958426487932,18.996184679656885,3.9151040475173255,0.538629056635254,0.018839858524853446,0.5006430686595144,0.013269320793074716,0.6970042543161318,0.10223151881522907,0.25081955707112474,0.013430759679024398,0.0677490234375,0.05072021484375,0.035400390625,0.0211181640625,0.0189208984375,0.02069091796875,0.025634765625,0.03314208984375,0.0445556640625,0.0355224609375,0.022705078125,0.021240234375,0.01873779296875,0.0213623046875,0.03076171875,0.0469970703125,0.0916748046875,0.39306640625,2.313968451289043,0.03118896484375,0.0250244140625,0.01812744140625,0.015625,0.010009765625,0.0133056640625,0.01348876953125,0.015380859375,0.01885986328125,0.0416259765625,0.01019287109375,0.0367431640625,0.00933837890625,0.01763916015625,0.0255126953125,0.033203125,0.43572998046875,0.22900390625,1.9603607281082,11232.0,2972.9911242215094,0.015969074005226274,0.377060851098495,0.6861331704337202,164.77580643494608,152.61345495559596,0.685546875,19870510,1.3.6.1.4.1.14519.5.2.1.7695.1700.107019351706042282338171838158,C:\Users\ferra\Documents\breast_cancer_nac\data\raw\ISPY1\manifest-PyHQgfru6393647793776378748\ISPY1\ISPY1_1149\05-10-1987-987142-HUP5 PROTOCOLSBREAST-39190\8.000000-post needleL-38158,post needle_L,64,True,T0,2009-09-03 00:00:00,59.18,1,0,0,0,0,3,TripleNeg,0,1,95,45,58,22,0,,,,,,,,,,,,,,,,,,,,,,,,,,,,,,,,,,,,,,,,,,,,,,,,,,
1150,-0.9393661266378786,1.2686669951954765,0.9855724001738339,0.4632798452525164,-2.2420642375946045,-2.067040205001831,-1.1481634378433228,-0.18553051352500916,0.7771022319793701,1.881509691476822,-0.34666752368332254,0.592645156217914,3.351858336096832,12.740406181140102,-0.576359748840332,-0.576359748840332,-0.576359748840332,-0.49416518211364746,0.28668302297592163,0.08219456672668457,-0.10906042337528277,0.6772586048871427,10.709470811607925,113.31650830264601,-0.1730564832687378,-0.1730564832687378,-0.1730564832687378,-0.1730564832687378,-0.1730564832687378,0.0,1.0301034018978177,5.089238669303898,21.382488758305033,620.7564073033075,0.0,0.007323100231587887,0.6852628588676453,0.7964648604393005,0.8167020380496979,0.7891417602077127,0.5926986029799082,1.0938354149109482,-1.1303178748304288,1.5156532533223794,-0.7318440318107604,0.0029752254486083984,0.7468278408050537,1.5344364643096924,1.6657044887542725,1.531461238861084,0.5926985740661621,-0.4008895689497881,0.6943359375,219.04263305664062,1.8710606098175049,11376.0,1.3407750129699707,0.7265019416809082,1768.2915141859564,515.3694628507636,18.276608799917405,3.3469641683910676,0.5597050526417232,0.02028215240810944,0.5361900145721984,0.01399513110445175,0.5523647259500443,0.12866452628398758,0.28769559542156514,0.015173177756028446,0.0677490234375,0.04498291015625,0.034423828125,0.02691650390625,0.0211181640625,0.02630615234375,0.0252685546875,0.04071044921875,0.04986572265625,0.0421142578125,0.0240478515625,0.02362060546875,0.01861572265625,0.0247802734375,0.03326416015625,0.0440673828125,0.09027099609375,0.36187744140625,2.398115300694907,0.0341796875,0.02459716796875,0.0186767578125,0.01422119140625,0.0107421875,0.0118408203125,0.0106201171875,0.010498046875,0.009521484375,0.02655029296875,0.00738525390625,0.0343017578125,0.010986328125,0.02783203125,0.03436279296875,0.03790283203125,0.43316650390625,0.24261474609375,1.9263919391150808,10809.0,2775.7718241315033,0.017629007182111352,0.5308356347412215,0.7001554605518849,160.83632901404866,136.30473502887068,0.664923720472441,19870514,1.3.6.1.4.1.14519.5.2.1.7695.1700.309064572292024879912645260713,C:\Users\ferra\Documents\breast_cancer_nac\data\raw\ISPY1\manifest-PyHQgfru6393647793776378748\ISPY1\ISPY1_1150\05-14-1987-987142-HUP5 PROTOCOLSBREAST-83407\8.000000-post needleR-60713,post needle_R,64,True,T0,2009-09-03 00:00:00,51.49,1,1,1,1,0,1,HRposHER2neg,0,2,76,74,63,61,0,,,,,,,,,,,,,,,,,,,,,,,,,,,,,,,,,,,,,,,,,,,,,,,,,,
1151,-0.5325411518468854,1.0727467231427696,1.3375772453772252,1.9914645604708872,-1.7206120491027832,-1.2022340297698975,-0.7579100131988525,-0.09142405539751053,0.9083049893379211,1.110809974372387,-0.17273720072893184,0.9918977139082009,1.9399108817269224,3.0263065976094827,-0.772175133228302,-0.7434700131416321,-0.7147649526596069,0.0602726973593235,1.2371817827224731,0.8037427105009556,-0.0035831572579119175,0.9896428025592332,4.1071646394206995,15.398608380918624,-0.24590589255094528,-0.24074579775333405,-0.24074387550354004,-0.24071592092514038,-0.16419659405946724,2.987682819366455e-05,4.64799964906004,61.486268066639774,26.10539960464549,817.7680254124443,0.0,0.0,0.4561961591243744,0.6840082406997681,2.478378629684451,0.6840082406997681,0.35980395108265384,1.0910539252135214,-0.5330963095980285,2.5978385536745616,-0.6905063092708587,-0.022586941719055176,0.35600489377975464,0.9030881524085999,1.285533237457276,0.925675094127655,0.3598039448261261,-0.4701270796813153,0.6177978515625,2637.6875,6.593853950500488,10122.0,-0.16662609577178955,2.5085549354553223,2543.1751089277254,882.9889017660507,26.29025115727597,5.628859726336019,0.3480777970054127,0.026513691472162284,0.2926357623158112,0.013589349795738125,0.6791183025857506,0.1101422272400145,0.08582035981402686,0.008027198040217792,0.0535888671875,0.0367431640625,0.03326416015625,0.0306396484375,0.02801513671875,0.03289794921875,0.03448486328125,0.05767822265625,0.07403564453125,0.06329345703125,0.03668212890625,0.02947998046875,0.0240478515625,0.027099609375,0.032958984375,0.0335693359375,0.06982421875,0.30169677734375,2.545129267393227,0.04266357421875,0.0289306640625,0.027587890625,0.02398681640625,0.02044677734375,0.02435302734375,0.02197265625,0.02392578125,0.022705078125,0.04736328125,0.01678466796875,0.03399658203125,0.019287109375,0.03265380859375,0.04400634765625,0.0462646484375,0.232421875,0.2906494140625,2.3485686538828143,8239.0,4137.764860925316,0.006047178003639663,0.5575266798724519,0.5595246179966045,147.51878797370136,122.46405269955405,0.50286865234375,19870515,1.3.6.1.4.1.14519.5.2.1.7695.1700.197366094129441738605667454282,C:\Users\ferra\Documents\breast_cancer_nac\data\raw\ISPY1\manifest-PyHQgfru6393647793776378748\ISPY1\ISPY1_1151\05-15-1987-987142-HUP5 PROTOCOLSBREAST-65138\8.000000-post needleR-54282,post needle_R,64,True,T0,2009-09-03 00:00:00,50.15,3,1,0,1,1,2,HER2pos,1,2,165,156,113,37,0,,,,,,,,,,,,,,,,,,,,,,,,,,,,,,,,,,,,,,,,,,,,,,,,,,
1152,-0.8786104804032675,1.0088450054431042,1.765858095413105,2.5816747521384844,-1.6827712059020996,-1.596335768699646,-1.1641579866409302,-0.6455447673797607,0.6509883999824524,0.9507910013198853,0.4096892677339383,1.5754710274384474,2.322407814529194,3.7956837605713263,-0.22919124364852905,-0.22919124364852905,-0.22919124364852905,-0.22919124364852905,3.160297393798828,0.0,0.2104262364777867,1.2761795064710038,1.4634400000435552,0.8326039096331392,-0.7406470775604248,-0.6587741374969482,-0.41315531730651855,0.5693199038505554,2.6161434650421143,1.2280940413475037,3.2606345075593026,21.16443816851815,22.152478358653056,595.3205341715383,0.0,0.41830042004585266,1.2086331844329834,1.6333625316619873,3.9945358753204405,1.2150621116161346,1.2882997498795703,1.8317699254003887,1.2237829150291397,2.5072567541573694,-0.44800201058387756,0.5892245769500732,1.1078379154205322,1.4535799026489258,3.8515172004699707,0.8643553256988525,1.288299798965454,0.15467116973582487,0.7900390625,789.0439453125,7.299201488494873,12944.0,-0.4422982633113861,1.3297600746154785,2058.3761226022666,746.303203575533,14.216922510215355,3.617946230674775,0.8420875964835219,0.014487998620497303,0.8000105734488833,0.006029462344242151,0.8140357064460756,0.0673806915934424,0.6400532720461716,0.009668751590131407,0.0615234375,0.054443359375,0.027587890625,0.01666259765625,0.013671875,0.016845703125,0.01812744140625,0.02911376953125,0.0384521484375,0.03155517578125,0.01519775390625,0.01483154296875,0.01104736328125,0.020263671875,0.0281982421875,0.04779052734375,0.12164306640625,0.43304443359375,2.1542511970742217,0.0072021484375,0.008544921875,0.00885009765625,0.0072021484375,0.00372314453125,0.00592041015625,0.00640869140625,0.0076904296875,0.00640869140625,0.007568359375,0.006103515625,0.0048828125,0.00372314453125,0.0050048828125,0.0054931640625,0.005615234375,0.83447265625,0.065185546875,0.8350187430242906,12831.0,2051.4865068635145,0.03831184255697161,0.35863878967046725,0.7869847890088322,148.9305527820493,139.02315858928205,0.78314208984375,19870509,1.3.6.1.4.1.14519.5.2.1.7695.1700.995322970462407618911466537486,C:\Users\ferra\Documents\breast_cancer_nac\data\raw\ISPY1\manifest-PyHQgfru6393647793776378748\ISPY1\ISPY1_1152\05-09-1987-206564-Breast-Left-57571\5.000000-Dynamic-Unilateral 3dfgre-37486,Dynamic-Unilateral 3dfgre,180,True,T0,2009-09-03 00:00:00,51.29,1,1,1,1,1,2,HER2pos,0,1,70,66,57,34,0,,,,,,,,,,,,,,,,,,,,,,,,,,,,,,,,,,,,,,,,,,,,,,,,,,
1154,-0.43867575687499993,1.2000440911859271,0.5944529773144164,0.3018381131225034,-1.9794470071792603,-1.2427557706832886,-0.5060645937919617,0.23062653839588165,1.1012614965438843,1.4733823090791702,0.01653418080709912,0.9054019293186711,1.709181715247073,2.865964511088304,-0.7176148295402527,-0.6687551736831665,-0.2615915536880493,0.3247240483760834,1.236770510673523,0.9934792220592499,-0.13867534927806524,0.6611588638860129,5.485923584069873,30.299687782866954,-0.2676138788461685,-0.26746803522109985,-0.26746800541877747,-0.2674676775932312,-0.2650350958108902,3.5762786865234375e-07,1.5502903470669032,9.276937215322528,60.85670068743498,5321.64635681546,0.0,0.0,0.6411201655864716,1.2389342188835144,2.594592976570129,1.2389342188835144,0.4552099376209071,1.4276533421359798,0.07480298977933023,0.5231579412562355,-1.2668144702911377,-0.4162626266479492,0.40748369693756104,1.3817353546619415,2.2208688974380495,1.7979979813098907,0.45520997047424316,0.34096174408525526,0.58685302734375,888.9329223632812,4.722880840301514,9615.0,2.1318154335021973,0.35956478118896484,2892.68942455224,827.0166295434627,34.38441629093285,6.155574248063138,0.12462333171101087,0.01755024927554827,0.0742808719245929,0.005230485556349939,0.5103171873668096,0.14001492064156862,0.005545005913032957,0.000794405545444155,0.06353759765625,0.05328369140625,0.0313720703125,0.02069091796875,0.01788330078125,0.02081298828125,0.0234375,0.0360107421875,0.044189453125,0.03814697265625,0.02056884765625,0.017333984375,0.01531982421875,0.01739501953125,0.02410888671875,0.049560546875,0.08599853515625,0.42034912109375,2.241523030121703,0.07440185546875,0.0494384765625,0.03814697265625,0.03106689453125,0.02215576171875,0.0211181640625,0.0203857421875,0.01806640625,0.01611328125,0.025390625,0.01556396484375,0.020263671875,0.018798828125,0.024658203125,0.03643798828125,0.0484619140625,0.138427734375,0.381103515625,2.2705009523932986,9070.0,3671.2612895878474,0.008456420317678195,0.4290743125212487,0.5728903486609399,155.4476747136266,140.41109563306446,0.5535888671875,,,,,,,,,,,,,,,,,,,,,,,,,,,,,,,,,,,,,,,,,,,,,,,,,,,,,,,,,,,,,,,,,,,,,,,,,
1155,-1.0963585231870638,1.0635503544886897,1.2005835677634105,1.0614847256519715,-2.1141064167022705,-1.969955325126648,-1.3933510780334473,-0.5284447073936462,0.40853703022003174,1.4415106177330017,-0.2199559383009273,0.961610781209657,2.686911429728963,5.911144247726918,-0.5983442664146423,-0.5983442664146423,-0.5983442664146423,-0.5746560096740723,0.7992605566978455,0.02368825674057007,-0.04052016658016555,0.9648941358377728,3.47268535892075,10.278288443513267,-0.3072187900543213,-0.307218462228775,-0.307218462228775,-0.307218462228775,-0.30005650520324706,0.0,1.5412386289129572,15.578022381597185,42.11004539384527,2337.90619079607,0.0,0.5546340346336365,0.7856374979019165,0.8321855068206787,0.8479757308959961,0.27755147218704224,0.8764025705889935,0.9258473900430813,-0.7597007441042991,2.2417572344857577,-0.1529632925987243,0.32651597261428833,1.0472712516784668,1.4436864852905273,1.623875379562378,1.117170512676239,0.8764026165008545,-0.20474100791506283,0.8194580078125,1023.2238159179688,1.1115063428878784,13426.0,0.605868935585022,2.19173002243042,1793.4427556009769,560.3116325809722,14.447465125112705,2.986231767610108,0.689779038294971,0.015818971747908087,0.6244848269940771,0.012356320415225403,0.7917702861567676,0.06405224266904054,0.3901339778000261,0.015610603582644603,0.07354736328125,0.052734375,0.03460693359375,0.023193359375,0.0172119140625,0.01934814453125,0.0233154296875,0.02911376953125,0.041259765625,0.02960205078125,0.021240234375,0.01861572265625,0.01654052734375,0.02105712890625,0.03424072265625,0.0479736328125,0.0865478515625,0.40985107421875,2.2670893732052404,0.0211181640625,0.0181884765625,0.01177978515625,0.009765625,0.00732421875,0.0087890625,0.00823974609375,0.010009765625,0.00933837890625,0.03680419921875,0.00714111328125,0.0369873046875,0.009765625,0.01983642578125,0.02874755859375,0.032958984375,0.53997802734375,0.1832275390625,1.7186808941034049,13222.0,2568.067242667258,0.02519383231690434,0.1603933229533425,0.8074996946378404,154.31226651410782,152.31441351676304,0.8070068359375,19870523,1.3.6.1.4.1.14519.5.2.1.7695.1700.201793728895764480016242335862,C:\Users\ferra\Documents\breast_cancer_nac\data\raw\ISPY1\manifest-PyHQgfru6393647793776378748\ISPY1\ISPY1_1155\05-23-1987-987142-HUP5 PROTOCOLSBREAST-79503\10.000000-post needleL-35862,post needle_L,64,True,T0,2009-09-03 00:00:00,42.65,1,0,0,0,0,3,TripleNeg,0,1,87,71,79,61,1,,,,,,,,,,,,,,,,,,,,,,,,,,,,,,,,,,,,,,,,,,,,,,,,,,
1156,-1.2198864558319116,1.3445409410838398,0.7367369449133928,-0.4373230130899497,-2.761173725128174,-2.264884293079376,-1.5934339761734009,-0.2699955999851227,0.8588194847106934,1.9948886930942535,0.3221748209813313,1.6897921261863236,1.975317020702155,2.6232305201049604,-0.6593489646911621,-0.6593489646911621,-0.4462219476699829,0.3636607229709625,3.432689905166626,1.0230096876621246,0.478698989504478,2.1335607734356783,3.672329447844619,12.483619073439419,-0.13341567069292068,-0.13201557099819183,-0.13201554119586945,-0.13201099634170532,0.15920039564371397,4.5746564865112305e-06,2.0457451215593707,62.50864323108351,88.84913244793907,8189.637101138987,0.0,0.42460738867521286,0.7901060581207275,1.0343234539031982,1.9748348593711853,0.6097160652279854,1.5420612736839985,2.15907443674602,0.6153884906815592,0.6670799684087365,-1.214266550540924,0.22408898919820786,1.6457642912864685,2.153635025024414,4.6307242870330825,1.9295460358262062,1.54206120967865,-0.10150314655426493,0.7615966796875,6233.43017578125,3.489309549331665,12478.0,0.2689143121242523,1.0611028671264648,3045.058070734985,977.7525353227581,27.74287787848166,5.903697301211159,0.3197859021774457,0.026588375879937464,0.233777772758196,0.012041384471997716,0.7207568516517647,0.08869497436052691,0.05479704197578517,0.00567228284368836,0.05303955078125,0.0513916015625,0.03253173828125,0.0263671875,0.02569580078125,0.02947998046875,0.0330810546875,0.0445556640625,0.04937744140625,0.0386962890625,0.02874755859375,0.02471923828125,0.0257568359375,0.02783203125,0.03631591796875,0.04644775390625,0.07427978515625,0.3516845703125,2.4503586904198773,0.041748046875,0.0391845703125,0.026123046875,0.02508544921875,0.02020263671875,0.020263671875,0.02056884765625,0.02142333984375,0.0181884765625,0.03631591796875,0.014892578125,0.037109375,0.01885986328125,0.0224609375,0.03643798828125,0.048828125,0.24407958984375,0.3082275390625,2.280660636212512,7356.0,1158.2701653663385,0.06890200260492237,0.6136974305044746,0.7684914333472629,119.10923423499115,94.04165959362467,0.5634191176470589,,,,,,,,,,,,,,,,,,,,,,,,,,,,,,,,,,,,,,,,,,,,,,,,,,,,,,,,,,,,,,,,,,,,,,,,,
1157,-0.30152913150641325,1.2116187262201692,1.4482043513072158,1.2272720035778022,-1.4740537405014038,-1.0667916536331177,-0.6595295667648315,-0.1165134385228157,1.9197970628738403,0.950278215110302,0.27372391558128584,1.4173027606102457,2.4438191596714525,4.437648223162414,-0.2787763774394989,-0.2787763774394989,-0.2787763774394989,-0.2787763774394989,2.519087314605713,0.0,-0.16694592479194625,1.084115210416858,1.549892597512258,1.9749343270087216,-1.2716395854949951,-0.8980344533920288,-0.38432738184928894,0.035978399217128754,1.3902970552444458,0.9340128526091576,9.113469427392403,117.86471020766302,51.39392964532991,3135.6320761797847,0.0,0.0,1.1725151538848877,4.0406060218811035,10.867595767974873,4.0406060218811035,0.5752530409768042,1.8991426387702455,0.7377162195454614,1.7279122611458835,-1.8324778318405133,-0.07176025211811066,0.5165072679519653,1.1047747135162354,2.7249977588653564,1.176534965634346,0.5752530097961426,0.7660439164430402,0.663330078125,7933.77978515625,22.240997314453125,10868.0,0.5352616310119629,1.1734836101531982,2644.907644620027,1033.3615935073815,18.345903379727982,4.92342616156507,0.7267848747394275,0.030610913228634413,0.6523079453203192,0.01362980583357721,0.7348397034385945,0.10248247032033189,0.42569142713507774,0.017778604526461017,0.0540771484375,0.04901123046875,0.03216552734375,0.02313232421875,0.020751953125,0.02252197265625,0.02545166015625,0.0360107421875,0.04290771484375,0.0399169921875,0.0235595703125,0.01983642578125,0.01422119140625,0.018798828125,0.02728271484375,0.0540771484375,0.10772705078125,0.3885498046875,2.310497275258852,0.0177001953125,0.01324462890625,0.01287841796875,0.01104736328125,0.0074462890625,0.01007080078125,0.01043701171875,0.0135498046875,0.01348876953125,0.033935546875,0.01055908203125,0.0345458984375,0.01800537109375,0.02496337890625,0.0296630859375,0.0264892578125,0.595947265625,0.11602783203125,1.6837537065021668,10302.0,2904.9332957389897,0.015341191133623021,0.47529137307940883,0.6510775453453833,150.66102403377567,132.55585604276393,0.6287841796875,19870522,1.3.6.1.4.1.14519.5.2.1.7695.1700.244449122403775217180477825193,C:\Users\ferra\Documents\breast_cancer_nac\data\raw\ISPY1\manifest-PyHQgfru6393647793776378748\ISPY1\ISPY1_1157\05-22-1987-197956-MR BREASTUNI UE-07545\5.000000-Dynamic-Unilateral 3dfgre-25193,Dynamic-Unilateral 3dfgre,180,True,T0,2009-09-03 00:00:00,41.39,1,0,0,0,1,2,HER2pos,0,2,61,63,33,33,0,,,,,,,,,,,,,,,,,,,,,,,,,,,,,,,,,,,,,,,,,,,,,,,,,,
1158,-1.0763256864393895,0.8617182633812875,0.7379935156999661,1.164668860063383,-2.164381265640259,-1.9230917692184448,-1.038364052772522,-0.47535544633865356,-0.07320644706487656,1.4477363228797913,0.03131673078314634,1.084566082912388,4.266602416329835,16.20954400805019,-0.21039240062236786,-0.21039240062236786,-0.21039240062236786,-0.21039240062236786,-0.21039240062236786,0.0,-0.37071256013359744,0.6168888740867687,0.1735932251741222,-0.35000802740178694,-1.2318711280822754,-0.9543299674987793,-0.3298623263835907,0.15583476424217224,0.3639906644821167,1.1101647317409515,3.432011121051289,14.077384343615524,11.242233805604043,150.66398143743095,0.0,0.48319104313850403,0.9748296737670898,2.095405340194702,4.553938627243063,1.6122142970561981,1.1076424272478107,1.4672438395732605,2.0335333498842165,6.485168929784381,-0.1371859610080719,0.2649630308151245,0.8279716372489929,1.793129324913025,1.9539889097213745,1.5281662940979004,1.107642412185669,0.3629591179537254,0.80364990234375,286.1715393066406,10.241621017456055,13167.0,1.4850366115570068,0.34160470962524414,635.8177014795776,461.7868336810927,2.5135478936792333,1.8091295150619928,0.9899845972766839,0.007080380167488233,0.9527176297040573,0.0004701331527600731,0.8738680493154987,0.09946513774486619,0.907671102974099,0.0008957432058999911,0.064453125,0.05657958984375,0.02923583984375,0.02093505859375,0.017822265625,0.01824951171875,0.0169677734375,0.0272216796875,0.0364990234375,0.03302001953125,0.01690673828125,0.01373291015625,0.01458740234375,0.01971435546875,0.03167724609375,0.049072265625,0.10943603515625,0.42388916015625,2.1991316289567164,0.00042724609375,0.0,0.0,0.0,0.0,0.000244140625,0.00048828125,0.000244140625,0.0,0.015380859375,0.0,0.015380859375,0.0,0.0,0.0,0.0,0.9677734375,6.103515625e-05,0.1718037657619603,13032.0,2354.332177930964,0.029545099610112938,0.36986058085242773,0.796333638863428,152.84605235530933,142.00732113925494,0.79541015625,19870522,1.3.6.1.4.1.14519.5.2.1.7695.1700.418513140064762570454570251447,C:\Users\ferra\Documents\breast_cancer_nac\data\raw\ISPY1\manifest-PyHQgfru6393647793776378748\ISPY1\ISPY1_1158\05-22-1987-320016-MR BREASTUNI UE-53579\4.000000-Dynamic-Unilateral 3dfgre-51447,Dynamic-Unilateral 3dfgre,180,True,T0,2009-09-03 00:00:00,61.79,1,1,1,1,0,1,HRposHER2neg,0,2,28,19,11,4,0,,,,,,,,,,,,,,,,,,,,,,,,,,,,,,,,,,,,,,,,,,,,,,,,,,
1159,-1.1253860979284127,0.9948974852834234,1.0521584930966446,1.156953282838285,-2.1425251960754395,-1.9941481351852417,-1.2522635459899902,-0.5103789567947388,0.15731699764728546,1.483769178390503,-0.38070368626540585,0.4643527628737368,6.172524479140034,41.98027881827815,-0.4742511212825775,-0.4742511212825775,-0.4742511212825775,-0.4742511212825775,-0.4742511212825775,0.0,-0.1518966022270405,0.46469545226709585,10.817801935443613,118.47667735853062,-0.19251775741577148,-0.1925177276134491,-0.1925177276134491,-0.1925177276134491,-0.1925177127122879,0.0,0.6719199071843036,1.4442779759683566,27.4673368098889,1003.0769798584424,0.0,0.2813829779624939,0.7594131231307983,0.8467773795127869,0.8582184910774231,0.565394401550293,0.7446823949187547,0.931441218188192,-0.9867952490030226,1.672639362359087,-0.4090029001235962,0.1474105417728424,0.8522008657455444,1.5198969841003418,1.705368161201477,1.3724864423274994,0.7446824312210083,-0.3072541928842877,0.747314453125,65.38825988769531,0.8657375574111938,12244.0,0.3947882354259491,-0.03624056279659271,1215.6176168646743,316.2998394880989,9.366500120691969,1.684115148646246,0.824546735013003,0.01059854988027977,0.8141265891209389,0.008053804558846045,0.4725015611186187,0.1355039379455465,0.6628669668815661,0.0131482178684468,0.07476806640625,0.05401611328125,0.03521728515625,0.02374267578125,0.01806640625,0.0191650390625,0.021240234375,0.02923583984375,0.031982421875,0.03094482421875,0.01971435546875,0.01812744140625,0.01641845703125,0.0198974609375,0.03338623046875,0.048095703125,0.09320068359375,0.41278076171875,2.250597137095698,0.0137939453125,0.01141357421875,0.0078125,0.005126953125,0.00396728515625,0.00469970703125,0.0045166015625,0.00408935546875,0.00225830078125,0.031005859375,0.0023193359375,0.03094482421875,0.0068359375,0.017822265625,0.02606201171875,0.02471923828125,0.68829345703125,0.11431884765625,1.3095663453927853,11928.0,2651.073339321668,0.021327208268029176,0.23644000376345092,0.72802734375,158.8200612310175,154.31689154202766,0.72802734375,19870531,1.3.6.1.4.1.14519.5.2.1.7695.1700.255619934037861763434989007350,C:\Users\ferra\Documents\breast_cancer_nac\data\raw\ISPY1\manifest-PyHQgfru6393647793776378748\ISPY1\ISPY1_1159\05-31-1987-987142-HUP5 PROTOCOLSBREAST-46072\8.000000-post needleR-07350,post needle_R,64,True,T0,2009-09-03 00:00:00,55.95,3,,,,,,,0,2,65,54,54,54,0,,,,,,,,,,,,,,,,,,,,,,,,,,,,,,,,,,,,,,,,,,,,,,,,,,
1161,-0.3537433230803799,1.269007452876417,0.5555693081882884,-0.29803015499891794,-1.9065464735031128,-1.256279468536377,-0.5247291326522827,0.41002964973449707,1.5886385440826416,1.666309118270874,0.4337879894064258,1.315463301845274,1.4680589526795855,1.0300722684600405,-0.6262063384056091,-0.5282114744186401,-0.06273577362298965,0.7702206969261169,3.0486018657684326,1.298432171344757,0.32407000092740446,1.5686382197434332,2.735803269159882,5.5652695754065284,-0.20181877315044403,-0.20180091261863708,-0.20180091261863708,-0.2018008828163147,1.2663056373596207,2.9802322387695312e-08,3.0774418467552387,36.19395093338828,30.710883429977493,1157.9593919337335,0.0,0.0,0.7031234800815582,1.22394660115242,2.5911787986755392,1.22394660115242,0.7875313118133818,1.6262859710636957,0.20310138738643221,0.29544116116622066,-1.269115126132965,-0.19168484210968018,0.7311950027942657,1.7385971546173096,2.893620729446411,1.9302819967269897,0.7875313758850098,0.13931871030071818,0.66656494140625,1772.05908203125,4.923033714294434,10921.0,0.24070985615253448,3.3868324756622314,2735.443933981094,767.5401045230649,32.96903018659136,5.843961901238134,0.1615487314176509,0.01820727102790257,0.08541084415433751,0.005424802926900297,0.755554610903811,0.06812446021648659,0.007324440785952235,0.0009476229797613621,0.0687255859375,0.0640869140625,0.02783203125,0.01513671875,0.01068115234375,0.01336669921875,0.01605224609375,0.028076171875,0.043701171875,0.02960205078125,0.0115966796875,0.0107421875,0.00933837890625,0.01495361328125,0.020751953125,0.0609130859375,0.09423828125,0.460205078125,2.0744857496108495,0.06585693359375,0.0457763671875,0.033447265625,0.026123046875,0.0206298828125,0.02081298828125,0.0208740234375,0.02191162109375,0.0186767578125,0.02581787109375,0.01885986328125,0.02606201171875,0.020263671875,0.0262451171875,0.03851318359375,0.0516357421875,0.14642333984375,0.3720703125,2.295173246992235,10429.0,3625.634918610405,0.009969752789658852,0.4568637839799837,0.6671997952786131,152.9927027860628,136.09261899333376,0.63653564453125,,,,,,,,,,,,,,,,,,,,,,,,,,,,,,,,,,,,,,,,,,,,,,,,,,,,,,,,,,,,,,,,,,,,,,,,,
1162,-0.9916657629587462,0.9990842174439003,1.7498593096371893,4.118530905263578,-1.9576588869094849,-1.8087469339370728,-1.1535346508026123,-0.5281049013137817,0.03776036947965622,1.280642032623291,-0.31201753282402933,0.43082750510672535,7.161962807927054,57.37448151132643,-0.39961352944374084,-0.39961352944374084,-0.39961352944374084,-0.39961352944374084,-0.28771618008613586,0.0,-0.24116004703557792,0.2698569747656565,14.7460829047906,225.07034992727483,-0.26150211691856384,-0.26150211691856384,-0.26150211691856384,-0.26150211691856384,-0.26150211691856384,0.0,1.1033100699949614,13.887200329461683,63.38913824080232,4446.240534919764,0.0,0.6395364105701447,0.855817973613739,0.9140456914901733,0.9199784994125366,0.2745092809200287,0.6796482460747484,0.9500199502198626,-1.4636590314569082,4.141794146898554,-0.25122547447681426,0.21796654164791107,0.7837035655975342,1.4389159679412842,1.5878278017044067,1.220949426293373,0.6796482801437378,-0.10425593727220085,0.8089599609375,1068.90478515625,0.9239171147346497,13254.0,0.46101173758506775,0.8738355040550232,1122.0341098940871,291.88063151450734,8.676816528513768,1.6603894505531556,0.780260856475755,0.01294474444167501,0.7576463705999424,0.009175529617645027,0.4932244918595133,0.12943597066346887,0.5741122132270298,0.01398185495917483,0.066650390625,0.05389404296875,0.03485107421875,0.0245361328125,0.017333984375,0.0191650390625,0.02154541015625,0.034423828125,0.0458984375,0.03814697265625,0.0224609375,0.02069091796875,0.01629638671875,0.02105712890625,0.0322265625,0.0496826171875,0.08917236328125,0.3919677734375,2.3130067722438676,0.015869140625,0.0130615234375,0.0086669921875,0.00823974609375,0.00543212890625,0.00604248046875,0.0050048828125,0.0054931640625,0.00421142578125,0.0343017578125,0.00323486328125,0.0374755859375,0.0081787109375,0.02056884765625,0.02825927734375,0.0234375,0.62872314453125,0.143798828125,1.4763258163242567,13142.0,2392.3504678941936,0.028855042798165448,0.3683267368866216,0.8021240234375,159.20733115642943,148.01448423273615,0.8021240234375,19870628,1.3.6.1.4.1.14519.5.2.1.7695.1700.116216619403582411558118924995,C:\Users\ferra\Documents\breast_cancer_nac\data\raw\ISPY1\manifest-PyHQgfru6393647793776378748\ISPY1\ISPY1_1162\06-28-1987-987142-HUP5 PROTOCOLSBREAST-73176\8.000000-post needleL-24995,post needle_L,64,True,T0,2009-09-03 00:00:00,56.44,3,0,0,0,1,2,HER2pos,0,1,101,86,69,15,0,,,,,,,,,,,,,,,,,,,,,,,,,,,,,,,,,,,,,,,,,,,,,,,,,,
1163,-0.4054721740083096,1.3154109865647963,0.6056557513900583,-0.11308746838074502,-2.0811657905578613,-1.413260817527771,-0.5068185329437256,0.35191625356674194,1.4491885900497437,1.765177071094513,0.07951771264481167,1.0207575460012324,2.168830403650328,4.2186464465308156,-0.5570216178894043,-0.5277407169342041,-0.3520554304122925,0.23356226086616516,1.4047976732254028,0.7613029778003693,0.04109711140111827,1.087646096866518,4.454382924252184,18.324917643446025,-0.19716064631938934,-0.19704066216945648,-0.19704066216945648,-0.19704066216945648,-0.19542208909988404,0.0,3.125368331423278,92.45054889031859,56.9376672251552,3309.3852585566265,0.0,0.0,0.6542709767818451,0.9961175918579102,2.122202229499818,0.9961175918579102,0.48498988651908803,1.4031767053764836,-0.027997196932356118,0.5023674231376112,-1.3090243339538574,-0.3982917070388794,0.5238085389137268,1.4439379274845123,2.084771156311035,1.8422296345233917,0.48498988151550293,0.07921924992706361,0.60943603515625,5658.37939453125,4.336380481719971,9985.0,3.5560805797576904,0.5428264737129211,2394.938544160483,736.4956629438853,26.546076766650128,5.109390846332054,0.2979566963187331,0.02240143962785835,0.23900961631192563,0.00916812167298778,0.6639522193643542,0.10238675683102012,0.0572096511445846,0.004418770578991923,0.06414794921875,0.050537109375,0.029052734375,0.0194091796875,0.01617431640625,0.01788330078125,0.024658203125,0.04156494140625,0.05340576171875,0.0411376953125,0.02099609375,0.01611328125,0.0152587890625,0.01629638671875,0.026611328125,0.04962158203125,0.08966064453125,0.407470703125,2.2623791893248986,0.05126953125,0.0406494140625,0.0296630859375,0.02392578125,0.01727294921875,0.01861572265625,0.0172119140625,0.0181884765625,0.0159912109375,0.03326416015625,0.01397705078125,0.03271484375,0.01690673828125,0.02899169921875,0.0384521484375,0.04693603515625,0.24432373046875,0.3116455078125,2.262269984142485,8195.0,3032.585099354599,0.011197803146154798,0.6783292596552578,0.6390361821584529,154.57201463895555,113.57303452789856,0.6156099759615384,,,,,,,,,,,,,,,,,,,,,,,,,,,,,,,,,,,,,,,,,,,,,,,,,,,,,,,,,,,,,,,,,,,,,,,,,
1164,-1.118988799421345,1.1718272489341883,1.0670359732107364,1.2014371595134472,-2.3369336128234863,-2.2121264934539795,-1.1720683574676514,-0.506430983543396,0.36721786856651306,1.7056955099105835,-0.2700677549162265,0.7679945038919017,3.3666725985490555,11.071441389923764,-0.5235323905944824,-0.5235323905944824,-0.5235323905944824,-0.5235323905944824,0.3750183582305908,0.0,0.019960226575065576,1.1288512287171555,9.752524208328554,93.44585215599739,-0.09660030156373978,-0.09660030156373978,-0.09660030156373978,-0.09660030156373978,-0.09660030156373978,0.0,1.2124215299210874,9.687310494270356,34.73199539106357,1492.557105390944,0.0,0.3089946210384369,0.672508955001831,0.8020827770233154,0.8162574172019958,0.49308815598487854,0.8489210452189582,0.9658069226548004,-0.7578463462070578,1.1197440505069824,-0.28334125876426697,0.23251259326934814,0.8149452209472656,1.701967567205429,1.8550035953521729,1.469454973936081,0.8489210605621338,-0.3416426775932119,0.76031494140625,564.7786254882812,2.0441253185272217,12457.0,-0.14965078234672546,0.8927477598190308,1801.648654850426,497.43099767659834,15.064751428595637,2.7009747890092592,0.750170865577171,0.01666397805832222,0.73427203600684,0.010697519063271509,0.6032195877109656,0.10765848189762872,0.5392698597757389,0.015777370721925983,0.0750732421875,0.04937744140625,0.036865234375,0.02215576171875,0.01904296875,0.0201416015625,0.0218505859375,0.03271484375,0.0400390625,0.03558349609375,0.019775390625,0.018310546875,0.01708984375,0.0225830078125,0.03515625,0.0465087890625,0.09564208984375,0.39208984375,2.3040016437803708,0.01953125,0.01544189453125,0.00830078125,0.0084228515625,0.0059814453125,0.007568359375,0.00537109375,0.0054931640625,0.00390625,0.02392578125,0.00347900390625,0.02630615234375,0.0089111328125,0.0313720703125,0.0291748046875,0.02447509765625,0.6102294921875,0.162109375,1.5128222848873212,8410.0,2454.866232540481,0.01753679380590092,0.7299130894548878,0.6873161163779012,156.22679519840221,106.78725790373265,0.5866350446428571,19870612,1.3.6.1.4.1.14519.5.2.1.7695.1700.339363532118601055182204671246,C:\Users\ferra\Documents\breast_cancer_nac\data\raw\ISPY1\manifest-PyHQgfru6393647793776378748\ISPY1\ISPY1_1164\06-12-1987-987142-HUP5 PROTOCOLSBREAST-34316\8.000000-post needleL-71246,post needle_L,64,True,T0,2009-09-03 00:00:00,60.11,1,1,1,1,0,1,HRposHER2neg,0,1,35,31,31,10,0,,,,,,,,,,,,,,,,,,,,,,,,,,,,,,,,,,,,,,,,,,,,,,,,,,
1166,-0.5365944033112555,1.1878643403766354,1.0008346713457728,0.5141523564108166,-1.8534023761749268,-1.4174516201019287,-0.794664740562439,0.014958154410123825,1.2605319023132324,1.4324097745120525,0.23214111990751007,1.1946406240769134,2.0043643062184366,3.3419241654985417,-0.5187044739723206,-0.4461759328842163,-0.37364742159843445,0.496694952249527,1.874737024307251,0.9428708851337433,0.20561116404677904,1.4951360028630174,3.38133926920555,9.819746826255308,-0.15797057449817659,-0.15611861646175385,-0.15611861646175385,-0.15611861646175385,-0.13616536408662763,0.0,2.0198349248846483,9.266671802081497,15.447883836548918,306.70585413960833,0.0,0.0,0.7300522327423096,1.1815111637115479,3.2869349956512472,1.1815111637115479,0.7687355217642562,1.6886634019909117,0.4593725660152242,1.2897866787768733,-1.2400075197219849,-0.10874128341674805,0.7324106693267822,1.519974708557129,2.689121961593628,1.628715991973877,0.7687355279922485,0.034511122300368305,0.67303466796875,272.680419921875,6.079071044921875,11027.0,0.0032515302300453186,0.9144745469093323,3460.145820688342,916.7415519667085,32.71059889246593,5.649202948178942,0.3317671911640404,0.024286471416284854,0.2804259974750952,0.014259581400730791,0.5647251607684703,0.11412168014385579,0.07884207572162617,0.008077382091573035,0.08642578125,0.0577392578125,0.034912109375,0.01788330078125,0.01153564453125,0.01336669921875,0.0133056640625,0.01763916015625,0.020751953125,0.0205078125,0.01361083984375,0.011962890625,0.0123291015625,0.0185546875,0.02935791015625,0.053466796875,0.106201171875,0.46044921875,2.058343784425789,0.06182861328125,0.03692626953125,0.0313720703125,0.0233154296875,0.01385498046875,0.01397705078125,0.013916015625,0.011962890625,0.0111083984375,0.0245361328125,0.01031494140625,0.024169921875,0.01470947265625,0.02490234375,0.04425048828125,0.06427001953125,0.25494384765625,0.31964111328125,2.181046308458618,10675.0,4267.726368426553,0.007365201200780904,0.20028016994073514,0.6705823230102393,148.1996968137736,145.19697324832956,0.65155029296875,,,,,,,,,,,,,,,,,,,,,,,,,,,,,,,,,,,,,,,,,,,,,,,,,,,,,,,,,,,,,,,,,,,,,,,,,
1167,-0.39188643445334037,1.404620408374114,0.3065598095039909,-0.5509692882768569,-2.2895288467407227,-1.6322011947631836,-0.3905825912952423,0.5223723649978638,1.4718453884124756,2.1545735597610474,-0.016038316220488014,1.3152395897623068,0.43225756501464635,-0.7310698406400418,-1.6962268352508545,-1.1096853017807007,-0.19321411848068237,0.90655118227005,1.951328158378601,2.0162364840507507,-0.037899372929246056,1.3077239591262422,0.45116076862451315,-0.7121761901692523,-1.6967521905899048,-1.1259171962738037,-0.2052159458398819,0.8812117576599121,1.893983244895935,2.007128953933716,1.693450629124058,22.17930248766644,50.92298896277426,3161.682631525822,0.0,0.0,0.752075731754303,1.1621617078781128,1.7748696088790896,1.1621617078781128,0.3758481183118647,1.1203180311229695,0.15963365181101488,0.7592308481065042,-1.0045955181121826,-0.2942207008600235,0.3925222158432007,0.9157319962978363,1.8663865327835085,1.2099526971578598,0.37584808468818665,0.05816445152186624,0.62457275390625,1625.60400390625,2.8091790676116943,10233.0,0.9523404240608215,1.5314959287643433,1338.2766458835663,566.0713721314355,23.430118435888094,5.266052623520569,0.08387262751006345,0.019708822509235228,0.02411313728641269,0.0033369299569166143,0.8703542249220296,0.054842199072209184,0.0005925784913307533,0.0001748135670400057,0.07757568359375,0.0599365234375,0.0389404296875,0.02734375,0.01739501953125,0.017333984375,0.01788330078125,0.02288818359375,0.0303955078125,0.02490234375,0.017333984375,0.01470947265625,0.01708984375,0.0235595703125,0.0367431640625,0.05694580078125,0.08636474609375,0.41265869140625,2.240689693409312,0.06744384765625,0.052490234375,0.04345703125,0.03033447265625,0.0230712890625,0.02349853515625,0.02569580078125,0.03289794921875,0.03863525390625,0.03466796875,0.02093505859375,0.0208740234375,0.01910400390625,0.02569580078125,0.03558349609375,0.0501708984375,0.0843505859375,0.37109375,2.379289863523358,5231.0,1905.1290757631339,0.0181111394135135,0.8537446812700074,0.5729463307776561,144.3328932209869,75.15296348042192,0.5239383012820513,19870726,1.3.6.1.4.1.14519.5.2.1.7695.1700.116634872453367927101604141748,C:\Users\ferra\Documents\breast_cancer_nac\data\raw\ISPY1\manifest-PyHQgfru6393647793776378748\ISPY1\ISPY1_1167\07-26-1987-939235-MR BREAST BILAT W OR WO SCCA-63906\6.000000-BILAT T1 SPGR POST-41748,BILAT T1 SPGR POST,240,True,T0,2009-09-03 00:00:00,50.63,1,1,1,1,1,2,HER2pos,0,2,102,96,17,7,0,,,,,,,,,,,,,,,,,,,,,,,,,,,,,,,,,,,,,,,,,,,,,,,,,,
1168,-0.6596392475062203,1.126430353579292,1.3649763980518907,0.9620208460314355,-1.6365149021148682,-1.541632056236267,-1.0672175884246826,-0.3081544041633606,1.2099719047546387,1.2334776520729065,0.11825133774618735,1.2501786586581471,3.699913429062685,11.875396465744311,-0.20753401517868042,-0.20753401517868042,-0.20753401517868042,-0.20753401517868042,-0.20753401517868042,0.0,-6.025993556496495e-13,1.1580957243051497e-11,4.801447933221505,25.999922401670855,-1.880743390886286e-12,-1.880743390886286e-12,-1.880743390886286e-12,-1.880743390886286e-12,-1.880743390886286e-12,0.0,1.0560053235872147,5.552658374408921,34.25766607073283,1306.2106136616862,0.0,0.4850737154483795,0.8055365681648254,0.865379810333252,0.8801344633102417,0.38030609488487244,0.7778905836826198,1.7436173131800383,1.2351203405185147,3.9165273142852373,-1.4175059795379639,0.19550329446792603,0.8596835732460022,1.3340981006622314,1.5238637924194336,1.1385948061943054,0.7778905630111694,0.15201514834595456,0.76885986328125,221.18768310546875,3.9894278049468994,12597.0,4.904252351445315e-12,0.6913917064666748,1031.3912703663386,401.13245933972297,5.312503243558116,1.6475390128033525,0.9629199546746722,0.00708115658844138,0.9180936416805742,0.0040236817089853785,0.8545519112046295,0.05564181640988789,0.8429121249087935,0.007380050858385426,0.04345703125,0.0460205078125,0.026123046875,0.01947021484375,0.01617431640625,0.0224609375,0.02691650390625,0.04473876953125,0.07232666015625,0.0654296875,0.0277099609375,0.025634765625,0.016357421875,0.01806640625,0.02801513671875,0.04608154296875,0.098876953125,0.35614013671875,2.3780299192192804,0.0015869140625,0.00128173828125,0.00146484375,0.00140380859375,0.0008544921875,0.00225830078125,0.0028076171875,0.00250244140625,0.0015869140625,0.00469970703125,0.0023193359375,0.0047607421875,0.0025634765625,0.0025634765625,0.003173828125,0.001953125,0.9493408203125,0.01287841796875,0.33019519389325536,12550.0,2019.2844507162113,0.03867751718275842,0.3333212133753434,0.7704112952731738,154.72194060140404,145.8739075081653,0.7659912109375,19870810,1.3.6.1.4.1.14519.5.2.1.7695.1700.200892389682105974273914096193,C:\Users\ferra\Documents\breast_cancer_nac\data\raw\ISPY1\manifest-PyHQgfru6393647793776378748\ISPY1\ISPY1_1168\08-10-1987-035143-MR BREASTUNI UE-60127\3.000000-Dynamic-3dfgre-Phase160-96193,Dynamic-3dfgre-Phase=160,180,True,T0,2009-09-03 00:00:00,44.59,1,0,0,0,0,3,TripleNeg,0,1,36,36,24,39,0,,,,,,,,,,,,,,,,,,,,,,,,,,,,,,,,,,,,,,,,,,,,,,,,,,
1169,-1.2687598732482002,1.4153791019863347,0.5426176278100704,-0.7181507593804026,-3.0135445594787598,-2.4397120475769043,-1.5415400266647339,-0.2441801279783249,0.8535858392715454,2.1955319195985794,-0.0036902034401009587,0.9212689459811133,3.4831763499682813,13.40581454083609,-0.40927764773368835,-0.40927764773368835,-0.40927764773368835,0.010530617088079453,0.7661853432655334,0.4198082648217678,-0.012492185014453483,0.9660370406650006,9.1544597836432,84.09855821344712,-0.1235877051949501,-0.1235877051949501,-0.1235877051949501,-0.1235877051949501,-0.1235877051949501,0.0,1.3999646445942915,10.219422501090413,36.91072084691462,1650.3629785378191,0.0,0.4933933913707733,0.8665918707847595,0.9545397758483887,1.5459208488464355,0.46114638447761536,1.2650696614925891,1.5442542260495513,-0.2998967814949142,-0.023620810912092782,-0.9701941013336182,0.28398874402046204,1.5065007209777832,2.429622173309326,2.7789113521575928,2.145633429288864,1.265069603919983,0.006957702996790288,0.7742919921875,617.3344116210938,2.506974220275879,12686.0,-0.07792538404464722,1.2955639362335205,1297.7562148879213,408.83012144160864,17.36391867033527,3.4907244561696706,0.45956311733156013,0.02745763855493431,0.42019912364702766,0.018736344633120322,0.6670166218221775,0.10412143020417317,0.17691835412394108,0.01621967970249402,0.05352783203125,0.04608154296875,0.03326416015625,0.0279541015625,0.0247802734375,0.0313720703125,0.0380859375,0.04541015625,0.05255126953125,0.0478515625,0.0338134765625,0.02935791015625,0.025390625,0.02911376953125,0.0313720703125,0.04052734375,0.0721435546875,0.33740234375,2.4861868371365183,0.03936767578125,0.042724609375,0.0189208984375,0.01568603515625,0.011474609375,0.01141357421875,0.01092529296875,0.01190185546875,0.010498046875,0.0294189453125,0.0084228515625,0.0308837890625,0.0157470703125,0.0247802734375,0.03955078125,0.05230712890625,0.382080078125,0.243896484375,2.0567277397678816,12456.0,1517.3178925810907,0.06798847583353312,0.46966253415194825,0.76025390625,157.4363825670969,138.9920845536209,0.76025390625,,,,,,,,,,,,,,,,,,,,,,,,,,,,,,,,,,,,,,,,,,,,,,,,,,,,,,,,,,,,,,,,,,,,,,,,,
1170,-0.8569742234698268,1.1158892910326608,1.6877057816948573,2.6380545236813493,-1.873940348625183,-1.6426522731781006,-1.147034764289856,-0.5605542063713074,0.6867496967315674,1.0820980668067932,-0.06900402587257304,0.8750066736862957,4.536568002034056,19.325225818349143,-0.26290255784988403,-0.26290255784988403,-0.26290255784988403,-0.26290255784988403,-0.26290255784988403,0.0,0.23906216817761816,1.934696440144008,5.987522791123881,34.27799020579527,-0.08665592968463898,-0.08665592968463898,-0.08665592968463898,-0.08665592968463898,-0.08665592968463898,0.0,0.7179113584885997,1.18813939517594,45.839562805745416,2739.4585541248207,0.0,0.6344619393348694,0.8375838994979858,0.8885058760643005,0.9022913575172424,0.25404393672943115,0.7879701991479351,0.961446626361202,-1.3124407685081751,3.578192947282039,-0.41488166451454106,0.43730922043323517,0.9584746956825256,1.4298017024993896,1.6454045295715345,0.9924924820661545,0.7879701852798462,-0.3909612747857098,0.80865478515625,80.55139923095703,0.906977117061615,13249.0,0.3790927529335022,0.18009713292121887,1816.0618829843309,523.1583627771628,10.04000362596417,2.2559115881298033,0.8876940217795869,0.015317842032471865,0.8624376750470993,0.008372318623713033,0.5775243126241035,0.1193533179283687,0.7438688390597833,0.014504846826837356,0.080322265625,0.04730224609375,0.0406494140625,0.0267333984375,0.02069091796875,0.01898193359375,0.022705078125,0.02899169921875,0.0401611328125,0.03521728515625,0.021728515625,0.01708984375,0.01800537109375,0.02423095703125,0.03460693359375,0.04254150390625,0.09600830078125,0.384033203125,2.323363022670836,0.00567626953125,0.006591796875,0.00457763671875,0.00347900390625,0.00164794921875,0.0045166015625,0.0042724609375,0.00189208984375,0.00164794921875,0.02960205078125,0.001708984375,0.02972412109375,0.00408935546875,0.01092529296875,0.01129150390625,0.0081787109375,0.7967529296875,0.07342529296875,0.9416165271930863,11996.0,2409.251008851332,0.025970614280900785,0.25986466647892276,0.7875525210084033,147.76340365201537,142.6869987359059,0.7875525210084033,19870827,1.3.6.1.4.1.14519.5.2.1.7695.1700.185145476306891106621908355713,C:\Users\ferra\Documents\breast_cancer_nac\data\raw\ISPY1\manifest-PyHQgfru6393647793776378748\ISPY1\ISPY1_1170\08-27-1987-808215-MR BREAST UNILAT-87643\6.000000-T1 left breast post axial-55713,T1 left breast post axial,88,True,T0,2009-09-03 00:00:00,44.35,1,1,1,1,0,1,HRposHER2neg,0,1,50,60,83,75,0,,,,,,,,,,,,,,,,,,,,,,,,,,,,,,,,,,,,,,,,,,,,,,,,,,
1171,-1.2509108954991461,0.9211865490840744,1.8354826623578782,3.712576053249772,-1.9968822002410889,-1.9041486978530884,-1.6259483098983765,-0.8840805292129517,-0.04947920888662338,1.0200681686401367,0.05578806396050595,1.1058788735401255,3.332338982905714,9.340961391906099,-0.26581665873527527,-0.26581665873527527,-0.26581665873527527,-0.26581665873527527,-0.26581665873527527,0.0,-0.040650529744993946,1.106568728957515,1.5967677808750895,1.472214674238657,-0.8792529106140137,-0.8120735287666321,-0.5433560013771057,0.262796550989151,1.8079222440719604,1.074870079755783,2.425899392008432,22.037169665087063,40.81461760733717,1886.2606485030365,0.0,0.47521911561489105,1.1383297443389893,1.5068190097808838,2.2342015266418467,1.0315998941659927,1.3066989384665249,1.362903114270048,0.5895830402459856,3.2898839713380985,-0.12360396981239319,0.8037307262420654,1.4528651237487793,1.7310655117034912,1.8237988948822021,0.9273347854614258,1.3066990375518799,0.07380316740001307,0.82470703125,1050.328125,4.62479305267334,13512.0,0.6634360551834106,1.0522428750991821,1930.872509153988,602.4622103008987,9.878677635400672,2.4814613488931667,0.9211012555214242,0.010284832140930303,0.8772562245490482,0.005615723145439145,0.7632581260069683,0.07290824167297459,0.7696100198564962,0.009873205858311534,0.06817626953125,0.04718017578125,0.038818359375,0.02947998046875,0.0216064453125,0.0223388671875,0.0223388671875,0.03143310546875,0.0374755859375,0.03350830078125,0.0218505859375,0.02203369140625,0.0191650390625,0.02789306640625,0.03912353515625,0.0439453125,0.10546875,0.3681640625,2.3679533639890664,0.00482177734375,0.00360107421875,0.00518798828125,0.00238037109375,0.0025634765625,0.00360107421875,0.0040283203125,0.0040283203125,0.00225830078125,0.00433349609375,0.0025634765625,0.00396728515625,0.00201416015625,0.00286865234375,0.00244140625,0.002197265625,0.913818359375,0.0333251953125,0.4953372420985257,13288.0,2080.823555959612,0.03856550051773704,0.3934377617497021,0.81103515625,151.05340857951057,138.8711405490928,0.81103515625,19870816,1.3.6.1.4.1.14519.5.2.1.7695.1700.173851239557272189964652933264,C:\Users\ferra\Documents\breast_cancer_nac\data\raw\ISPY1\manifest-PyHQgfru6393647793776378748\ISPY1\ISPY1_1171\08-16-1987-085920-MR BREASTUNI UE-71443\3.000000-Dynamic-Unilateral 3dfgre-33264,Dynamic-Unilateral 3dfgre,180,True,T0,2009-09-03 00:00:00,50.98,1,0,0,0,1,2,HER2pos,0,2,48,34,31,16,1,,,,,,,,,,,,,,,,,,,,,,,,,,,,,,,,,,,,,,,,,,,,,,,,,,
1172,-0.9465816603294002,1.4587661485023549,0.5901257190593245,-0.594073325415716,-2.608245849609375,-2.2966535091400146,-1.2060803174972534,0.14415313303470612,1.0269980430603027,2.4408066421747208,0.011270159072125807,0.9506714982472393,0.7855681951103188,-0.4582330291356924,-0.8501912951469421,-0.8501912951469421,-0.23931258916854858,0.6922774314880371,1.4253318309783936,1.5424687266349792,-0.08349177202075353,0.8310890346731461,3.668515778653264,12.837131220863409,-0.3232685118913651,-0.3083862066268921,-0.30838558077812195,-0.30827581882476807,-0.047433802857993514,0.00011038780212402344,2.100499815405456,34.482224500227765,84.56128909632196,8712.849535825138,0.0,0.0,0.7378560900688171,1.2778998613357544,2.073474168777466,1.2778998613357544,0.9578518126865561,1.6355070836594037,-0.2695051869210822,0.14104673167520287,-1.2052006602287293,-0.03218283876776695,1.0889066457748413,1.9075227975845337,3.0377386808395386,1.9397056363523006,0.957851767539978,0.09893161680671128,0.70361328125,3756.25390625,3.5356414318084717,11528.0,0.1619049459695816,1.0071085691452026,2369.22164086857,670.9547988960735,28.84436444570433,5.1737810673709195,0.29976698584173894,0.015457314003345912,0.2587201564102362,0.00661006891086837,0.7439980828099696,0.07212337138155384,0.0669798123439435,0.0034281087239117058,0.06036376953125,0.05859375,0.02191162109375,0.01141357421875,0.0108642578125,0.01312255859375,0.02239990234375,0.04119873046875,0.07574462890625,0.0478515625,0.01788330078125,0.0118408203125,0.00958251953125,0.0130615234375,0.01904296875,0.054931640625,0.08551025390625,0.4246826171875,2.1683366559560224,0.05487060546875,0.035888671875,0.03057861328125,0.02191162109375,0.01922607421875,0.0162353515625,0.019775390625,0.02166748046875,0.02044677734375,0.0379638671875,0.01837158203125,0.0352783203125,0.01983642578125,0.0283203125,0.03564453125,0.03936767578125,0.25054931640625,0.2940673828125,2.29925742519171,11276.0,2988.411434438292,0.015866610195375646,0.31594941480272676,0.7082024871247331,150.7318394761308,143.01075722053605,0.688232421875,,,,,,,,,,,,,,,,,,,,,,,,,,,,,,,,,,,,,,,,,,,,,,,,,,,,,,,,,,,,,,,,,,,,,,,,,
1173,-0.9916009526681364,1.3716367509856355,0.9329957365706627,-0.2671120872712538,-2.3315980434417725,-2.0878374576568604,-1.4826382398605347,-0.16296790540218353,1.3332185745239258,1.9248695522546768,-0.05097579985061884,0.9922821433882859,2.415941509313206,4.345762189412241,-0.44520172476768494,-0.44520172476768494,-0.44520172476768494,-0.44520172476768494,1.5966901779174805,0.0,0.06031025430687009,1.1236135067658066,2.7675368707712344,6.394398718572877,-0.3412463963031769,-0.34122923016548157,-0.34122923016548157,-0.34122785925865173,1.7163098216056842,1.3709068298339844e-06,1.205925758763584,29.302124951639133,86.6317626552208,7730.476699755802,0.0,0.6544073075056076,0.9200889468193054,0.9434641003608704,0.951068103313446,0.28905679285526276,0.9406251399462917,0.9839844126608511,-1.0468062169454535,0.7493332208511831,-0.5007779002189636,0.3733987510204315,1.2223585844039917,1.6933076083660126,1.9284240007400513,1.319908857345581,0.9406250715255737,-0.11831060980512374,0.8026123046875,2765.613525390625,1.0689396858215332,13150.0,0.7356643080711365,0.12406176328659058,2003.4211237533043,619.3681073489134,15.568143644650647,3.045132923797208,0.7001915751234026,0.021113675743643097,0.6443295793731122,0.017306441986420208,0.7879588501337714,0.06475792016999232,0.41546011978936104,0.022533896674587432,0.07940673828125,0.0528564453125,0.040283203125,0.02752685546875,0.018798828125,0.019287109375,0.0220947265625,0.0308837890625,0.0321044921875,0.03460693359375,0.02239990234375,0.02081298828125,0.01983642578125,0.02288818359375,0.03173828125,0.0445556640625,0.09637451171875,0.383544921875,2.3251483450156947,0.0220947265625,0.0191650390625,0.0140380859375,0.0084228515625,0.00640869140625,0.0091552734375,0.00714111328125,0.0067138671875,0.006591796875,0.0281982421875,0.0059814453125,0.02880859375,0.01055908203125,0.02642822265625,0.0345458984375,0.0281982421875,0.51544189453125,0.22210693359375,1.7076241354446948,12957.0,3078.3901858822323,0.017181733999745114,0.3960889048475139,0.8101162936101038,151.76511738187392,139.35257696159272,0.79083251953125,19870907,1.3.6.1.4.1.14519.5.2.1.7695.1700.519144933778226662450188914117,C:\Users\ferra\Documents\breast_cancer_nac\data\raw\ISPY1\manifest-PyHQgfru6393647793776378748\ISPY1\ISPY1_1173\09-07-1987-695845-MR BREAST UNILAT-10367\7.000000-Axial T1 left breast post-14117,Axial T1 left breast post,86,True,T0,2009-09-03 00:00:00,43.96,3,,,,,,,0,1,21,,0,0,0,,,,,,,,,,,,,,,,,,,,,,,,,,,,,,,,,,,,,,,,,,,,,,,,,,
1174,-0.5510379342108536,1.1274715212240025,1.6464232292139134,2.6791902618843944,-1.6757925748825073,-1.2701092958450317,-0.8275456428527832,-0.20058053731918335,0.7583072781562805,1.0695287585258484,0.07910398589247336,1.0475033764487856,2.2488150773680777,4.1775159714041195,-0.5756598114967346,-0.5609233379364014,-0.3104036748409271,0.1022169217467308,1.487443208694458,0.6631402596831322,0.008829834158461836,0.9887841048779283,3.298854010983277,9.54436276346956,-0.28901535272598267,-0.28893977403640747,-0.28893977403640747,-0.2889396548271179,-0.09416477009653984,1.1920928955078125e-07,1.7425255920654719,20.31150253474739,45.96069961906784,2444.9517162411607,0.0,0.22917796671390533,0.7947187423706055,1.1667205095291138,1.8978224396705627,0.9375425428152084,0.6301419210317931,1.3477035087640845,0.1542779134354003,2.6836561805710124,-0.7142526507377625,0.06013573706150055,0.6201796233654022,1.164703518152237,1.9547293424606327,1.1045677810907364,0.6301419734954834,0.1115209639994047,0.7406005859375,1353.9776611328125,3.0255866050720215,12134.0,2.7503490447998047,1.219842553138733,1424.5843752456178,520.4901744443271,21.111146152701558,4.290742745901621,0.20743681255591326,0.02455545061280637,0.12125520067529061,0.009345354492424825,0.8248630985730703,0.06356414228002773,0.014790159341394084,0.0023163845043222557,0.0697021484375,0.0504150390625,0.02984619140625,0.02081298828125,0.014892578125,0.0166015625,0.02203369140625,0.0289306640625,0.041015625,0.0350341796875,0.02081298828125,0.01806640625,0.01507568359375,0.0186767578125,0.02685546875,0.05523681640625,0.095703125,0.4202880859375,2.223991122056803,0.05853271484375,0.046875,0.034423828125,0.02850341796875,0.01971435546875,0.02069091796875,0.02178955078125,0.0252685546875,0.0238037109375,0.032470703125,0.018798828125,0.02874755859375,0.02032470703125,0.0279541015625,0.03594970703125,0.0521240234375,0.142578125,0.3614501953125,2.336170062799268,11807.0,3069.3313113791864,0.01574932291638546,0.46699681557215517,0.765842900694039,152.2687215021499,134.644986990432,0.72064208984375,,,,,,,,,,,,,,,,,,,,,,,,,,,,,,,,,,,,,,,,,,,,,,,,,,,,,,,,,,,,,,,,,,,,,,,,,
1175,-0.8846887765381553,1.128573191348025,1.5898232756536592,2.7526326916226846,-1.9655752182006836,-1.8421574831008911,-1.0605123043060303,-0.48456308245658875,0.4204999804496765,1.3575944006443024,-0.1628868334444178,0.7944161385679027,3.8807578333703256,14.221206333812503,-0.3725965619087219,-0.3725965619087219,-0.3725965619087219,-0.3725965619087219,-0.3725965619087219,0.0,-5.046880264527806e-08,4.097553185375523e-07,7.70593339595598,60.56722768790759,-9.318574711869587e-08,-9.318553395587514e-08,-9.318553395587514e-08,-9.318553395587514e-08,-9.318533713553734e-08,0.0,0.6420163495724296,2.964433019420227,80.47189332818046,8007.707167159346,0.0,0.3871568441390991,0.6617831587791443,0.7977386116981506,0.8143247365951538,0.4105817675590515,0.7218019418942276,0.8077623491416066,-0.7094632794598057,0.685987847741766,-0.3649207174777981,0.25347796082496643,0.7290549874305725,1.4695608615875244,1.5929787158966064,1.216082900762558,0.7218019366264343,-0.2256665362720522,0.765869140625,315.9458312988281,0.818054735660553,12548.0,1.598626369059275e-07,-0.015208672732114792,1538.049316580178,596.9983070426226,10.75622400683716,2.8641471813856687,0.8424452433138668,0.015819980339214335,0.8266237446595746,0.011057959452297579,0.6611496077599016,0.12921959826127957,0.6834290937022661,0.018360134324324724,0.06671142578125,0.05133056640625,0.03729248046875,0.02520751953125,0.01971435546875,0.020263671875,0.020263671875,0.03369140625,0.047119140625,0.03369140625,0.02069091796875,0.01922607421875,0.01580810546875,0.02166748046875,0.03314208984375,0.0465087890625,0.094482421875,0.3931884765625,2.306639751527774,0.0098876953125,0.00799560546875,0.007568359375,0.00531005859375,0.003662109375,0.00390625,0.0047607421875,0.0062255859375,0.006103515625,0.03173828125,0.00439453125,0.03558349609375,0.0057373046875,0.013427734375,0.01568603515625,0.01483154296875,0.72357177734375,0.099609375,1.2104589956029126,5882.0,1442.4082963767123,0.03552699385265897,0.8867349272167395,0.6545737814377921,147.0814048936786,67.99253262133556,0.49949048913043476,19870917,1.3.6.1.4.1.14519.5.2.1.7695.1700.219365656495786853573232663023,C:\Users\ferra\Documents\breast_cancer_nac\data\raw\ISPY1\manifest-PyHQgfru6393647793776378748\ISPY1\ISPY1_1175\09-17-1987-987142-HUP5 PROTOCOLSBREAST-71307\9.000000-post needleR-63023,post needle_R,64,True,T0,2009-09-03 00:00:00,64.33,1,1,1,1,0,1,HRposHER2neg,0,2,68,65,60,56,0,,,,,,,,,,,,,,,,,,,,,,,,,,,,,,,,,,,,,,,,,,,,,,,,,,
1176,-0.29481446192903604,1.2273250243114797,0.6337531812638199,0.059494341502272174,-1.7508021593093872,-1.1642242670059204,-0.43100181221961975,0.39998358488082886,1.4264949560165405,1.5642078518867493,0.24113866716257348,1.2189441333895104,1.7052099761396655,1.8215980864323136,-0.6345075964927673,-0.5712743997573853,-0.2551083266735077,0.4088404178619385,2.3374533653259277,0.9801148176193237,0.21304544966694888,1.2824102624741711,2.3908724436658644,3.9920202134341674,-0.2771909713745117,-0.2771197259426117,-0.2771197259426117,-0.2771095111966133,2.9313575267791765,1.0214745998382568e-05,1.6093054052606908,14.824939869831752,54.37389015462979,4158.973183934512,0.0,0.0,0.681900680065155,1.0761728584766388,1.9648679494857788,1.0761728584766388,0.5359531292149313,1.6150300228594476,0.17261831935381017,0.3848117064809329,-1.3810313940048218,-0.46003714203834534,0.4808351397514343,1.4917417466640472,2.5382194280624395,1.9517788887023926,0.535953164100647,0.05241720409159864,0.60052490234375,1319.4478759765625,3.4269604682922363,9839.0,1.2190057039260864,0.9583693742752075,1951.2919836433366,576.0131180686827,25.645287985562163,4.825303675808444,0.15583574475158898,0.02099641700765193,0.07469476404607396,0.005274478824889138,0.8027947483101093,0.05789712713446908,0.005607127902772867,0.0008172376678299316,0.06634521484375,0.05047607421875,0.0274658203125,0.0181884765625,0.01568603515625,0.01922607421875,0.02374267578125,0.04248046875,0.056396484375,0.04632568359375,0.0196533203125,0.01513671875,0.0123291015625,0.01458740234375,0.023681640625,0.05364990234375,0.085693359375,0.408935546875,2.2492572668923447,0.0643310546875,0.0467529296875,0.03790283203125,0.028076171875,0.0224609375,0.0213623046875,0.02362060546875,0.0224609375,0.02471923828125,0.02728271484375,0.019775390625,0.02239990234375,0.0185546875,0.0257568359375,0.034423828125,0.04888916015625,0.1319580078125,0.3792724609375,2.304313061410672,8898.0,3143.0703807288373,0.011318634955374504,0.576262903751487,0.5971812080536912,161.8432299523625,132.26870687956773,0.5430908203125,,,,,,,,,,,,,,,,,,,,,,,,,,,,,,,,,,,,,,,,,,,,,,,,,,,,,,,,,,,,,,,,,,,,,,,,,
1177,-0.8649543782289584,1.262130819005055,1.1873714853845705,0.2611409013517041,-1.9028116464614868,-1.8337750434875488,-1.4885923862457275,-0.1768980175256729,1.2728694677352905,1.656877025961876,-0.03721411739525138,0.8965599743640517,2.5156375330301293,5.286572871664848,-0.4030191898345947,-0.4030191898345947,-0.4030191898345947,-0.4030191898345947,1.304423213005066,0.0,-0.049964810136064575,0.4756997968181068,2.3212698460278474,43.12379604998076,-0.055090610310435294,-0.055024467408657074,-0.055024467408657074,-0.055024467408657074,-0.054977201670408246,0.0,1.5762693596372657,17.20313153469243,74.49745089592555,7254.736668922863,0.0,0.3508678078651428,0.7785782814025879,0.8116690516471863,1.4687197923660282,0.46080124378204346,0.8277402604742292,1.3516454019027218,-0.4831524500986431,1.2850760366428196,-1.0545599460601807,0.24882246553897858,1.2236464023590088,1.499792456626892,1.7722443342208862,1.2509699910879135,0.8277401924133301,0.015404175158493422,0.7568359375,1787.43798828125,2.782968521118164,12400.0,0.11796996742486954,0.7984961271286011,2589.880353997735,841.8693311424161,19.26595091611937,4.154059613337439,0.7314614469964007,0.016886982106589874,0.7039236185696162,0.007922172401662538,0.6570884993705851,0.10998682073727373,0.49557122159570416,0.011157121491110132,0.0654296875,0.05218505859375,0.02972412109375,0.01739501953125,0.01507568359375,0.018798828125,0.021484375,0.02783203125,0.0355224609375,0.0340576171875,0.02081298828125,0.0172119140625,0.01318359375,0.01995849609375,0.0283203125,0.0560302734375,0.10894775390625,0.41802978515625,2.2155138076483616,0.02276611328125,0.0126953125,0.0130615234375,0.0103759765625,0.0069580078125,0.00897216796875,0.00848388671875,0.00750732421875,0.00750732421875,0.03411865234375,0.0059814453125,0.0341796875,0.00750732421875,0.0118408203125,0.0167236328125,0.0162353515625,0.66107177734375,0.114013671875,1.4433810947065704,12224.0,2495.7535341682733,0.02466151858590796,0.39136692549732716,0.74609375,154.86196195799124,142.5093533371947,0.74609375,19870925,1.3.6.1.4.1.14519.5.2.1.7695.1700.425318092599973549938764958545,C:\Users\ferra\Documents\breast_cancer_nac\data\raw\ISPY1\manifest-PyHQgfru6393647793776378748\ISPY1\ISPY1_1177\09-25-1987-525959-MR BREASTUNI UE-65365\7.000000-Dynamic-3dfgre-Phase160-58545,Dynamic-3dfgre-Phase=160,180,True,T0,2009-09-03 00:00:00,40.79,1,0,0,0,1,2,HER2pos,0,2,57,11,0,0,1,,,,,,,,,,,,,,,,,,,,,,,,,,,,,,,,,,,,,,,,,,,,,,,,,,
1179,-0.8676905563982018,1.399129200183777,0.5602421568235225,-0.5732608862495066,-2.4916629791259766,-2.110830545425415,-1.0444997549057007,0.09799763560295105,1.1643283367156982,2.208828181028366,0.02723876938952685,1.127399774508523,1.4772631246175993,1.1749394543597171,-0.7640001773834229,-0.7429593801498413,-0.5535924434661865,0.47740504145622253,1.866095781326294,1.2203644216060638,0.11681349068760483,1.200035733600602,3.2607161439263015,10.151745975140303,-0.27848579585552213,-0.2780251204967499,-0.2780251204967499,-0.27801313996315,1.4129503130912786,1.1980533599853516e-05,1.7844816012938836,15.407002543790458,33.15919390785547,1389.7671470702787,0.0,0.0,0.756447434425354,0.9432056546211243,1.9557964324951174,0.9432056546211243,0.8949293276573371,1.6196501381290858,-0.2685653352777201,0.18825313125564103,-1.3997004628181455,-0.10033291578292847,1.223760962486267,1.824869990348816,2.6086232423782354,1.9252029061317444,0.8949292898178101,-0.10009128694710054,0.70050048828125,886.4251098632812,3.3649485111236572,11477.0,0.5654186606407166,1.1714990139007568,2697.6223762344175,815.4705974250753,31.118100730898743,6.1322035705683975,0.22692785850679995,0.02381225183775741,0.1710392458655092,0.013078996617785684,0.6962744743964312,0.09148393755313805,0.029425483778770162,0.004522240557909939,0.05328369140625,0.0526123046875,0.03680419921875,0.02978515625,0.02337646484375,0.02606201171875,0.02874755859375,0.0360107421875,0.04205322265625,0.03485107421875,0.027587890625,0.0216064453125,0.0198974609375,0.0260009765625,0.032470703125,0.0477294921875,0.07940673828125,0.3817138671875,2.3721775401688934,0.05303955078125,0.05462646484375,0.02996826171875,0.0245361328125,0.0211181640625,0.0211181640625,0.01885986328125,0.0191650390625,0.01763916015625,0.029296875,0.013671875,0.02703857421875,0.01934814453125,0.02642822265625,0.03887939453125,0.0489501953125,0.172119140625,0.36419677734375,2.2722116898258204,10005.0,2812.1576464628797,0.015898188090595265,0.6915036691413192,0.6935394426729516,163.0392685402528,117.77515700574457,0.61065673828125,,,,,,,,,,,,,,,,,,,,,,,,,,,,,,,,,,,,,,,,,,,,,,,,,,,,,,,,,,,,,,,,,,,,,,,,,
1180,-0.6607674335633931,1.3061803688349194,0.9228637235834283,0.19542817382645383,-2.0128064155578613,-1.8386403322219849,-0.7874237895011902,0.027424443513154984,1.2341463565826416,1.8660647757351398,-0.051648719174465896,0.9245685196695297,4.102050247753704,15.309412742802238,-0.2681577503681183,-0.2681577503681183,-0.2681577503681183,-0.2681577503681183,-0.2681577503681183,0.0,-0.005697045211050522,0.9764715710095417,8.187275177952335,65.5109814282517,-0.1277427077293396,-0.1277427077293396,-0.1277427077293396,-0.1277427077293396,-0.1277427077293396,0.0,0.6127920207935418,1.792003608953324,99.8102590531329,11515.51512323544,0.0,0.0,0.8014180064201355,0.9188140630722046,0.9262415170669556,0.9188140630722046,0.6091187289240452,1.1198669523737996,-0.7659265839872808,0.13021207231593523,-0.9403651714324941,-0.10897570848464966,0.7307534217834473,1.5953633785247803,1.7633092403411865,1.70433908700943,0.6091187596321106,-0.07543950680217665,0.679931640625,210.45999145507812,0.9292468428611755,11140.0,0.09171298146247864,-0.37022700905799866,1732.673091259736,506.78081032428304,9.56681546064008,2.2237374789560453,0.8945287516793795,0.013213666334666311,0.8628754105302057,0.007189633894292328,0.6629523698175257,0.0968003377793361,0.7446056649332048,0.012406223243474526,0.0595703125,0.05572509765625,0.0399169921875,0.0274658203125,0.02142333984375,0.0205078125,0.026611328125,0.0357666015625,0.0419921875,0.035400390625,0.02349853515625,0.02154541015625,0.0181884765625,0.02227783203125,0.03472900390625,0.048828125,0.0950927734375,0.3714599609375,2.369475935903076,0.00531005859375,0.00604248046875,0.0047607421875,0.00360107421875,0.00146484375,0.0045166015625,0.0037841796875,0.0040283203125,0.00225830078125,0.03619384765625,0.00225830078125,0.04046630859375,0.0101318359375,0.01202392578125,0.0155029296875,0.013671875,0.775146484375,0.058837890625,1.0461656594635975,10408.0,2560.794118708089,0.019944714325903785,0.4766361694546233,0.63525390625,173.7424849626221,152.73713236617908,0.63525390625,19870928,1.3.6.1.4.1.14519.5.2.1.7695.1700.182186634476884641722376939211,C:\Users\ferra\Documents\breast_cancer_nac\data\raw\ISPY1\manifest-PyHQgfru6393647793776378748\ISPY1\ISPY1_1180\09-28-1987-995550-MR BREAST BILAT-23108\108.000000-DCE POST Left-39211,DCE POST Left,52,True,T0,2009-09-03 00:00:00,31.45,1,1,1,1,0,1,HRposHER2neg,0,1,47,16,40,4,0,,,,,,,,,,,,,,,,,,,,,,,,,,,,,,,,,,,,,,,,,,,,,,,,,,
1181,-1.182567217238784,1.3269457669304863,1.111918206563123,0.6628436274552998,-2.4942715167999268,-2.288421392440796,-1.5473607778549194,-0.4357697665691376,0.6758211255073547,1.8526516258716583,-0.26810657259386517,0.663474339368602,3.5362331691053046,13.02225775632336,-0.48764294385910034,-0.48764294385910034,-0.48764294385910034,-0.48764294385910034,0.38329240679740906,0.0,0.0040469098269682036,1.062355259569328,10.747715438082933,113.83743018478397,-0.09502825140953064,-0.09502825140953064,-0.09502825140953064,-0.09502825140953064,-0.09502825140953064,0.0,0.7881684349934162,2.7657113831152462,29.601731313515856,1158.437581383058,0.0,0.3128071799874306,0.7516671419143677,0.8274772763252258,0.8391191959381104,0.5146700963377953,0.914460622039428,1.0794781965027427,-0.9974149223792255,0.8481460537140189,-0.47528057992458284,0.20385753735899925,1.1420578956604004,1.8419485092163086,2.0066285133361816,1.6380909718573093,0.9144605994224548,-0.2976106018140179,0.75079345703125,140.40621948242188,0.8570983409881592,12301.0,-0.08133324235677719,0.3199862241744995,1446.6106745068203,394.30076247696894,13.778232377810872,2.3817883964983158,0.7301892121331829,0.01334665231159198,0.7158125759134791,0.009051320915569094,0.6132306947561984,0.10451870227096631,0.5124695702462069,0.013002400582858894,0.06866455078125,0.05413818359375,0.03546142578125,0.0220947265625,0.01739501953125,0.01837158203125,0.0211181640625,0.0340576171875,0.052001953125,0.03619384765625,0.01763916015625,0.015869140625,0.01422119140625,0.02178955078125,0.02996826171875,0.0479736328125,0.09625244140625,0.39678955078125,2.282499345608097,0.02099609375,0.01605224609375,0.0101318359375,0.00677490234375,0.00439453125,0.00604248046875,0.00555419921875,0.0059814453125,0.00592041015625,0.02691650390625,0.00335693359375,0.031005859375,0.00848388671875,0.02581787109375,0.0281982421875,0.0313720703125,0.5986328125,0.16436767578125,1.544525977624538,11863.0,2334.3555185280766,0.027357121311416054,0.300279742178486,0.7297613188976378,156.42851131451837,149.2095203366781,0.7297613188976378,19871031,1.3.6.1.4.1.14519.5.2.1.7695.1700.161918182163801601257529949987,C:\Users\ferra\Documents\breast_cancer_nac\data\raw\ISPY1\manifest-PyHQgfru6393647793776378748\ISPY1\ISPY1_1181\10-31-1987-987142-HUP5 PROTOCOLSBREAST-99564\11.000000-post needleR-49987,post needle_R,64,True,T0,2009-09-03 00:00:00,34.71,1,1,1,1,0,1,HRposHER2neg,0,2,114,118,77,76,0,,,,,,,,,,,,,,,,,,,,,,,,,,,,,,,,,,,,,,,,,,,,,,,,,,
1182,-1.1007522070571056,1.304250931811625,0.9386660649520107,0.8232011909029646,-2.534874200820923,-2.327204942703247,-1.1671204566955566,-0.3507649004459381,0.5586838722229004,1.976440042257309,-0.7881206531939284,1.3800695233726834,1.0132440619374852,0.3427109565656856,-2.2010884284973145,-2.0239691734313965,-1.0321003198623657,-0.07565552741289139,1.1996042728424072,1.948313646018505,-0.7333667155656372,1.312465547919925,1.2118848996697718,0.9092848972527907,-2.0183215141296387,-1.8583062887191772,-0.9970462918281555,-0.14519909024238586,1.1866945028305054,1.7131071984767914,1.2809055481664462,16.2710903185521,51.081964819600074,3023.708717980298,0.0,0.0,0.515565812587738,0.9335943460464478,1.469475317001343,0.9335943460464478,0.31263155396533193,0.8544203075524637,1.694068710817795,4.3601809430964185,-0.4736235409975052,-0.1488335132598877,0.20275020599365234,0.4851241111755371,1.234073185920716,0.6339576244354248,0.3126315474510193,-0.1751383126088661,0.596923828125,1180.9176025390625,2.3487136363983154,9780.0,1.0940349102020264,4.643187046051025,793.0709651013366,364.2585689537383,17.166011992650727,4.002697166163679,0.10889579358130008,0.021353624797460655,0.026771010856830882,0.0025735821788485072,0.9119307209748556,0.04063543056830884,0.0007233103475278436,0.00014229675978065664,0.07818603515625,0.0518798828125,0.04144287109375,0.028076171875,0.021728515625,0.017822265625,0.02239990234375,0.029296875,0.04144287109375,0.0318603515625,0.02081298828125,0.02044677734375,0.0164794921875,0.022705078125,0.03692626953125,0.04986572265625,0.0950927734375,0.37353515625,2.3468671372817314,0.0699462890625,0.042236328125,0.0428466796875,0.03070068359375,0.02374267578125,0.02294921875,0.02801513671875,0.03857421875,0.05029296875,0.03924560546875,0.02398681640625,0.020751953125,0.01959228515625,0.02447509765625,0.03326416015625,0.04766845703125,0.0885009765625,0.35321044921875,2.418416391803278,5326.0,2537.411434438292,0.010395113627348851,0.6663883498707602,0.6440923932760915,112.13808497189572,83.61069813071028,0.5533506493506494,19871025,1.3.6.1.4.1.14519.5.2.1.7695.1700.112890143204699263137469554998,C:\Users\ferra\Documents\breast_cancer_nac\data\raw\ISPY1\manifest-PyHQgfru6393647793776378748\ISPY1\ISPY1_1182\10-25-1987-663335-MR BREAST BILAT W OR WO SCCA-25833\9.000000-BILAT T1 SPGR POST-54998,BILAT T1 SPGR POST,232,True,T0,2009-09-03 00:00:00,42.24,1,0,0,0,1,2,HER2pos,0,2,48,37,4,21,1,,,,,,,,,,,,,,,,,,,,,,,,,,,,,,,,,,,,,,,,,,,,,,,,,,
1183,-0.8489964680331923,1.2308677085432527,1.0824524181609194,0.3176464256751985,-2.0098376274108887,-1.8777670860290527,-1.2174140214920044,-0.20487290620803833,1.0718094110488892,1.6728941798210144,-0.287503489343635,0.8650071590684726,2.451374904009807,5.953113173578009,-0.7371612787246704,-0.7371612787246704,-0.7371612787246704,-0.1944219470024109,0.8417167663574219,0.5427393317222595,-0.046842835950570816,0.6908551397380714,14.928733019903348,231.43773043281877,-0.10052008926868439,-0.10051979124546051,-0.10051979124546051,-0.10051979124546051,-0.10051938146352768,0.0,1.495752371996744,9.622186699701306,51.906262478524305,3666.3526044057044,0.0,0.0,0.632683277130127,0.6812589764595032,2.7866384744644166,0.6812589764595032,0.5614929768511274,1.3900225230457588,-0.6029774565961459,1.0257073024498595,-1.5448296070098877,-0.05138710606843233,1.0085352659225464,1.228652834892273,1.5372095823287975,1.2800399409607053,0.5614929795265198,-0.42860771672246545,0.72259521484375,810.871826171875,5.256457328796387,11839.0,-0.2098749577999115,0.24445727467536926,1858.2804671493311,585.7486591121037,21.832031097588473,4.469901071847708,0.4284631331476287,0.020759774759351726,0.3937219185086464,0.011443157362687209,0.6516723656664692,0.10951416217229024,0.15514789496455642,0.009084066217288522,0.0548095703125,0.0577392578125,0.0328369140625,0.02618408203125,0.01922607421875,0.02313232421875,0.02734375,0.039794921875,0.0540771484375,0.0377197265625,0.02532958984375,0.02239990234375,0.01885986328125,0.02587890625,0.03515625,0.0491943359375,0.0804443359375,0.369873046875,2.3867047876364476,0.0401611328125,0.04052734375,0.02362060546875,0.017578125,0.01092529296875,0.01214599609375,0.0126953125,0.0152587890625,0.01202392578125,0.0340576171875,0.0106201171875,0.03363037109375,0.0159912109375,0.02197265625,0.03509521484375,0.04296875,0.35919189453125,0.26153564453125,2.092676449001285,11658.0,2185.6225458328354,0.03066786840269647,0.48240335087791303,0.7115478515625,163.01866100392732,142.79606625732532,0.7115478515625,,,,,,,,,,,,,,,,,,,,,,,,,,,,,,,,,,,,,,,,,,,,,,,,,,,,,,,,,,,,,,,,,,,,,,,,,
1185,-1.1995147302021536,0.9105889487529255,1.272158063450643,1.2076990018503446,-2.0002684593200684,-1.9168537855148315,-1.5831949710845947,-0.6656330227851868,0.1685141623020172,1.2512207627296448,-0.15994974306113363,0.5410326765847221,7.193747782553127,56.06795600750234,-0.2524150609970093,-0.2524150609970093,-0.2524150609970093,-0.2524150609970093,-0.2524150609970093,0.0,0.13112892873823512,1.3677672286139386,2.0605394022910946,3.7592456199870954,-0.8044991493225098,-0.7340084314346313,-0.5225363373756409,0.5348241329193115,1.4512031078338623,1.2688325643539429,1.5663220421012056,22.626664520286674,109.9230590264051,13240.109963969257,0.0,0.26962342858314514,0.9925652742385864,1.474000334739685,1.8475624322891235,1.20437690615654,1.039564987859194,1.0520883548579865,0.2903837025846681,5.217042587495035,-0.4209292232990265,0.4966326951980591,1.3307799100875854,1.6644387245178223,1.8312681913375854,1.1678060293197632,1.039565086364746,-0.2800001755848386,0.74029541015625,2747.2890625,2.5266802310943604,12129.0,-0.26753926277160645,-0.49240589141845703,1211.951134986933,322.7842206531812,8.203507008307708,1.5439388704740236,0.8858011847988406,0.009554460791500664,0.8764352121807913,0.005421849511954998,0.3844273393722542,0.16633117520768012,0.7681680776025188,0.009511230993992936,0.08447265625,0.062744140625,0.02825927734375,0.0146484375,0.009521484375,0.01025390625,0.0125732421875,0.0130615234375,0.0201416015625,0.01690673828125,0.00933837890625,0.00830078125,0.00872802734375,0.0184326171875,0.02459716796875,0.05792236328125,0.11785888671875,0.48223876953125,1.9539708168779133,0.01263427734375,0.0076904296875,0.00567626953125,0.00537109375,0.002197265625,0.0032958984375,0.00335693359375,0.001708984375,0.00115966796875,0.0269775390625,0.0008544921875,0.02789306640625,0.0032958984375,0.01190185546875,0.01556396484375,0.01544189453125,0.79962158203125,0.05535888671875,0.9633300808675717,11874.0,1804.0285706997456,0.04584796734269063,0.3370499737274217,0.7247314453125,150.95023907618867,142.117651184799,0.7247314453125,19871112,1.3.6.1.4.1.14519.5.2.1.7695.1700.436572018669967494006734599651,C:\Users\ferra\Documents\breast_cancer_nac\data\raw\ISPY1\manifest-PyHQgfru6393647793776378748\ISPY1\ISPY1_1185\11-12-1987-332455-MR BREASTUNI UE-56056\4.000000-Dynamic-Unilateral 3dfgre-99651,Dynamic-Unilateral 3dfgre,180,True,T0,2009-09-03 00:00:00,49.79,1,1,1,1,0,1,HRposHER2neg,0,2,71,51,19,0,0,,,,,,,,,,,,,,,,,,,,,,,,,,,,,,,,,,,,,,,,,,,,,,,,,,
1187,-0.6169398254837688,1.0697535554323858,0.5221458477866336,-0.21019766462696277,-1.8799052238464355,-1.392581820487976,-0.7553127408027649,0.031901828944683075,0.9690619707107544,1.4244836494326591,-0.35013510448010265,1.0993781062955104,0.9720627442736041,0.433867564132949,-1.5212888717651367,-1.1608381271362305,-0.5944154858589172,0.20372532308101654,1.2335846424102783,1.364563450217247,-0.10041868156713463,1.0502417414562888,0.8840123263947416,0.1699790396197769,-1.2393099069595337,-0.8920302987098694,-0.30599600076675415,0.4102681279182434,1.5172220468521118,1.3022984266281128,1.2046804901272048,13.109083733497643,47.95592303682177,2957.826786530168,0.0,0.0,0.27063098549842834,0.8150340914726257,1.5126889109611514,0.8150340914726257,0.2668047212955429,0.6201300062569055,1.0363755146465525,2.594728262114251,-0.4306325316429138,-0.13120631873607635,0.19190335273742676,0.5683078765869141,1.0527832508087158,0.6995141953229904,0.2668047249317169,-0.9359484365040074,0.48486328125,979.8853759765625,2.500047206878662,7944.0,0.09033624827861786,0.5210490226745605,1052.9845876641664,494.6691474454644,21.74842820051724,5.2570693822194166,0.09354879836624519,0.018354777573246297,0.03304829486616921,0.002721867951967944,0.8625219818184838,0.06451790542661584,0.0010995983587092164,0.0001842749241501785,0.0540771484375,0.04779052734375,0.0352783203125,0.02960205078125,0.02728271484375,0.0289306640625,0.036376953125,0.0443115234375,0.05523681640625,0.05218505859375,0.0360107421875,0.02764892578125,0.0245361328125,0.026611328125,0.0302734375,0.0399169921875,0.07269287109375,0.33123779296875,2.4961169649195383,0.05133056640625,0.03985595703125,0.037109375,0.03009033203125,0.02520751953125,0.0303955078125,0.03802490234375,0.05145263671875,0.06329345703125,0.058837890625,0.0400390625,0.031494140625,0.02667236328125,0.03179931640625,0.03228759765625,0.03662109375,0.0745849609375,0.3009033203125,2.5568302196046635,6514.0,2968.8967158125306,0.009286828802639181,0.42202564268246556,0.5709527565956701,123.95382427307806,112.37454068966088,0.47935830451100153,19871119,1.3.6.1.4.1.14519.5.2.1.7695.1700.280714331361800712479688829603,C:\Users\ferra\Documents\breast_cancer_nac\data\raw\ISPY1\manifest-PyHQgfru6393647793776378748\ISPY1\ISPY1_1187\11-19-1987-987142-BREAST WO followed by W CONTRAST UNILAT-40082\14.000000-T1FS SAG POST 2.2MIN LEFT-29603,T1FS SAG POST 2.2MIN LEFT,54,True,T0,2009-09-03 00:00:00,47.06,3,0,0,0,0,3,TripleNeg,0,1,70,59,68,40,0,,,,,,,,,,,,,,,,,,,,,,,,,,,,,,,,,,,,,,,,,,,,,,,,,,
1188,-0.4605629592188052,1.3636755739592687,0.23844880280943687,-0.3569095432195204,-2.4766502380371094,-1.4552737474441528,-0.3828282356262207,0.38320422172546387,1.251374363899231,1.8384779691696167,0.12107650184748309,1.1154076779660265,2.1986082987380144,4.397792170947798,-0.5818867087364197,-0.4863150119781494,-0.3907432556152344,0.27825888991355896,1.5206913948059082,0.7645739018917084,2.31201550838031e-11,7.36665648278351e-10,1.3135400668039385,6.427100105360827,-2.228654847474809e-11,-2.228340602317136e-11,-2.228340602317136e-11,-2.228340602317136e-11,-2.2277794886615965e-11,0.0,1.9194599323802208,9.269996065137672,12.401441549082222,182.68118163306255,0.0,0.0,0.5766975283622742,0.95965975522995,2.546557545661929,0.95965975522995,0.58163946061768,1.560743130799603,0.13604658375415304,0.1725471550631581,-1.30287504196167,-0.46096858382225037,0.48307549953460693,1.7349910736083984,2.3964809417724613,2.195959657430649,0.5816394686698914,0.20816383294886484,0.57513427734375,159.02615356445312,5.769922256469727,9423.0,-7.015859421199977e-11,0.8858100175857544,3209.377531248411,820.738270276303,32.228285726780356,5.689542527397629,0.2629266667351777,0.030423575467953202,0.20701354917745698,0.014500248524301677,0.5294208041144461,0.11974802156145467,0.04306486675031393,0.006221319271596924,0.06463623046875,0.0596923828125,0.02728271484375,0.01312255859375,0.01129150390625,0.0162353515625,0.01885986328125,0.0384521484375,0.06903076171875,0.04913330078125,0.01873779296875,0.01263427734375,0.00958251953125,0.013916015625,0.02557373046875,0.0531005859375,0.0853271484375,0.41339111328125,2.209278672242288,0.05999755859375,0.04376220703125,0.03314208984375,0.02484130859375,0.0162353515625,0.01617431640625,0.01416015625,0.01495361328125,0.01171875,0.02874755859375,0.0120849609375,0.0306396484375,0.01763916015625,0.02850341796875,0.03839111328125,0.05181884765625,0.20782470703125,0.349365234375,2.2265321328859815,9012.0,4295.320164090894,0.0061381848863307975,0.2611792199924044,0.550048828125,155.3559171419626,149.96356403073386,0.550048828125,,,,,,,,,,,,,,,,,,,,,,,,,,,,,,,,,,,,,,,,,,,,,,,,,,,,,,,,,,,,,,,,,,,,,,,,,
1189,-0.9665830924921011,1.0027871396923147,1.6714058534399459,2.5871936971463914,-1.8566854000091553,-1.7464828491210938,-1.2505712509155273,-0.6444571614265442,0.2922646105289459,1.1020256876945496,-0.16426349244648009,0.28668084455097803,19.972197113991232,405.4019204466865,-0.17923504114151,-0.17923504114151,-0.17923504114151,-0.17923504114151,-0.17923504114151,0.0,-2.587378011495445e-13,0.0,,,-2.587378011495445e-13,-2.587378011495445e-13,-2.587378011495445e-13,-2.587378011495445e-13,-2.587378011495445e-13,0.0,0.7120597077209823,0.3804072501735967,2.67775078318089,43.94186896630211,0.0,0.7218810319900513,0.8566768765449524,0.8973732590675354,0.9034646153450012,0.17549222707748413,0.8023196058611575,1.0503762560042196,-0.9645379935878452,4.938262733679708,-0.47149965167045593,0.4652221202850342,1.071336269378662,1.5672478675842285,1.67745041847229,1.1020257472991943,0.8023195862770081,-0.2047354385135356,0.84344482421875,7.0022406578063965,0.9062469601631165,13819.0,1.4390621940613135e-12,0.4492618441581726,0.0,0.0,0.0,0.0,1.0,0.0,1.0,0.0,1.0,0.0,1.0,0.0,0.06805419921875,0.05096435546875,0.026611328125,0.01885986328125,0.01708984375,0.021728515625,0.02587890625,0.03240966796875,0.04095458984375,0.034912109375,0.0203857421875,0.0157470703125,0.0150146484375,0.01898193359375,0.0257568359375,0.0467529296875,0.10235595703125,0.41754150390625,2.230845916366987,0.0,0.0,0.0,0.0,0.0,0.0,0.0,0.0,0.0,0.0,0.0,0.0,0.0,0.0,0.0,0.0,1.0,0.0,-9.999994999180668e-07,13791.0,2158.084486609961,0.03721077684575317,0.21959839721668206,0.84173583984375,151.77727905540493,148.07244980124784,0.84173583984375,19871122,1.3.6.1.4.1.14519.5.2.1.7695.1700.337684541400077102072707800970,C:\Users\ferra\Documents\breast_cancer_nac\data\raw\ISPY1\manifest-PyHQgfru6393647793776378748\ISPY1\ISPY1_1189\11-22-1987-229534-MR BREASTUNI UE-72269\3.000000-Dynamic-Unilateral 3dfgre-00970,Dynamic-Unilateral 3dfgre,180,True,T0,2009-09-03 00:00:00,68.82,4,0,0,0,1,2,HER2pos,0,2,33,26,0,0,1,,,,,,,,,,,,,,,,,,,,,,,,,,,,,,,,,,,,,,,,,,,,,,,,,,
1191,-0.5729127785609762,1.2820565164753022,0.36478382622273975,-0.3010386671386387,-2.2786104679107666,-1.4733247756958008,-0.658336877822876,0.2245669662952423,1.2093440294265747,1.697891741991043,0.2721743448478833,1.0172727266183434,0.943336348082668,-0.019120798270718886,-0.6561561226844788,-0.6561561226844788,-0.02868942730128765,0.9386549592018127,1.8275660276412964,1.5948110818862915,-0.07271747233941284,0.6211203507460934,8.248005625652223,85.08256575860354,-0.1098433718085289,-0.10977265983819962,-0.10977265983819962,-0.10977265983819962,-0.10971266850829124,0.0,3.6394040511880767,68.33535173946905,63.702378967790715,4445.969336365975,0.0,0.0,0.7510178089141846,1.6208332777023315,3.7568306684494024,1.6208332777023315,0.8450871261805446,1.4752396260079201,-0.04309718810745416,-0.11740890535036996,-1.0806260347366332,-0.1407695971429348,0.8518751859664917,1.8705282807350159,2.7024481296539307,2.0112978778779507,0.8450871109962463,0.40811340508475014,0.6646728515625,5176.21923828125,7.309119701385498,10890.0,0.3842121362686157,1.7653157711029053,2887.4768826452023,810.1686541873828,35.235199117230856,6.390449087902397,0.15232782418231686,0.020757332365260325,0.11432283496742368,0.009037493907756718,0.6542755934753702,0.09667363406645352,0.01315138689112153,0.0021075041553880883,0.0601806640625,0.0587158203125,0.0269775390625,0.01593017578125,0.01263427734375,0.01873779296875,0.02581787109375,0.04364013671875,0.0633544921875,0.04638671875,0.021484375,0.01495361328125,0.01165771484375,0.01416015625,0.0233154296875,0.0517578125,0.07916259765625,0.4111328125,2.2416960640806733,0.06378173828125,0.04931640625,0.03912353515625,0.02685546875,0.01904296875,0.01861572265625,0.01934814453125,0.01910400390625,0.0198974609375,0.03094482421875,0.015869140625,0.02984619140625,0.01776123046875,0.0264892578125,0.03887939453125,0.05059814453125,0.14227294921875,0.37225341796875,2.2957676811092886,10478.0,3549.445055771921,0.010451228486889168,0.43647402047870654,0.6641313304176967,152.63974195553644,137.33254945192965,0.6395263671875,,,,,,,,,,,,,,,,,,,,,,,,,,,,,,,,,,,,,,,,,,,,,,,,,,,,,,,,,,,,,,,,,,,,,,,,,
1192,-0.8554669470906937,1.361859076952296,0.4701713093387653,-0.4416312600431951,-2.629711151123047,-2.040405035018921,-0.910901665687561,0.009070797823369503,1.0370824337005615,2.0494758328422904,0.12261751504701124,1.0566829313860338,2.26495259048149,4.854955883794248,-0.5126158595085144,-0.5126158595085144,-0.3398011028766632,0.31689485907554626,1.3537832498550415,0.8295107185840607,-0.018983171638069507,0.9383103333880972,5.2453095829506555,26.114715321263535,-0.2001253068447113,-0.20012524724006653,-0.20012524724006653,-0.20012524724006653,-0.20012281239032745,0.0,2.4529663738750145,60.77380757320955,87.10631945901639,8373.999101427005,0.0,0.0,0.8412113189697266,1.225624144077301,2.3702933549880982,1.225624144077301,0.9780844547875631,1.547076754645861,-0.0652261846032314,0.35023027112688165,-1.0304986834526058,-0.0073237307369709015,1.0399746894836426,2.0843560695648193,2.730979323387146,2.0916798003017902,0.9780844449996948,0.14477332635446152,0.71875,6382.0419921875,3.9316959381103516,11776.0,-0.12395912408828735,1.5278080701828003,2669.833119847469,748.1533500046597,26.907565480234325,5.027202400630646,0.3248687487742907,0.021580685542304964,0.2723415151474893,0.009631970402381096,0.6036463929107695,0.11018993338107616,0.07426267572666248,0.00526475786551591,0.07183837890625,0.052978515625,0.02947998046875,0.017822265625,0.0137939453125,0.0189208984375,0.02288818359375,0.037841796875,0.05621337890625,0.03558349609375,0.0166015625,0.0130615234375,0.01226806640625,0.0140380859375,0.0225830078125,0.0556640625,0.09014892578125,0.41827392578125,2.2119546980862954,0.05242919921875,0.04144287109375,0.0289306640625,0.02117919921875,0.01361083984375,0.01470947265625,0.01483154296875,0.0155029296875,0.01220703125,0.0321044921875,0.0101318359375,0.03106689453125,0.0137939453125,0.0228271484375,0.03466796875,0.04510498046875,0.27813720703125,0.31732177734375,2.158625351363038,11556.0,3384.343504688006,0.012678518941083326,0.3119912433647408,0.7053653177073796,153.5404912956496,145.8765141850426,0.705322265625,,,,,,,,,,,,,,,,,,,,,,,,,,,,,,,,,,,,,,,,,,,,,,,,,,,,,,,,,,,,,,,,,,,,,,,,,
1193,-1.0075572176282748,0.8608936418250939,1.861779201518123,4.783260522362219,-1.875180721282959,-1.6367377042770386,-1.1598514318466187,-0.7425759434700012,0.03236420080065727,0.8941617608070374,-0.42764132978777525,0.7916357252603892,2.5264264139681014,5.588722978870672,-0.7533659338951111,-0.7533659338951111,-0.7533659338951111,-0.7533659338951111,0.7363074421882629,0.0,0.0007112079522926251,1.0153009802571547,9.510606153760842,89.5577092857593,-0.10953745990991592,-0.10953745990991592,-0.10953745990991592,-0.10953745990991592,-0.10953745990991592,0.0,1.95820278137073,14.188124418147432,19.043120503479138,433.3851089773846,0.0,0.2612251043319702,0.4761982858181,0.6290961503982544,1.3776544451713562,0.3678710460662842,0.5799158891095431,0.6960809323577635,-0.45708518821789007,4.538908627774229,-0.09354966878890991,0.2276531457901001,0.5555123686790466,1.0323987007141113,1.1814255714416504,0.8047455549240112,0.5799158811569214,-0.7386447070076865,0.7244873046875,424.2940979003906,4.9088664054870605,11870.0,0.059466272592544556,2.2191460132598877,2098.064650977875,602.3080269673856,19.15200689968176,3.49017462347159,0.6523070527007871,0.019122226766162,0.6314767419243277,0.01192744852409896,0.6642666455825935,0.09488554758353865,0.3989051396196588,0.015128325475190963,0.0718994140625,0.0455322265625,0.0338134765625,0.02935791015625,0.0228271484375,0.02581787109375,0.02642822265625,0.035888671875,0.04583740234375,0.03961181640625,0.02392578125,0.0174560546875,0.01806640625,0.02313232421875,0.03253173828125,0.04644775390625,0.0936279296875,0.3677978515625,2.376594404937858,0.026123046875,0.01849365234375,0.0135498046875,0.00994873046875,0.0093994140625,0.0093994140625,0.00927734375,0.00958251953125,0.00738525390625,0.025634765625,0.00677490234375,0.0406494140625,0.0137939453125,0.02825927734375,0.035400390625,0.034423828125,0.49420166015625,0.20770263671875,1.8119067990026991,11693.0,3972.1963184303922,0.009312674092531406,0.14646202223398463,0.7193036417322834,155.55954016120296,153.88203179322556,0.7193036417322834,19871205,1.3.6.1.4.1.14519.5.2.1.7695.1700.151057118581779681705558534445,C:\Users\ferra\Documents\breast_cancer_nac\data\raw\ISPY1\manifest-PyHQgfru6393647793776378748\ISPY1\ISPY1_1193\12-05-1987-293523-HUP5 PROTOCOLSBREAST-45258\8.000000-post needleL-34445,post needle_L,64,True,T0,2009-09-03 00:00:00,59.6,1,1,1,1,0,1,HRposHER2neg,0,1,37,38,28,29,0,,,,,,,,,,,,,,,,,,,,,,,,,,,,,,,,,,,,,,,,,,,,,,,,,,
1196,-0.7691450257953107,1.2398033417436554,0.5668119853496846,-0.3397919539587835,-2.31270432472229,-1.7725075483322144,-0.9152392148971558,0.04380546137690544,0.979363203048706,1.8163130097091198,-0.07903339783630514,0.8751935345527002,1.5094810096617064,1.9171376696203124,-0.7277251482009888,-0.7277251482009888,-0.47828319668769836,0.38516971468925476,1.1910592317581177,1.1128948628902435,-0.10428492501436892,0.7263708293555562,7.334113938905386,53.14933034360733,-0.2052726849913597,-0.20526745915412903,-0.20526745915412903,-0.20526745915412903,-0.20524393022060394,0.0,1.7578741723697284,14.69471614267512,40.922173248696154,2168.885696305636,0.0,0.0,0.6641212105751038,1.0584062337875366,2.2747200012207047,1.0584062337875366,0.6901116274457024,1.3755652661513684,-0.03254693608281455,0.35094485934720643,-1.1061730146408082,-0.20079652220010757,0.7746843099594116,1.5862195193767548,2.2728671312332156,1.7870160415768623,0.6901116371154785,0.03659043654931655,0.66217041015625,1000.9359130859375,4.248413562774658,10849.0,-0.6634803414344788,0.44689953327178955,1939.1055826165814,569.705767226552,25.77186170796116,4.839664207710814,0.259789044316029,0.01998117977081081,0.2015509323932354,0.008971806222998896,0.6977883312003379,0.08835981739476492,0.04070327165548559,0.003645594221929339,0.064208984375,0.0506591796875,0.0279541015625,0.0203857421875,0.0189208984375,0.02105712890625,0.02691650390625,0.043701171875,0.05609130859375,0.04534912109375,0.0238037109375,0.0189208984375,0.01617431640625,0.01812744140625,0.02337646484375,0.04718017578125,0.07708740234375,0.40008544921875,2.2984628345799267,0.05718994140625,0.04510498046875,0.0291748046875,0.023681640625,0.01812744140625,0.019287109375,0.01885986328125,0.01953125,0.02020263671875,0.03125,0.013427734375,0.02655029296875,0.01776123046875,0.02362060546875,0.038330078125,0.0504150390625,0.20697021484375,0.34051513671875,2.2656580064604928,10495.0,3255.4440097513943,0.01244433937041922,0.5160093095557385,0.64056396484375,164.09820141217762,140.5637254995502,0.64056396484375,,,,,,,,,,,,,,,,,,,,,,,,,,,,,,,,,,,,,,,,,,,,,,,,,,,,,,,,,,,,,,,,,,,,,,,,,
1197,-0.5695776459468078,1.1603932263021945,1.2626605477433341,1.3330032176689262,-1.73104727268219,-1.3844122886657715,-0.8768396973609924,-0.047391507774591446,1.0296530723571777,1.33702078089118,0.3355675278849617,1.3220551496975992,1.7506599669710878,2.46424597227751,-0.7134125828742981,-0.5952314734458923,-0.09296168386936188,0.6752156615257263,2.122934579849243,1.2704471349716187,0.24699567357163144,1.6218223264983647,4.1158269290561575,15.350837676460003,-0.15638517141342162,-0.14154144376516342,-0.1415332555770874,-0.14147353917360306,-0.02735456600785249,6.790459156036377e-05,3.714498663951801,133.99283156810216,105.18462557822832,11932.088869827328,0.0,0.0076804341515526175,0.6768330037593842,1.456208497285843,3.094918346405032,1.4485280631342903,0.9051451736688705,1.7213131597427827,0.36481902308900094,1.0238335361318809,-1.0825113415718077,0.008319064974784851,0.8294986486434937,1.6747078895568848,3.0232826709747336,1.6663888245821,0.9051451683044434,0.09785365556174816,0.7071533203125,15762.0693359375,5.462283134460449,11586.0,0.5467947721481323,2.1998634338378906,3122.545819223789,1116.7823366104774,34.704800127480716,7.180541479651949,0.11538484225816237,0.021869783835170308,0.05038266169737657,0.0066021315768627995,0.6248187913181285,0.13323022754261768,0.002582000741070505,0.0007010955397587127,0.0697021484375,0.06121826171875,0.03265380859375,0.0179443359375,0.0142822265625,0.0185546875,0.01715087890625,0.02484130859375,0.02899169921875,0.02587890625,0.0152587890625,0.0133056640625,0.01483154296875,0.0191650390625,0.02618408203125,0.056884765625,0.090576171875,0.45257568359375,2.128244455072755,0.068603515625,0.0457763671875,0.0401611328125,0.03411865234375,0.02447509765625,0.0223388671875,0.02392578125,0.0262451171875,0.0252685546875,0.02789306640625,0.01904296875,0.01947021484375,0.0169677734375,0.02423095703125,0.03607177734375,0.05047607421875,0.11175537109375,0.3831787109375,2.3171675432887247,9590.0,2943.8815639108807,0.01390553823630592,0.6033570947313553,0.709476954945624,146.7287864974559,117.01197237256183,0.6749718468468469,,,,,,,,,,,,,,,,,,,,,,,,,,,,,,,,,,,,,,,,,,,,,,,,,,,,,,,,,,,,,,,,,,,,,,,,,
1198,-0.44093567743551176,1.1404553969363855,0.887030317847337,0.9882443441550928,-1.84182870388031,-1.2153949737548828,-0.5889611840248108,0.15318335592746735,1.0030584335327148,1.3685783296823502,0.11053917135768643,0.9501351928641025,2.0178045238425972,4.709485804681903,-0.574154257774353,-0.574154257774353,-0.23047685623168945,0.41391828656196594,1.3160715103149414,0.988072544336319,-0.09081334494297888,0.49791343317411524,12.656657801851999,175.02333974212775,-0.11954391002655029,-0.11954381316900253,-0.11954381316900253,-0.11954381316900253,-0.11954371631145477,0.0,2.319188095063077,25.080294210136206,70.42061255024991,6634.731129349085,0.0,0.0,0.6646678447723389,1.4020532369613647,3.1349807739257822,1.4020532369613647,0.5514748485121572,1.4977335997654975,0.20482162781132277,1.219056529923395,-1.190367877483368,-0.3438113033771515,0.5210108757019043,1.4234698116779327,2.2785868406295777,1.7672811150550842,0.5514748096466064,0.3651157825148896,0.61376953125,2546.682861328125,5.396173000335693,10056.0,0.12248469889163971,0.40559640526771545,2590.0922897498917,682.9132916341255,32.08871134364865,5.462584988433681,0.16709716499508323,0.01790908734642843,0.12785205467524804,0.006633138662129234,0.43773500859642084,0.1474238299654997,0.016390146413193654,0.0017272761454014366,0.06793212890625,0.05560302734375,0.0299072265625,0.01727294921875,0.01507568359375,0.01934814453125,0.02301025390625,0.03985595703125,0.05316162109375,0.040283203125,0.019775390625,0.01422119140625,0.01104736328125,0.01531982421875,0.0242919921875,0.05145263671875,0.08282470703125,0.41961669921875,2.224128727578717,0.0673828125,0.05218505859375,0.0355224609375,0.0264892578125,0.019287109375,0.01715087890625,0.01531982421875,0.0147705078125,0.0152587890625,0.0247802734375,0.01251220703125,0.02130126953125,0.012939453125,0.02557373046875,0.0377197265625,0.05816650390625,0.170654296875,0.37298583984375,2.223667730862108,6653.0,2227.7484835343903,0.01684593319306134,0.7921572726084418,0.7061133517299937,137.62517520946275,83.99498574555116,0.633860518292683,,,,,,,,,,,,,,,,,,,,,,,,,,,,,,,,,,,,,,,,,,,,,,,,,,,,,,,,,,,,,,,,,,,,,,,,,
1199,-1.1507696492549258,1.2947749470171062,1.1288810678185375,0.6323081105384212,-2.3486106395721436,-2.2036564350128174,-1.5755223035812378,-0.3675718903541565,0.6471067070960999,1.8360845446586609,-0.2703333040263374,0.5807350753501568,4.7740920519633745,24.82635425468529,-0.4219224154949188,-0.4219224154949188,-0.4219224154949188,-0.4219224154949188,-0.12418382614850998,0.0,-0.18730984953862362,0.3939417044374767,12.022096765766051,145.9750742015589,-0.2222231775522232,-0.2222227305173874,-0.2222227305173874,-0.2222227305173874,-0.2222222089767456,0.0,1.412955680948306,37.52471623514771,62.01146071654089,4308.592372247456,0.0,0.3260270059108734,0.8622691929340363,0.9016133546829224,0.9081712365150452,0.575586348772049,0.8804363271667626,1.1294730613175983,-1.0929016910813223,0.9385160049130392,-0.6341667175292969,0.13892146944999695,1.2019178867340088,1.7817339897155762,1.975006341934204,1.6428125202655792,0.880436360836029,-0.09429795634666902,0.75994873046875,3172.251708984375,0.9120782017707825,12451.0,0.4244828522205353,0.061070218682289124,1321.4154337204839,362.94170724570233,11.203841774611412,2.109110787570166,0.7427876904487617,0.01341935287431147,0.723457932807453,0.010026456068642716,0.5407797469158875,0.12395819685667948,0.5234919103633296,0.014602092788264529,0.06842041015625,0.054931640625,0.0357666015625,0.0218505859375,0.0211181640625,0.01959228515625,0.0218505859375,0.0308837890625,0.03814697265625,0.0340576171875,0.02349853515625,0.02117919921875,0.01812744140625,0.02130126953125,0.03118896484375,0.0458984375,0.09307861328125,0.39910888671875,2.2963582216933283,0.01922607421875,0.01751708984375,0.01141357421875,0.008056640625,0.0052490234375,0.0062255859375,0.00726318359375,0.00506591796875,0.0072021484375,0.03302001953125,0.00439453125,0.03485107421875,0.0072021484375,0.01861572265625,0.0294189453125,0.03204345703125,0.61065673828125,0.142578125,1.549992398016364,11894.0,2105.443830282645,0.03371712056378734,0.393908931057742,0.7367443012884044,155.5363347177268,142.96114011495166,0.7259521484375,19871230,1.3.6.1.4.1.14519.5.2.1.7695.1700.189705382256957802829097739483,C:\Users\ferra\Documents\breast_cancer_nac\data\raw\ISPY1\manifest-PyHQgfru6393647793776378748\ISPY1\ISPY1_1199\12-30-1987-228905-HUP5 PROTOCOLSBREAST-50260\9.000000-post needleR-39483,post needle_R,64,True,T0,2009-09-03 00:00:00,37.68,1,0,0,0,0,3,TripleNeg,0,2,78,70,65,65,0,,,,,,,,,,,,,,,,,,,,,,,,,,,,,,,,,,,,,,,,,,,,,,,,,,
12,-1.2449364812822523,1.1168278082723886,1.0877190172996822,0.22258714128196155,-2.283858060836792,-2.0507633686065674,-1.6778119802474976,-0.6055764555931091,0.5598968863487244,1.4451869130134583,0.43945443943977125,1.3052368967672576,0.9602940300144898,-0.5952147408290607,-0.5153415203094482,-0.5153415203094482,-0.5153415203094482,1.4490057229995728,2.6824331283569336,1.964347243309021,-0.10001386886931662,0.18834902580531088,2.5862116545280034,5.807880725947221,-0.1906825229525566,-0.1719791404902935,-0.17191316187381744,-0.161751389503479,0.17802567481994658,0.010227750986814499,2.3205079808295537,33.37602107138654,99.05696927637236,11196.826529980643,0.0,0.7180957049131393,0.8298766613006592,1.906103640794754,2.734760046005249,1.1880079358816147,1.6843909226106462,1.6555287338744322,0.13428087630183483,0.017098859294438107,-0.4241652399301527,0.8361378908157349,1.5354218482971191,2.6109660863876343,4.129959583282471,1.7748281955718994,1.684390902519226,0.32027480517733803,0.84051513671875,3879.625,4.604230880737305,13771.0,0.21782413125038147,9.427169799804688,3042.8248953554807,1280.4220236315841,29.197199684165607,7.635889186619685,0.41855991094234235,0.02758463337688491,0.3653280776976476,0.011578895873327718,0.7908026865826808,0.08760271568405914,0.1335986751839038,0.008441811140240231,0.06591796875,0.0469970703125,0.03582763671875,0.02667236328125,0.02166748046875,0.0211181640625,0.02520751953125,0.03460693359375,0.05517578125,0.04010009765625,0.02557373046875,0.01983642578125,0.0164794921875,0.0208740234375,0.029052734375,0.0487060546875,0.0855712890625,0.380615234375,2.349359914821982,0.0323486328125,0.0274658203125,0.0262451171875,0.01947021484375,0.017578125,0.01922607421875,0.02386474609375,0.02764892578125,0.030029296875,0.04656982421875,0.02252197265625,0.039306640625,0.01995849609375,0.027587890625,0.03009033203125,0.03082275390625,0.34368896484375,0.215576171875,2.2657287501097882,13574.0,2214.628642487245,0.034778903367921235,0.27489943769220576,0.8312308634415186,147.97624423622605,142.27516112189554,0.8284912109375,20040910,1.3.6.1.4.1.14519.5.2.1.8162.5966.314873220420625082524397488868,C:\Users\ferra\Documents\breast_cancer_nac\data\raw\ISPY1\manifest-1554746803134\QIN-BREAST-02\QIN-BREAST-02-0012\09-10-2004-NA-2065131046-16551\8201.000000-dynamicsmartTX6deg-88868,dynamic_smartTX_6deg,550,True,T0,,,,Positive,Positive,,,,,,,,,,,1,2004-08-15 00:00:00,36,Not Hispanic or Latino,White,Left,I,T1c,N0,MX,1.4,MRI,negative,Not Evaluated,Amplified,Unknown,No,NOMATCH,Invasive Ductal Carcinoma,,Intermediate,YES,,Goserelin Acetate ,2004-09-18 00:00:00,,Other,2004-09-19 00:00:00,2005-01-02 00:00:00,Other,2004-09-19 00:00:00,,Trastuzumab,2005-02-19 00:00:00,,Paclitaxel,2005-03-06 00:00:00,2005-05-22 00:00:00,Yes,No,No,,No,N0,0,Negative,2005-02-07 00:00:00,Alive with no evidence of disease,,2005-07-17 00:00:00,
1200,-1.0846394183674875,1.4135812007070938,0.42917838166141287,-0.10316030814561472,-2.813504695892334,-2.1048102378845215,-1.199256420135498,-0.17558683454990387,0.848082959651947,1.9292234033346176,-0.06019330696074121,0.9080190742999052,3.1376445505268133,9.691741143550134,-0.3942950963973999,-0.3942950963973999,-0.3942950963973999,-0.3942950963973999,0.8430605530738831,0.0,0.04733563872360946,1.3001805823683896,10.322227833483879,104.72504648901635,-0.08001065254211426,-0.08001064509153366,-0.08001064509153366,-0.08001064509153366,-0.08001062273979187,0.0,1.489126244065126,7.961930937415983,19.044361804658084,448.39578995904395,0.0,0.21195650100708008,0.7867218255996704,0.8779951930046082,1.3384509444236765,0.6660386919975281,1.024446113312706,1.4172784892921584,-0.12478304816445593,0.35633457019040327,-0.8092869520187378,0.13309669494628906,1.0805646181106567,1.960554599761963,2.7093517065048225,1.8274579048156738,1.0244461297988892,-0.10496287642735178,0.7386474609375,252.50071716308594,3.54400372505188,12102.0,-0.2792970836162567,0.8470613956451416,1940.301739589471,499.15615503169477,17.634222978514725,2.97078311179445,0.6477791765330857,0.01615106489399283,0.6273952033332733,0.01040892726751163,0.5881176512722558,0.1045031925502452,0.3937330869324595,0.013141675312290928,0.07562255859375,0.044677734375,0.0467529296875,0.03570556640625,0.02923583984375,0.0250244140625,0.02734375,0.03759765625,0.0433349609375,0.03643798828125,0.0250244140625,0.023193359375,0.02337646484375,0.0313720703125,0.039306640625,0.0401611328125,0.0838623046875,0.33197021484375,2.476572278323784,0.0260009765625,0.021728515625,0.0133056640625,0.01031494140625,0.0076904296875,0.00982666015625,0.00665283203125,0.0076904296875,0.00555419921875,0.0252685546875,0.00469970703125,0.034912109375,0.00885009765625,0.01800537109375,0.030029296875,0.03533935546875,0.5303955078125,0.2037353515625,1.6985220881515548,11949.0,4673.444189220144,0.006874914537946477,0.21403064489802978,0.7390067412950708,150.22077655479882,146.73970243489566,0.7350516732283464,19880101,1.3.6.1.4.1.14519.5.2.1.7695.1700.237491923310090989943201163402,C:\Users\ferra\Documents\breast_cancer_nac\data\raw\ISPY1\manifest-PyHQgfru6393647793776378748\ISPY1\ISPY1_1200\01-01-1988-923083-HUP5 PROTOCOLSBREAST-91699\10.000000-post needleR-63402,post needle_R,64,True,T0,2009-09-03 00:00:00,43.79,1,1,1,1,0,1,HRposHER2neg,0,2,53,60,62,17,0,,,,,,,,,,,,,,,,,,,,,,,,,,,,,,,,,,,,,,,,,,,,,,,,,,
1201,-0.9602218747239135,1.1763991264146043,0.7143929270898778,-0.2411123232216279,-2.347991943359375,-1.9613778591156006,-1.1639868021011353,-0.22161535918712616,0.6965926289558411,1.7397624999284744,-0.14957519026620503,0.9598247743274811,2.2524905906395625,5.821348398129691,-0.767961859703064,-0.767961859703064,-0.5718733668327332,0.11443636566400528,1.0458567142486572,0.8823982253670692,-0.08427946905171524,0.5850624595731583,15.858809559250695,270.16935481949895,-0.12797951698303223,-0.1279793083667755,-0.1279793083667755,-0.1279793083667755,-0.1279790848493576,0.0,2.8950849698965158,59.661603362495505,99.22755610699389,11332.662426030021,0.0,0.2616667374968529,0.6951293349266052,1.1603332161903381,2.9814488887786865,0.8986664786934853,0.8106466855216468,1.3972249101120235,-0.14260217640929362,1.2958181539573639,-1.144450533390045,0.13074925541877747,1.0730345249176025,1.5793784260749817,2.00888729095459,1.4486291706562042,0.810646653175354,-0.08054762226999768,0.7451171875,6961.009765625,4.9644951820373535,12208.0,0.05343667417764664,1.2562328577041626,1819.14841420693,533.0740665944725,24.673247600146638,4.6361395836641375,0.27673783086753434,0.021863510716026074,0.2358811653027281,0.011846134068322854,0.5696627446937353,0.12629761055576672,0.05578025503693763,0.005622451345708955,0.05426025390625,0.05340576171875,0.03515625,0.02923583984375,0.0240478515625,0.025146484375,0.03143310546875,0.04144287109375,0.0479736328125,0.03985595703125,0.0306396484375,0.0245361328125,0.0247802734375,0.0301513671875,0.03436279296875,0.044677734375,0.06793212890625,0.3609619140625,2.432788682163264,0.0531005859375,0.0487060546875,0.0286865234375,0.0208740234375,0.01678466796875,0.01739501953125,0.01654052734375,0.01513671875,0.01361083984375,0.03045654296875,0.01019287109375,0.03326416015625,0.01678466796875,0.02484130859375,0.041748046875,0.05328369140625,0.22186279296875,0.33673095703125,2.230636507749244,11961.0,2545.73629022557,0.023192658175624044,0.4823026105745205,0.73004150390625,160.64613339308775,140.72676398407157,0.73004150390625,,,,,,,,,,,,,,,,,,,,,,,,,,,,,,,,,,,,,,,,,,,,,,,,,,,,,,,,,,,,,,,,,,,,,,,,,
1202,-0.5204555015071719,1.1292685444562516,1.63740256637934,1.9814674538530888,-1.4487375020980835,-1.3469598293304443,-0.9398492574691772,-0.15955409407615662,1.1635552644729614,1.1874057352542877,-0.28903514454668766,0.8509090341180112,2.36788088751871,4.938439679561764,-0.7098878026008606,-0.7098878026008606,-0.7098878026008606,-0.280918687582016,0.8221449255943298,0.4289691150188446,0.06406864293899162,1.2238662387397037,6.605316226721386,42.30749395130926,-0.12827067077159882,-0.12827065587043762,-0.12827065587043762,-0.12827065587043762,-0.12827052175998688,0.0,3.428341967792811,35.108015766340806,22.123476101897136,554.8522015295456,0.0,0.0,0.4946068823337555,0.559536337852478,3.2942728996276895,0.559536337852478,0.23142035794762705,1.2614874484127678,-0.8660982399267838,2.0897215471894093,-1.4029037952423096,-0.028304696083068848,0.5352943539619446,0.704923689365387,1.1031877994537354,0.7332283854484558,0.2314203679561615,-1.5258044666449773,0.664306640625,1140.081787109375,7.580183982849121,10884.0,0.04868018254637718,1.1658209562301636,2405.4025756504807,699.0238875278669,23.027107076262826,4.576056168705271,0.504360159991667,0.022305260672184715,0.4602263495143503,0.011538286477744363,0.6609407567393112,0.09761249752080212,0.2119414248421473,0.010676726222945333,0.0487060546875,0.0535888671875,0.03125,0.02191162109375,0.01898193359375,0.02349853515625,0.02911376953125,0.04180908203125,0.05303955078125,0.04290771484375,0.02862548828125,0.02490234375,0.0196533203125,0.0244140625,0.03656005859375,0.0478515625,0.09130859375,0.36187744140625,2.400306739730067,0.03106689453125,0.03497314453125,0.02117919921875,0.015380859375,0.01019287109375,0.00982666015625,0.0106201171875,0.0115966796875,0.01092529296875,0.0264892578125,0.0089111328125,0.03131103515625,0.01715087890625,0.02685546875,0.034423828125,0.04302978515625,0.41192626953125,0.244140625,1.986925946240737,10516.0,2629.7301935711603,0.019109004198529234,0.4578484385179815,0.6584846587351284,160.05776444888124,142.29619631667117,0.6468996062992126,,,,,,,,,,,,,,,,,,,,,,,,,,,,,,,,,,,,,,,,,,,,,,,,,,,,,,,,,,,,,,,,,,,,,,,,,
1203,-1.150054842492409,1.6273351783280243,0.6969754185825835,-0.7039834457800032,-2.7648956775665283,-2.652937889099121,-1.5893378257751465,0.09003060311079025,1.3215672969818115,2.7429684922099113,0.019552925240077457,1.1771217459762524,2.3317551655373783,4.245011547900661,-0.5040983557701111,-0.5040983557701111,-0.5040983557701111,-0.29232528805732727,1.674139142036438,0.2117730677127838,0.1803424931433033,1.353142508683979,3.3444628221555575,9.41506985211426,-0.20774690806865692,-0.20773477852344513,-0.20773477852344513,-0.20773477852344513,-0.13528370559215522,0.0,0.7768036978524542,2.4640677881692272,39.087440666891176,1991.4007047897994,0.0,0.4031398668885231,0.8274420499801636,0.8788187503814697,0.8889651894569397,0.4756788834929466,1.1696077423910083,1.1879380219701767,-0.7794262682104187,-0.08442487968921242,-0.48217079043388367,0.2511632591485977,1.5330710411071777,2.1488394737243652,2.3167760372161865,1.8976762145757675,1.1696077585220337,-0.13747296092091627,0.770263671875,152.1483154296875,0.9029881954193115,12620.0,0.36517417430877686,0.4697493314743042,1800.5981509552591,584.0868123223959,16.835902545707214,3.4239266871329814,0.6474344488251912,0.015370609615276358,0.5842129661010552,0.01006073411062388,0.8015583895324151,0.06345602095608759,0.34140600813143746,0.011855578636437122,0.06964111328125,0.05328369140625,0.031005859375,0.02166748046875,0.017333984375,0.02020263671875,0.0233154296875,0.03375244140625,0.04315185546875,0.036376953125,0.0247802734375,0.0201416015625,0.01983642578125,0.0235595703125,0.03436279296875,0.04534912109375,0.08758544921875,0.3946533203125,2.3124780656468986,0.0235595703125,0.0162353515625,0.0140380859375,0.00970458984375,0.00933837890625,0.011474609375,0.01190185546875,0.013916015625,0.01141357421875,0.03887939453125,0.01080322265625,0.041015625,0.01226806640625,0.02490234375,0.03363037109375,0.036376953125,0.49517822265625,0.18536376953125,1.8654340667256226,12070.0,2466.4276323604686,0.02493333541958462,0.23081978765638655,0.7366943359375,158.2306744190453,153.95789537949312,0.7366943359375,19880107,1.3.6.1.4.1.14519.5.2.1.7695.1700.235354661155157110983191105698,C:\Users\ferra\Documents\breast_cancer_nac\data\raw\ISPY1\manifest-PyHQgfru6393647793776378748\ISPY1\ISPY1_1203\01-07-1988-751158-HUP5 PROTOCOLSBREAST-33337\9.000000-post needleR-05698,post needle_R,64,True,T0,2009-09-03 00:00:00,42.34,1,1,1,1,0,1,HRposHER2neg,0,2,105,99,82,87,0,,,,,,,,,,,,,,,,,,,,,,,,,,,,,,,,,,,,,,,,,,,,,,,,,,
1204,-1.4942921114561614,0.9062466674035754,0.5491496110490965,0.5866124948795077,-2.8370566368103027,-1.7134685516357422,-1.7134685516357422,-0.5898805856704712,-0.5898805856704712,1.123587965965271,-0.14870428111589717,0.5268905727456733,8.89261200051571,82.48852496439379,-0.21726997196674347,-0.21726997196674347,-0.21726997196674347,-0.21726997196674347,-0.21726997196674347,0.0,-1.3230332298317017e-10,1.2711223507672353e-13,-21.411547345496984,1319.8010605095133,-1.3230307127631846e-10,-1.3230307127631846e-10,-1.3230307127631846e-10,-1.3230307127631846e-10,-1.3230307127631846e-10,0.0,0.8373230131765013,0.5874391087481295,9.512913538258077,124.87803962755213,0.6316701769828796,0.6316701769828796,0.8731982111930847,0.8731982111930847,0.9234168529510498,0.24152803421020508,1.345587824784161,1.0388162159995264,0.7474391068707523,5.703775492778039,0.3726106286048889,0.3726106286048889,1.4961985349655151,1.4961985349655151,2.6197867393493652,1.1235879063606262,1.3455878496170044,-0.11051240550188718,0.94677734375,9.979264259338379,0.9234168529510498,15512.0,5.864568275448789e-10,0.7647355794906616,691.0479763045797,244.66485249765864,3.7288033418157305,1.0095639318145075,0.9702263087651998,0.004218466173128431,0.9639968104974995,0.0023363640228654973,0.6074464801631908,0.14318674549596894,0.9292953092461987,0.0045065229261394,0.04742431640625,0.0504150390625,0.0333251953125,0.01678466796875,0.00579833984375,0.009033203125,0.0107421875,0.0137939453125,0.011474609375,0.01580810546875,0.013671875,0.0201416015625,0.01715087890625,0.037841796875,0.03271484375,0.01806640625,0.23394775390625,0.411865234375,1.9946884726118053,0.00250244140625,0.00250244140625,0.00201416015625,0.00128173828125,0.0013427734375,0.00225830078125,0.0023193359375,0.0010986328125,0.00115966796875,0.0010986328125,0.00079345703125,0.00042724609375,6.103515625e-05,0.0003662109375,0.00018310546875,0.00018310546875,0.9737548828125,0.00665283203125,0.18538991284437972,15511.0,2004.368757857423,0.04851705289410271,0.2317002780262441,0.94671630859375,149.28445135295345,145.22200686338616,0.94671630859375,19880103,1.3.6.1.4.1.14519.5.2.1.7695.1700.274897537154198064084966377951,C:\Users\ferra\Documents\breast_cancer_nac\data\raw\ISPY1\manifest-PyHQgfru6393647793776378748\ISPY1\ISPY1_1204\01-03-1988-429897-MR BREASTUNI UE-05716\4.000000-Dynamic-3dfgre-Phase160-77951,Dynamic-3dfgre-Phase=160,180,True,T0,2009-09-03 00:00:00,39.27,1,0,0,0,0,3,TripleNeg,0,2,45,32,24,18,0,,,,,,,,,,,,,,,,,,,,,,,,,,,,,,,,,,,,,,,,,,,,,,,,,,
1207,-1.1688737661700088,0.8466176658925519,1.0573384118523266,0.8080139106192057,-1.9751720428466797,-1.844946026802063,-1.5193809270858765,-0.47757238149642944,0.04333179071545601,1.3673736453056335,-0.2348025874364339,0.16608795203223514,25.064356950877105,683.9889363151335,-0.2432626336812973,-0.2432626336812973,-0.2432626336812973,-0.2432626336812973,-0.2432626336812973,0.0,-1.5334111324368654e-07,2.9435775021099027e-09,-37.81939866328648,1616.5122558409887,-1.5326531865866855e-07,-1.5326531865866855e-07,-1.5326531865866855e-07,-1.5326531865866855e-07,-1.5326531865866855e-07,0.0,0.647276307264292,0.3506645078439417,-0.4674811934614527,3.8469031020842372,0.0,0.4906257688999176,0.839893102645874,0.8681460618972778,0.8768393993377686,0.37752029299736023,0.9340711678360094,0.8684358255224008,-0.7341641289811196,2.071740039593731,-0.286594420671463,0.23430974781513214,1.276118278503418,1.6016833782196045,1.7319093942642212,1.3673736304044724,0.9340711832046509,-0.2513750798204894,0.783935546875,3.683032512664795,0.8807699680328369,12844.0,6.871892992421635e-07,0.15561328828334808,0.0,0.0,0.0,0.0,1.0,0.0,1.0,0.0,1.0,0.0,1.0,0.0,0.08319091796875,0.0616455078125,0.03271484375,0.015625,0.01055908203125,0.01153564453125,0.01123046875,0.0147705078125,0.0205078125,0.01617431640625,0.00970458984375,0.00872802734375,0.00982666015625,0.01751708984375,0.029541015625,0.0596923828125,0.113525390625,0.4735107421875,1.9900152308656713,0.0,0.0,0.0,0.0,0.0,0.0,0.0,0.0,0.0,0.0,0.0,0.0,0.0,0.0,0.0,0.0,1.0,0.0,-9.999994999180668e-07,12637.0,2022.6143571373725,0.03881751041226879,0.21105355481141824,0.77130126953125,149.75531107366797,146.38199772607737,0.77130126953125,19871220,1.3.6.1.4.1.14519.5.2.1.7695.1700.139982700183193594298056693753,C:\Users\ferra\Documents\breast_cancer_nac\data\raw\ISPY1\manifest-PyHQgfru6393647793776378748\ISPY1\ISPY1_1207\12-20-1987-842874-MR BREASTUNI UE-91471\4.000000-Dynamic-Unilateral 3dfgre-93753,Dynamic-Unilateral 3dfgre,180,True,T0,2009-09-03 00:00:00,36.27,1,0,0,0,0,3,TripleNeg,0,2,32,22,26,0,1,,,,,,,,,,,,,,,,,,,,,,,,,,,,,,,,,,,,,,,,,,,,,,,,,,
1208,-0.756527668811259,1.2002329610094726,0.8957872474334481,0.5088150261070128,-2.152759313583374,-1.792094111442566,-0.9104686379432678,-0.10899095237255096,0.9730039238929749,1.683103159070015,-0.17605862131767935,0.8740308439350434,2.562988360353871,6.149168546521786,-0.5571829676628113,-0.5571829676628113,-0.5571829676628113,-0.363359272480011,0.9934068918228149,0.1938236951828003,-0.0073294957266192284,1.0356031377014632,7.548094596674889,56.41468138268549,-0.15250522792339324,-0.15246230363845825,-0.15246230363845825,-0.15246230363845825,-0.1522822469472885,0.0,2.30141257020081,29.267167760132264,31.837788326779076,1194.2773566921715,0.0,0.07474501244723797,0.6087586879730225,0.7892239093780518,0.8310650587081918,0.7144788969308138,0.5804690376396024,1.0526875915162577,-0.7607757141383225,2.0272385575049254,-0.5204848051071167,0.03269469738006592,0.5937290787696838,1.4352805614471436,1.6356499195098877,1.4025858640670776,0.580469012260437,-0.2906767324574498,0.6820068359375,1552.75048828125,3.4921927452087402,11174.0,0.10010569542646408,1.7135603427886963,2581.484521821755,772.4888409199033,21.322358536810956,4.3278373315529794,0.5489835207168257,0.021859455254393655,0.5133168718762973,0.014501491733033408,0.5684763555003624,0.12721133727441752,0.2637045042153502,0.015081429397326436,0.06304931640625,0.04400634765625,0.03277587890625,0.028564453125,0.0263671875,0.0252685546875,0.03009033203125,0.0477294921875,0.05584716796875,0.04931640625,0.0284423828125,0.0238037109375,0.02099609375,0.0242919921875,0.03411865234375,0.0399169921875,0.08258056640625,0.34283447265625,2.45269259832415,0.02886962890625,0.023681640625,0.021728515625,0.01373291015625,0.0123291015625,0.015380859375,0.01324462890625,0.013427734375,0.01287841796875,0.0308837890625,0.00830078125,0.03546142578125,0.01165771484375,0.025634765625,0.03485107421875,0.03759765625,0.4166259765625,0.24371337890625,1.9832496310876648,10171.0,3161.1576464628797,0.01279031407975887,0.5759409142287022,0.7013031786526925,153.64456141924438,125.60309579925813,0.6256766732283464,19880123,1.3.6.1.4.1.14519.5.2.1.7695.1700.129604314268003831955853784843,C:\Users\ferra\Documents\breast_cancer_nac\data\raw\ISPY1\manifest-PyHQgfru6393647793776378748\ISPY1\ISPY1_1208\01-23-1988-237399-HUP5 PROTOCOLSBREAST-70458\9.000000-post needleR-84843,post needle_R,64,True,T0,2009-09-03 00:00:00,42.07,1,0,0,0,0,3,TripleNeg,0,2,166,119,,0,1,,,,,,,,,,,,,,,,,,,,,,,,,,,,,,,,,,,,,,,,,,,,,,,,,,
1209,-1.316879831755955,1.3786214548669984,0.6533070982126894,-0.7234274053152627,-2.7459781169891357,-2.6140737533569336,-1.690743088722229,-0.1518586426973343,0.6835358142852783,2.4622151106595993,0.12241923578312708,1.0806413149439478,1.2895735944496782,0.730652029195503,-0.6574686169624329,-0.6574686169624329,-0.6142387986183167,0.7475012540817261,1.785017490386963,1.404969871044159,0.06369357680681009,1.1897376721742174,5.82726094550692,32.93474595509783,-0.143871445953846,-0.14338715374469757,-0.14338715374469757,-0.1433870941400528,-0.1405493438243866,5.960464477539063e-08,1.844916426901662,11.091994243262826,27.028326100833475,1026.6385691666246,0.0,0.34765731543302536,0.7990785241127014,1.3021964728832245,2.2228311300277714,0.9545391574501991,1.43929907986535,1.7170771433550847,-0.024309999823379825,-0.18019114578873596,-0.94529128074646,0.2456931136548519,1.6927964687347412,2.2584757804870605,3.6518502950668355,2.0127826668322086,1.4392991065979004,0.04080153597549495,0.75543212890625,634.4755859375,4.129418849945068,12377.0,0.19840773940086365,0.9304811954498291,2731.2155159288254,761.0681303165817,28.081980343958794,5.0527008709516705,0.41734072681246454,0.01535632485112508,0.3823587890236874,0.006837283684956616,0.6882587895384518,0.08655487129385013,0.1462449919918493,0.0052380111920214715,0.065185546875,0.05670166015625,0.0262451171875,0.015380859375,0.0135498046875,0.01593017578125,0.02337646484375,0.03448486328125,0.053955078125,0.0345458984375,0.017333984375,0.01373291015625,0.01104736328125,0.014404296875,0.02056884765625,0.04986572265625,0.10235595703125,0.43133544921875,2.167823382791243,0.0447998046875,0.033203125,0.02703857421875,0.0157470703125,0.01251220703125,0.013427734375,0.01580810546875,0.015380859375,0.0166015625,0.0394287109375,0.011474609375,0.0364990234375,0.0142822265625,0.020751953125,0.03155517578125,0.03460693359375,0.3656005859375,0.25128173828125,2.1067379032910267,12233.0,2388.9078631008238,0.026936678317806568,0.46966593817033764,0.74664306640625,155.17292355040445,136.99351775487847,0.74664306640625,,,,,,,,,,,,,,,,,,,,,,,,,,,,,,,,,,,,,,,,,,,,,,,,,,,,,,,,,,,,,,,,,,,,,,,,,
1210,-1.1374980013323466,1.3056247478716851,0.7911536364966277,-0.26432391438354497,-2.4758574962615967,-2.3043510913848877,-1.4896962642669678,-0.20339888334274292,0.7398858070373535,2.1009522080421448,-0.07025863534522614,1.0338229948606483,2.768822150536115,6.667236654072486,-0.4925000071525574,-0.4925000071525574,-0.4925000071525574,-0.36527004837989807,0.9918497800827026,0.1272299587726593,0.10463076121918125,1.2492020337194019,4.126301650108996,15.548675717587845,-0.197649285197258,-0.19764894247055054,-0.19764894247055054,-0.19764894247055054,-0.19696408212184907,0.0,1.449382842163061,22.14160049800461,94.11358027126504,10300.242873543288,0.0,0.5115328878164291,0.8148128986358643,0.8655152320861816,0.8774940967559814,0.3539823442697525,1.0672393414376984,1.1023015043606303,-0.7089342808741603,0.6901123035961478,-0.3324442505836487,0.3111709952354431,1.2973322868347168,1.89760422706604,2.0685040712356573,1.586433231830597,1.0672392845153809,-0.1638706888587905,0.79345703125,2515.448486328125,1.7490767240524292,13000.0,0.22038820385932922,1.484590768814087,1380.4026165381413,482.560910823647,13.600654754352382,2.9200823382482994,0.6442552027927336,0.019951019620645633,0.5818703430434301,0.011839300412478578,0.8214858494000921,0.061474808926966266,0.33871326514773586,0.01390662990052237,0.068603515625,0.0518798828125,0.03265380859375,0.0225830078125,0.01800537109375,0.02056884765625,0.0267333984375,0.03228759765625,0.04571533203125,0.03924560546875,0.0228271484375,0.01751708984375,0.0157470703125,0.02374267578125,0.03289794921875,0.04534912109375,0.0916748046875,0.3919677734375,2.312727141116967,0.025390625,0.01788330078125,0.013671875,0.01080322265625,0.00732421875,0.008544921875,0.010009765625,0.0137939453125,0.01104736328125,0.0323486328125,0.0086669921875,0.03302001953125,0.0096435546875,0.02618408203125,0.02587890625,0.0318603515625,0.520263671875,0.19366455078125,1.771619528262584,12795.0,2406.8002153624993,0.027756843125002362,0.24533729749853433,0.7870939960629921,152.3045140302744,147.64975005698562,0.7870939960629921,19880210,1.3.6.1.4.1.14519.5.2.1.7695.1700.225366393266023386982476475457,C:\Users\ferra\Documents\breast_cancer_nac\data\raw\ISPY1\manifest-PyHQgfru6393647793776378748\ISPY1\ISPY1_1210\02-10-1988-692727-HUP5 PROTOCOLSBREAST-87049\8.000000-post needleR-75457,post needle_R,64,True,T0,2009-09-03 00:00:00,40.58,1,1,1,1,0,1,HRposHER2neg,0,2,83,66,37,10,0,,,,,,,,,,,,,,,,,,,,,,,,,,,,,,,,,,,,,,,,,,,,,,,,,,
1213,-0.5572601893297815,1.4607981650380395,0.29779804959322215,-1.1315697364177102,-2.3227651119232178,-2.103292465209961,-0.5816154479980469,0.5450105667114258,1.7374788522720337,2.6483030319213867,-0.06613297711498944,1.5087298948108518,0.027905380554038454,-1.553263088040167,-1.9871357679367065,-1.6957343816757202,-0.03551437333226204,1.4138232469558716,1.9736204147338867,3.109557628631592,-0.06613297711498944,1.5087298948108518,0.027905380554038454,-1.553263088040167,-1.9871357679367065,-1.6957343816757202,-0.03551437333226204,1.4138232469558716,1.9736204147338867,3.109557628631592,0.7531090316988411,0.43119839757437006,-1.1739910263485633,-0.6217450340277697,0.0,0.999893069267273,0.9999972581863403,0.9999988675117493,0.9999994039535522,0.00010579824447631836,0.4911272115512588,0.8374835702495029,0.5863686354826969,1.1301690339058323,-0.4525432646274565,0.009353160858154297,0.37115001678466797,0.9018682837486267,1.628854835033417,0.8925151228904724,0.49112722277641296,0.0,0.75311279296875,0.9999997615814209,0.9999995231628418,12339.0,1.0000007152557373,2.2978854179382324,847.569934392471,398.4874553019423,17.27420397801356,4.31345136402597,0.20778376042036442,0.022668093114459536,0.1339045908143356,0.007415766430496347,0.9527149972438979,0.022306580756555776,0.017985433032906322,0.001994393667508532,0.0634765625,0.03790283203125,0.03668212890625,0.031494140625,0.027099609375,0.02874755859375,0.03363037109375,0.0435791015625,0.0509033203125,0.04656982421875,0.0328369140625,0.03143310546875,0.02545166015625,0.02972412109375,0.037109375,0.034912109375,0.09356689453125,0.31488037109375,2.517797210278564,0.05621337890625,0.03729248046875,0.0328369140625,0.02630615234375,0.021728515625,0.025634765625,0.03253173828125,0.03961181640625,0.042724609375,0.04443359375,0.031005859375,0.034912109375,0.02606201171875,0.0308837890625,0.03472900390625,0.039306640625,0.14483642578125,0.2989501953125,2.493858562777347,8787.0,1395.9818895055196,0.05666187246462287,0.7997217888676121,0.8512885099786863,149.08195938887832,89.50445061980106,0.7982376453488372,19880206,1.3.6.1.4.1.14519.5.2.1.7695.1700.223543889666501048992998469047,C:\Users\ferra\Documents\breast_cancer_nac\data\raw\ISPY1\manifest-PyHQgfru6393647793776378748\ISPY1\ISPY1_1213\02-06-1988-392311-MR BREAST BILAT W OR WO SCCA-89916\6.000000-Ax Vibrant Post-69047,Ax Vibrant Post,140,True,T0,2009-09-03 00:00:00,38.05,4,1,1,1,1,2,HER2pos,0,1,37,34,31,0,0,,,,,,,,,,,,,,,,,,,,,,,,,,,,,,,,,,,,,,,,,,,,,,,,,,
1214,-1.1766937211526738,0.8705614797052078,2.4580558425257912,5.880417243057908,-1.8046852350234985,-1.7087368965148926,-1.5168403387069702,-1.0370991230010986,-0.36546120047569275,0.671637773513794,0.019965521826634358,1.0588853551245636,4.337374283893316,17.24286785937007,-0.2259473353624344,-0.2259473353624344,-0.2259473353624344,-0.2259473353624344,-0.2259473353624344,0.0,2.463831935049157e-10,2.5508735949312008e-09,2.5050931759219557,6.956652473606626,-1.4527879732550977e-10,-1.3013709554421382e-10,-1.3013709554421382e-10,-1.3013709554421382e-10,-1.151683498568088e-10,0.0,1.1082308482837107,5.4730421351023155,42.32849071625419,2015.5334764747606,0.3817463517189026,0.7821345329284668,0.851040244102478,0.8677688837051392,0.8747990727424622,0.08563435077667236,1.196659216284388,1.3922342112776505,1.336768788340758,6.81322828058509,0.13951386511325836,0.8111518025398254,1.2908929586410522,1.4827895164489746,1.5787378549575806,0.6716377139091492,1.1966592073440552,0.016684351595365427,0.9066162109375,273.6236877441406,1.9471697807312012,14854.0,-3.9472636270687644e-10,0.95116126537323,1854.8235166075722,595.2640822373237,9.090777178191276,2.404258319113937,0.9379789611532717,0.009386276016837064,0.9144773840986368,0.004869099983165435,0.6467014049818685,0.11453970452504014,0.8362925941625315,0.008918649243503671,0.05889892578125,0.05255126953125,0.02593994140625,0.0164794921875,0.012939453125,0.01495361328125,0.01568603515625,0.024658203125,0.033203125,0.02978515625,0.0147705078125,0.01129150390625,0.011474609375,0.01611328125,0.0301513671875,0.05975341796875,0.1370849609375,0.43426513671875,2.1165105774458723,0.00347900390625,0.00360107421875,0.0037841796875,0.003662109375,0.0020751953125,0.00323486328125,0.0037841796875,0.00396728515625,0.00262451171875,0.00250244140625,0.00238037109375,0.002685546875,0.00128173828125,0.00115966796875,0.00115966796875,0.00091552734375,0.93890380859375,0.018798828125,0.38137520025443356,14846.0,1622.3595231414336,0.07088022955719728,0.32812283703878375,0.9096813725490196,149.56212566599586,141.2816281247723,0.9061279296875,19880218,1.3.6.1.4.1.14519.5.2.1.7695.1700.250079787545834883732359926047,C:\Users\ferra\Documents\breast_cancer_nac\data\raw\ISPY1\manifest-PyHQgfru6393647793776378748\ISPY1\ISPY1_1214\02-18-1988-554889-MR BREAST UNI U-69467\3.000000-Dynamic-3dfgre-Phase160-26047,Dynamic-3dfgre-Phase=160,180,True,T0,2009-09-03 00:00:00,47.02,3,1,1,1,1,2,HER2pos,0,2,84,47,42,38,1,,,,,,,,,,,,,,,,,,,,,,,,,,,,,,,,,,,,,,,,,,,,,,,,,,
1216,-1.1670115748215721,0.4648735808930621,2.4292475373229534,6.992743940856355,-1.4494917392730713,-1.4494917392730713,-1.3750731945037842,-1.077399730682373,-0.4820527136325836,0.37209200859069824,0.41026954908556945,0.9876864874689332,1.9917899266949752,4.4740615639777,-0.36335065960884094,-0.36335065960884094,0.6978066563606262,0.6978066563606262,0.6978066563606262,1.0611573159694672,-0.061749365768548614,0.8552539220096014,2.616474412779622,5.764177572187007,-0.43532243371009827,-0.43532243371009827,-0.40237173438072205,-0.3364703953266144,1.0474580526351929,0.09885203838348389,2.3195959837792657,17.132708799129443,52.36983243334647,3362.49949413464,0.21950131058692937,1.0401151180267334,1.5993108749389648,2.131052255630493,2.2247543334960938,1.0909371376037598,1.5772811063761765,1.1087243220635943,0.628040598020287,2.005339228723125,0.26753881573677063,0.9373042583465576,1.9984614849090576,2.1472983360290527,2.1472983360290527,1.2099940776824951,1.57728111743927,0.2992609199803414,0.884033203125,1294.5872802734375,3.1131367683410645,14484.0,-0.2945053279399872,1.6198984384536743,996.4078484572683,399.40109725150666,7.0639275240157176,1.998584356267281,0.9229403959924953,0.01202504734283761,0.6303669561712765,0.005106141178744644,0.8571204803156918,0.05693908855273777,0.3973885721103771,0.006425465633964985,0.06134033203125,0.04571533203125,0.0277099609375,0.0206298828125,0.01220703125,0.0164794921875,0.01556396484375,0.02044677734375,0.02337646484375,0.02294921875,0.01251220703125,0.01544189453125,0.01580810546875,0.0308837890625,0.04986572265625,0.0501708984375,0.1807861328125,0.37811279296875,2.200657302375416,0.00213623046875,0.00274658203125,0.00299072265625,0.00311279296875,0.0018310546875,0.004150390625,0.0042724609375,0.00421142578125,0.0050048828125,0.02703857421875,0.00372314453125,0.02655029296875,0.00225830078125,0.00433349609375,0.00439453125,0.002197265625,0.86865234375,0.0303955078125,0.6897591141829646,14388.0,1292.1219330881975,0.10829372593711768,0.25204318189670055,0.878173828125,152.79303472931213,147.8602626437953,0.878173828125,19880225,1.3.6.1.4.1.14519.5.2.1.7695.1700.805636408695529908803681530903,C:\Users\ferra\Documents\breast_cancer_nac\data\raw\ISPY1\manifest-PyHQgfru6393647793776378748\ISPY1\ISPY1_1216\02-25-1988-302637-MR BREAS UNIT-11467\4.000000-Dynamic-Unilateral 3dfgre-30903,Dynamic-Unilateral 3dfgre,180,True,T0,2009-09-03 00:00:00,34.43,1,0,0,0,0,3,TripleNeg,0,2,55,45,44,0,1,,,,,,,,,,,,,,,,,,,,,,,,,,,,,,,,,,,,,,,,,,,,,,,,,,
1217,-0.7397687732878211,1.5210611892347095,0.46215817480038107,-0.9852942694063969,-2.485440254211426,-2.237935781478882,-0.9227650165557861,0.42152392864227295,1.557132601737976,2.659459710121155,0.2377224211020348,1.1688792201541387,1.4431464811452004,0.9172079540442195,-0.5131738781929016,-0.5131738781929016,-0.5131738781929016,0.7646068334579468,2.2198569774627686,1.2777807116508484,0.021371280112390423,1.1310237622037644,3.3029630177290863,18.62090386900678,-0.0672847606241703,-0.0669451504945755,-0.0669451504945755,-0.0669451504945755,-0.06651748716831207,0.0,2.3011380141874547,26.189122230278823,38.86498564641063,1712.591340826225,0.0,0.0,0.7711154222488403,1.1423427760601044,2.7126386880874658,1.1423427760601044,0.9774912067640571,1.836603774029015,-0.08552634380533831,-0.1170167512774496,-1.6230860233306883,-0.25367746502161026,1.2655808329582214,2.020796775817871,3.1519844055175783,2.2744742408394814,0.9774911999702454,0.22133283689694191,0.66253662109375,1406.03955078125,5.005210876464844,10855.0,0.07255180925130844,1.4459062814712524,3670.16371935286,1120.1007174199292,33.665409040730005,6.531073174655861,0.4181286565612902,0.018898219254453934,0.3847657077902045,0.00799452318664704,0.6392240960978041,0.10945931596464424,0.1481085622922789,0.006165376360294747,0.06622314453125,0.0604248046875,0.02655029296875,0.0140380859375,0.0115966796875,0.01593017578125,0.024169921875,0.0377197265625,0.05462646484375,0.03619384765625,0.0201416015625,0.014404296875,0.01220703125,0.01519775390625,0.0235595703125,0.0496826171875,0.086181640625,0.43115234375,2.1843122966747512,0.04241943359375,0.03118896484375,0.02691650390625,0.021240234375,0.01422119140625,0.01629638671875,0.01470947265625,0.01654052734375,0.0172119140625,0.03851318359375,0.01385498046875,0.0361328125,0.01519775390625,0.02276611328125,0.03204345703125,0.036865234375,0.3677978515625,0.236083984375,2.1437483538092095,10653.0,3106.33026535866,0.01387351585674048,0.47015194955560635,0.6505648854961832,157.02834838082617,138.59094154787388,0.65020751953125,,,,,,,,,,,,,,,,,,,,,,,,,,,,,,,,,,,,,,,,,,,,,,,,,,,,,,,,,,,,,,,,,,,,,,,,,
1218,-0.7119135868886133,1.5326463876733876,0.20777665533865086,-1.1911166959805444,-2.7088699340820312,-2.0708811283111572,-0.8930553793907166,0.628303050994873,1.4625961780548096,2.6991841793060303,-0.2685175222973726,0.6370244266394589,3.3397023106060875,14.838662163306232,-0.6518682241439819,-0.6118795871734619,-0.5319022536277771,-0.13201572000980377,0.3878368139266968,0.47986386716365814,-0.15472565181221398,0.40232314027405053,15.625992242365161,252.91073070457693,-0.18294380605220795,-0.18294380605220795,-0.18294380605220795,-0.18294380605220795,-0.18294380605220795,0.0,0.7681782425869272,2.3387958421799993,23.705721268780167,814.4776463158934,0.0,0.0,0.7034152746200562,0.8452222347259521,1.4351930618286133,0.8452222347259521,0.4433960653045119,1.6384190466290456,-0.11723932597655372,-0.7162770797436284,-1.8794378757476804,-0.9407299160957336,0.6683357954025269,1.8516101837158203,2.2442188262939453,2.792340099811554,0.44339603185653687,-0.25663651291073025,0.581787109375,107.24999237060547,2.049030065536499,9532.0,0.4346192181110382,-0.2567083239555359,1903.5273150031717,604.8589881099803,25.33295384883787,5.436144696365459,0.23388224716836503,0.03644844270275243,0.19338742780813167,0.021049343035237516,0.44808077418677517,0.17975840928285636,0.03784177207646044,0.008785517347370672,0.04962158203125,0.05645751953125,0.03521728515625,0.02716064453125,0.021728515625,0.0247802734375,0.031005859375,0.04052734375,0.04736328125,0.0389404296875,0.02740478515625,0.0235595703125,0.0240478515625,0.02685546875,0.03033447265625,0.047607421875,0.07476806640625,0.37261962890625,2.396776028235001,0.05438232421875,0.0628662109375,0.03143310546875,0.02130126953125,0.01470947265625,0.01214599609375,0.0128173828125,0.01409912109375,0.012939453125,0.02252197265625,0.008544921875,0.02398681640625,0.0172119140625,0.0250244140625,0.03668212890625,0.06549072265625,0.19525146484375,0.36859130859375,2.1752194989998674,8780.0,1779.1828996322963,0.0348548476197593,0.7738360913076349,0.686098304290068,160.12280745386715,101.41952920122992,0.535888671875,,,,,,,,,,,,,,,,,,,,,,,,,,,,,,,,,,,,,,,,,,,,,,,,,,,,,,,,,,,,,,,,,,,,,,,,,
1219,-1.4809180163711062,1.3067695293963524,0.9432361503906956,-0.21357651783944798,-2.6807239055633545,-2.60384202003479,-1.9426578283309937,-0.5741604566574097,0.5483149290084839,2.0296815633773804,-0.294882099101585,0.7406106807028227,3.2352395828053306,9.565871620755717,-0.5415112972259521,-0.5415112972259521,-0.5415112972259521,-0.5415112972259521,0.3668678104877472,0.0,-0.08315961950182116,0.757030114030359,7.085343462946483,50.381760285882166,-0.1971522718667984,-0.1971522718667984,-0.1971522718667984,-0.1971522718667984,-0.1971522569656372,0.0,0.7400665060453875,1.9879718382739533,54.133468715049474,3970.8146482441734,0.0,0.5185725092887878,0.8172084093093872,0.8578239679336548,0.8621981143951416,0.33925145864486694,1.1860359177328519,0.9927178390847695,-0.7821821388000517,-0.5636692071592107,-0.3967077642679207,0.4785640239715576,1.4934048652648926,2.062330722808838,2.1392126083374023,1.5837666988372803,1.1860358715057373,-0.1785125349428769,0.79095458984375,172.9460906982422,0.8655083179473877,12959.0,0.18120598793029785,-0.0665031373500824,1540.8875548583594,522.546191224549,12.141338660006474,2.7645106677384343,0.7837895143623035,0.017174625728692175,0.7450345599550244,0.00934592340042641,0.7586990056019776,0.08051957640423392,0.5551638418115833,0.014006885318230062,0.065673828125,0.0455322265625,0.035400390625,0.02783203125,0.02178955078125,0.0228271484375,0.02569580078125,0.04412841796875,0.05682373046875,0.04217529296875,0.02740478515625,0.02215576171875,0.021484375,0.02392578125,0.03289794921875,0.0450439453125,0.08697509765625,0.35223388671875,2.4220818850739696,0.01312255859375,0.01123046875,0.0098876953125,0.00750732421875,0.00518798828125,0.0069580078125,0.00750732421875,0.0068359375,0.00689697265625,0.0283203125,0.0048828125,0.02899169921875,0.0069580078125,0.0245361328125,0.01824951171875,0.01495361328125,0.677978515625,0.1199951171875,1.365566820133085,12109.0,1577.9036790187179,0.061116315711005946,0.3419270541804972,0.7448941929133859,165.4952806153693,155.52030036282702,0.7448941929133859,19880508,1.3.6.1.4.1.14519.5.2.1.7695.1700.148784266855040208894277187963,C:\Users\ferra\Documents\breast_cancer_nac\data\raw\ISPY1\manifest-PyHQgfru6393647793776378748\ISPY1\ISPY1_1219\05-08-1988-136369-HUP5 PROTOCOLSBREAST-81909\10.000000-post needleL-87963,post needle_L,64,True,T0,2009-09-03 00:00:00,45.98,1,1,1,1,0,1,HRposHER2neg,0,1,53,49,40,,0,,,,,,,,,,,,,,,,,,,,,,,,,,,,,,,,,,,,,,,,,,,,,,,,,,
1220,-0.6033704965631159,1.1908847439998738,1.2586418713048007,1.227718206091728,-1.8151007890701294,-1.574416160583496,-0.8523623943328857,-0.07013751566410065,0.9527722001075745,1.5042786449193954,0.28445475680109666,1.4465011608803116,2.4635109900599517,4.307071707127405,-0.24864234030246735,-0.24864234030246735,-0.24864234030246735,-0.24864234030246735,2.8967995643615723,0.0,0.4308080624380146,1.7356190607123094,2.16153787924206,2.8443126236459655,-0.6915083765983556,-0.18759478628635406,-0.18759450316429138,-0.1875663436949253,4.990355014801025,2.8442591428756714e-05,2.905612219366749,45.79178029913196,36.14590019325539,1482.2068052198354,0.0,0.024531282018870115,0.922241747379303,0.9578226953744888,1.1109947323799136,0.9332914133556187,0.8878252565273215,1.7497781316688845,0.7252403840548048,1.9133447674928021,-0.8695701956748962,0.0020085126161575317,0.8444046974182129,1.5062873363494873,2.4465468645095934,1.5042788237333298,0.8878252506256104,-0.16484453380716155,0.699951171875,2641.636474609375,3.0735130310058594,11468.0,-0.38630327582359314,2.3669586181640625,2382.206280223872,979.2095792761066,14.245025276258216,4.260745882542909,0.8253170431589364,0.022601473131790357,0.7392731697765899,0.008830712694195176,0.7817327343007947,0.08911569271327939,0.546602801038214,0.01304749731023509,0.0576171875,0.04742431640625,0.03265380859375,0.025634765625,0.02130126953125,0.02337646484375,0.02581787109375,0.03558349609375,0.04632568359375,0.03631591796875,0.02099609375,0.0166015625,0.01629638671875,0.01788330078125,0.03033447265625,0.05462646484375,0.095458984375,0.395751953125,2.3044103884860574,0.00921630859375,0.00714111328125,0.0086669921875,0.00543212890625,0.00238037109375,0.00732421875,0.0093994140625,0.01068115234375,0.01123046875,0.036376953125,0.0079345703125,0.03863525390625,0.01190185546875,0.01483154296875,0.0186767578125,0.01898193359375,0.70916748046875,0.072021484375,1.323707028361727,11050.0,2292.1139238614837,0.02643015702323433,0.12643444817552651,0.6987921330550813,146.03469533907727,144.86276173356583,0.6744384765625,19880403,1.3.6.1.4.1.14519.5.2.1.7695.1700.249275959363333352528547322339,C:\Users\ferra\Documents\breast_cancer_nac\data\raw\ISPY1\manifest-PyHQgfru6393647793776378748\ISPY1\ISPY1_1220\04-03-1988-059214-MR BREAS UNIT-43278\6.000000-Dynamic-3dfgre-Phase160-22339,Dynamic-3dfgre-Phase=160,180,True,T0,2009-09-03 00:00:00,43.12,1,0,0,0,0,3,TripleNeg,0,2,79,72,17,0,1,,,,,,,,,,,,,,,,,,,,,,,,,,,,,,,,,,,,,,,,,,,,,,,,,,
1221,-0.997516595764921,1.0508743737158062,1.3234646830664965,1.9020123752894715,-2.0701711177825928,-1.908828854560852,-1.1666542291641235,-0.5212849974632263,0.349963515996933,1.3875438570976257,-0.15209944464868386,0.9252114122922811,2.6718847806358643,6.118705853052884,-0.52776038646698,-0.52776038646698,-0.52776038646698,-0.4508307874202728,0.9082586169242859,0.07692959904670715,-0.08355216762460316,0.8462529101047239,4.212040676278296,16.30603438450592,-0.2894162476062775,-0.2871156632900238,-0.2871156334877014,-0.28711429238319397,-0.2401039451360702,1.3709068298339844e-06,2.192826043730335,22.16866781922109,31.62480840507071,1248.1797694678578,0.0,0.590677797794342,0.7943121790885925,0.862549901008606,0.8741478323936462,0.2718721032142639,0.8454171511268669,0.965484915144221,-0.6684028621108917,2.625018231247167,-0.10302347242832169,0.34847772121429443,0.864773154258728,1.4778739213943481,1.6069477796554565,1.1293962001800537,0.8454171419143677,-0.08108089990389201,0.83953857421875,1266.0604248046875,2.6527533531188965,13755.0,0.4622402787208557,3.221050262451172,2683.958790730854,856.5582721601778,19.806330755501833,4.419625520729528,0.6161322164587634,0.02229768265555804,0.5643088295071499,0.010308551214506528,0.6500287913333171,0.11009270866639927,0.31855072128787165,0.011654390387820703,0.05487060546875,0.04888916015625,0.0306396484375,0.0244140625,0.02032470703125,0.026611328125,0.02960205078125,0.04498291015625,0.061767578125,0.04827880859375,0.0325927734375,0.02618408203125,0.02191162109375,0.02630615234375,0.02978515625,0.0389404296875,0.08270263671875,0.3511962890625,2.4330153724713277,0.0223388671875,0.01873779296875,0.01763916015625,0.01300048828125,0.00982666015625,0.013427734375,0.01568603515625,0.01470947265625,0.01409912109375,0.04290771484375,0.0096435546875,0.04046630859375,0.010498046875,0.01666259765625,0.02581787109375,0.024169921875,0.51611328125,0.17425537109375,1.8336662746645187,13675.0,2799.0804819966042,0.021933423648302686,0.3613363776661915,0.83465576171875,156.13068705190435,145.5818003130067,0.83465576171875,19880416,1.3.6.1.4.1.14519.5.2.1.7695.1700.120019410384623685858393630269,C:\Users\ferra\Documents\breast_cancer_nac\data\raw\ISPY1\manifest-PyHQgfru6393647793776378748\ISPY1\ISPY1_1221\04-16-1988-120089-HUP5 PROTOCOLSBREAST-90729\9.000000-post needleL-30269,post needle_L,64,True,T0,2009-09-03 00:00:00,52.54,1,1,0,1,1,2,HER2pos,0,1,117,100,114,114,0,,,,,,,,,,,,,,,,,,,,,,,,,,,,,,,,,,,,,,,,,,,,,,,,,,
1222,-1.0088302927041468,0.7412986830204962,1.9459666906417405,3.9660687614335055,-1.5352731943130493,-1.4644566774368286,-1.3228236436843872,-0.756291389465332,0.02269040234386921,0.7081652879714966,-0.015833529655992606,0.9592838869425538,4.113389923130155,15.803814377501102,-0.2586042582988739,-0.2586042582988739,-0.2586042582988739,-0.2586042582988739,-0.2586042582988739,0.0,-0.2885466659121221,0.7919578737141729,1.8208159577716685,2.656008940648034,-0.8398458361625671,-0.7915987968444824,-0.6468574404716492,-0.06789209693670273,0.8488029837608337,0.7237066999077797,1.9220327046663535,4.526558437648123,20.49096849107176,825.3824808270244,0.0,0.5354628711938858,1.5618691444396973,1.9305627346038818,2.766663074493408,1.395099863409996,0.9929967411057987,1.2510459444528155,1.6351016487754244,6.500300693953822,-0.28129467368125916,0.49768713116645813,1.1350358724594116,1.276668906211853,1.3474854230880737,0.7789817750453949,0.9929967522621155,0.27463619543023726,0.8060302734375,262.7264709472656,5.537722587585449,13206.0,1.0434025526046753,0.6415442824363708,1257.1406568933178,478.30989984371365,7.80002540756588,2.074233345507481,0.9252431508197074,0.007995531489558203,0.9043285710370403,0.004824883418008766,0.7559651870343745,0.09151648271503629,0.8178334438938927,0.00871904431593469,0.0631103515625,0.06231689453125,0.023681640625,0.0152587890625,0.01025390625,0.01324462890625,0.0208740234375,0.02911376953125,0.03900146484375,0.02679443359375,0.013671875,0.01214599609375,0.01116943359375,0.01751708984375,0.02783203125,0.04681396484375,0.13323974609375,0.4339599609375,2.1183944388024556,0.00506591796875,0.00274658203125,0.00299072265625,0.00311279296875,0.002197265625,0.00299072265625,0.00421142578125,0.00384521484375,0.00323486328125,0.003662109375,0.00372314453125,0.00274658203125,0.00140380859375,0.00201416015625,0.0023193359375,0.001953125,0.9251708984375,0.026611328125,0.4461076240656326,13045.0,2266.14841174689,0.03192105599446337,0.3149816438597642,0.79620361328125,152.9878584056583,145.20043420313357,0.79620361328125,19880416,1.3.6.1.4.1.14519.5.2.1.7695.1700.928598444365934831877564094931,C:\Users\ferra\Documents\breast_cancer_nac\data\raw\ISPY1\manifest-PyHQgfru6393647793776378748\ISPY1\ISPY1_1222\04-16-1988-197516-MR BREAST UNI U-11292\3.000000-Dynamic-Unilateral 3dfgre-94931,Dynamic-Unilateral 3dfgre,180,True,T0,2009-09-03 00:00:00,55.52,1,0,0,0,1,2,HER2pos,0,1,56,61,67,0,0,,,,,,,,,,,,,,,,,,,,,,,,,,,,,,,,,,,,,,,,,,,,,,,,,,
1223,-0.5982519864083997,1.265550223808649,1.1704111781549211,0.48368672051854267,-1.7839851379394531,-1.6207770109176636,-0.9679441452026367,0.011304954998195171,1.4801788330078125,1.6320819659158587,0.0,0.0,,,0.0,0.0,0.0,0.0,0.0,0.0,1.7023313795283006e-17,1.3006553309357653e-15,5.381617594112911,28.55889152529192,-1.6256032654066898e-16,-1.6256032654066898e-16,-1.6256032654066898e-16,-1.6256032654066898e-16,-1.6256032654066898e-16,0.0,0.74841197427304,0.4339243936225063,-1.1449585254304826,-0.6890699748833411,0.0,0.0,0.999998927116394,0.9999994039535522,0.999999463558197,0.9999994039535522,0.5982519864083997,1.265550223808649,-1.1704111781549211,0.48368672051854267,-1.4801788330078125,-0.011304954998195171,0.9679441452026367,1.6207770109176636,1.7839851379394531,1.6320819659158587,0.5982519388198853,-2.845507239430743e-17,0.7484130859375,0.9999995231628418,0.999999463558197,12262.0,1.702332719233368e-11,0.4968264698982239,0.0,0.0,0.0,0.0,1.0,0.0,1.0,0.0,1.0,0.0,1.0,0.0,0.06256103515625,0.052001953125,0.0325927734375,0.02294921875,0.01739501953125,0.01898193359375,0.0242919921875,0.033935546875,0.0419921875,0.02923583984375,0.01702880859375,0.0135498046875,0.01519775390625,0.01739501953125,0.02716064453125,0.05084228515625,0.09478759765625,0.4281005859375,2.2102482845640132,0.0,0.0,0.0,0.0,0.0,0.0,0.0,0.0,0.0,0.0,0.0,0.0,0.0,0.0,0.0,0.0,1.0,0.0,-9.999994999180668e-07,12125.0,2187.456023591465,0.0318429246931909,0.4042917068111494,0.74005126953125,154.38925644446698,141.2090607212485,0.74005126953125,19880416,1.3.6.1.4.1.14519.5.2.1.7695.1700.100535423622667785050587735272,C:\Users\ferra\Documents\breast_cancer_nac\data\raw\ISPY1\manifest-PyHQgfru6393647793776378748\ISPY1\ISPY1_1223\04-16-1988-098087-Breast-Right-34328\3.000000-Dynamic-3dfgre-Phase160-35272,Dynamic-3dfgre-Phase=160,180,True,T0,2009-09-03 00:00:00,59.82,1,1,1,1,0,1,HRposHER2neg,0,2,27,20,15,14,0,,,,,,,,,,,,,,,,,,,,,,,,,,,,,,,,,,,,,,,,,,,,,,,,,,
1224,-1.1643360425834999,1.520464478854816,0.06726302344607087,-1.1761714690030223,-3.2388713359832764,-2.443190097808838,-1.2730705738067627,0.2012799233198166,0.9267540574073792,2.6444700211286545,0.1563965167774768,1.5197747540502273,3.169537637879522,10.886782309434937,-0.5458774566650391,-0.5458774566650391,-0.5458774566650391,0.23736968636512756,1.647214412689209,0.7832471430301666,0.01355807292167377,1.116800914134025,21.486100887843854,471.99545647666366,-0.04577580466866493,-0.04577580466866493,-0.04577580466866493,-0.04577580466866493,-0.04577580466866493,0.0,1.1622371469713357,4.601348315715955,27.306520944490195,1051.3611345493616,0.0,0.0,0.7439008951187134,0.9750720411539078,2.3336355924606327,0.9750720411539078,1.3207325594278245,2.277451012002773,1.3153952090682626,2.9197326747322743,-1.260109305381775,-0.37798604369163513,1.171838641166687,2.5506789684295654,3.3462248802185073,2.9286650121212006,1.320732593536377,0.10815086311685061,0.6597900390625,261.11767578125,3.6308345794677734,10810.0,0.055873289704322815,0.31128406524658203,1880.1768596352604,551.5106115609243,22.190163841709523,4.262056847187039,0.31871182296049605,0.040231752776109436,0.2849571018500642,0.024636740701641006,0.5049565887980975,0.15072420294538935,0.08180751888718774,0.014955253623073908,0.056640625,0.04998779296875,0.0318603515625,0.0286865234375,0.0238037109375,0.02471923828125,0.0308837890625,0.04632568359375,0.0604248046875,0.04510498046875,0.03057861328125,0.02655029296875,0.025634765625,0.0284423828125,0.03424072265625,0.04150390625,0.0662841796875,0.34832763671875,2.456532487824595,0.054931640625,0.06011962890625,0.0316162109375,0.023193359375,0.01214599609375,0.01470947265625,0.01190185546875,0.0140380859375,0.011962890625,0.02239990234375,0.0091552734375,0.0224609375,0.0186767578125,0.03515625,0.05279541015625,0.06292724609375,0.24365234375,0.29815673828125,2.2456533946859936,9877.0,1496.370670429727,0.05543148881645353,0.4583016947070454,0.60284423828125,159.98183596277542,142.19132630646982,0.60284423828125,,,,,,,,,,,,,,,,,,,,,,,,,,,,,,,,,,,,,,,,,,,,,,,,,,,,,,,,,,,,,,,,,,,,,,,,,
1225,-1.062896921410129,1.4052350938901397,0.9582465607186393,0.18944584944077514,-2.4189560413360596,-2.295210361480713,-1.404240369796753,-0.14203272759914398,0.9221813678741455,2.153177633881569,-0.2248148620556094,0.7811483045705088,2.7394455835236062,7.023646467534768,-0.5346271991729736,-0.5346271991729736,-0.5346271991729736,-0.5346271991729736,0.829986572265625,0.0,0.0133327759410804,1.1142157530378871,10.111701241791183,100.41754470215861,-0.09724029153585434,-0.09724029153585434,-0.09724029153585434,-0.09724029153585434,-0.09724029153585434,0.0,0.9554439135392485,8.370134390178318,40.130823476104815,1825.4777469026023,0.0,0.1578182727098465,0.7393735647201538,0.805386483669281,0.8193144798278809,0.6475682109594345,0.8380820588938604,1.1443020553409502,-1.2815293929761664,2.086289840935051,-0.5103272199630734,0.10297076404094696,1.1171047687530518,1.785332202911377,1.9090778827667236,1.68236143887043,0.8380820751190186,-0.28415756535223663,0.71710205078125,456.24517822265625,1.3553032875061035,11749.0,-0.06165803223848343,0.1578059196472168,1984.333054528652,573.8605410282642,18.21833892097719,3.410758513181307,0.6535515704987185,0.01580794228403186,0.6374144799435265,0.01089194565235797,0.6110902167557771,0.11075876499494754,0.4064158537217702,0.013985179537103848,0.0692138671875,0.05218505859375,0.034912109375,0.0245361328125,0.01837158203125,0.0181884765625,0.02435302734375,0.0367431640625,0.0391845703125,0.03778076171875,0.0220947265625,0.01959228515625,0.0169677734375,0.01934814453125,0.02874755859375,0.0511474609375,0.09503173828125,0.3916015625,2.307571217759902,0.02655029296875,0.02178955078125,0.015380859375,0.00933837890625,0.00604248046875,0.00567626953125,0.00726318359375,0.0096435546875,0.0084228515625,0.029052734375,0.00457763671875,0.0362548828125,0.0072021484375,0.015380859375,0.02886962890625,0.0355224609375,0.54840087890625,0.18463134765625,1.678280223196146,10159.0,1781.708765546351,0.04021493685444861,0.20955021656889034,0.6249384842519685,166.3652580684621,162.6715977171871,0.6249384842519685,19880425,1.3.6.1.4.1.14519.5.2.1.7695.1700.124245664508524682023438905055,C:\Users\ferra\Documents\breast_cancer_nac\data\raw\ISPY1\manifest-PyHQgfru6393647793776378748\ISPY1\ISPY1_1225\04-25-1988-290214-HUP5 PROTOCOLSBREAST-02466\8.000000-post needleR-05055,post needle_R,64,True,T0,2009-09-03 00:00:00,47.84,1,1,1,1,0,1,HRposHER2neg,0,2,89,86,22,12,0,,,,,,,,,,,,,,,,,,,,,,,,,,,,,,,,,,,,,,,,,,,,,,,,,,
1226,-1.1019569212248825,0.928821476296434,1.8289178461514213,2.9398487056063667,-1.832794189453125,-1.739797592163086,-1.553804636001587,-0.7168367505073547,0.12013120204210281,1.0229608416557312,-0.153705430134778,0.716603091623921,4.9006737789645705,22.80334845020795,-0.3035629093647003,-0.3035629093647003,-0.3035629093647003,-0.3035629093647003,-0.3035629093647003,0.0,-4.68884089062052e-12,1.8590641640499544e-10,1.867171185927103,13.156314523504157,-1.3658341731920265e-11,-1.3656309590104332e-11,-1.3656309590104332e-11,-1.3656309590104332e-11,-1.3652542551340075e-11,0.0,0.9087878478119364,3.342423831420103,26.946568829803535,924.8498563400813,0.0,0.6251530051231384,0.8046320080757141,0.8255178332328796,0.8343710899353027,0.2003648281097412,0.9482515113172667,1.0753530016788084,0.12167708969021926,5.131682850807394,-0.23770132660865784,0.5062702894210815,1.250241756439209,1.436234712600708,1.529231309890747,0.9299644231796265,0.9482515454292297,-0.16209338277473548,0.845703125,139.00802612304688,0.8423693180084229,13856.0,7.023392284422059e-12,0.6325262784957886,1078.8583048140645,367.7438401381489,5.966100614528348,1.5416237922272773,0.9469229385020426,0.006151874720737783,0.9342633890601149,0.0030878578466882415,0.7262716551336267,0.09428549061025986,0.872857615004173,0.0057674056756076095,0.0577392578125,0.05645751953125,0.02960205078125,0.0189208984375,0.01385498046875,0.019287109375,0.021484375,0.02691650390625,0.03485107421875,0.0303955078125,0.01507568359375,0.01568603515625,0.0145263671875,0.01910400390625,0.02838134765625,0.0472412109375,0.12890625,0.42156982421875,2.1836235984312533,0.0029296875,0.00323486328125,0.002197265625,0.00347900390625,0.00140380859375,0.00335693359375,0.002685546875,0.0020751953125,0.0010986328125,0.0020751953125,0.0010986328125,0.001220703125,0.0003662109375,0.0015869140625,0.00128173828125,0.00067138671875,0.94903564453125,0.02020263671875,0.3168447733817221,13763.0,1845.8336572273788,0.05076189804161907,0.4032304226580128,0.84002685546875,151.96908593692754,139.06667939382075,0.84002685546875,19880506,1.3.6.1.4.1.14519.5.2.1.7695.1700.203890400181744241941937769968,C:\Users\ferra\Documents\breast_cancer_nac\data\raw\ISPY1\manifest-PyHQgfru6393647793776378748\ISPY1\ISPY1_1226\05-06-1988-066055-MR BREAS UNIT-47791\3.000000-Dynamic-3dfgre-Phase160-69968,Dynamic-3dfgre-Phase=160,180,True,T0,2009-09-03 00:00:00,42.08,1,1,1,1,0,1,HRposHER2neg,0,1,49,43,41,28,0,,,,,,,,,,,,,,,,,,,,,,,,,,,,,,,,,,,,,,,,,,,,,,,,,,
1227,-1.0674953655918102,1.0652727823640435,1.4114677758431005,1.1135286337569559,-1.9014616012573242,-1.8278658390045166,-1.6070787906646729,-0.5031434893608093,0.600791871547699,1.3247223496437073,-0.22748495306950645,0.5083274068296684,7.370406620078261,55.09303220540981,-0.3047507107257843,-0.3047507107257843,-0.3047507107257843,-0.3047507107257843,-0.3047507107257843,0.0,-0.24785309052343507,0.6659424262546031,1.3851054074728246,1.7672352560559572,-0.8171757459640503,-0.7716123461723328,-0.5893587470054626,0.18521879613399506,0.6864160895347595,0.9568311423063278,1.22876261131114,5.585640711626406,32.214639744093866,1121.4824558115774,0.0,0.35962018370628357,1.0448231101036072,1.4419965744018555,1.6258748769760132,1.082376390695572,0.840010430550592,1.1722093367078443,-0.5349470729708302,2.4688549996887295,-0.8319469690322876,0.2719884216785431,1.375923752784729,1.5231151580810547,1.5967109203338623,1.2511267364025116,0.840010404586792,0.024247478910492306,0.75897216796875,197.77593994140625,1.998655915260315,12435.0,0.9365772604942322,0.22219093143939972,787.0384411185483,270.8907142066041,4.548993539855737,1.1784418296121304,0.9538624984601195,0.005509037045448573,0.948234844731147,0.0038068393493154553,0.5800660311739253,0.14308187084272933,0.899163812788134,0.00721977207897428,0.06463623046875,0.0526123046875,0.0252685546875,0.0169677734375,0.01470947265625,0.0174560546875,0.0235595703125,0.031005859375,0.04241943359375,0.03271484375,0.01837158203125,0.0135498046875,0.012451171875,0.01800537109375,0.02740478515625,0.0560302734375,0.1185302734375,0.414306640625,2.2052734438345847,0.0045166015625,0.00274658203125,0.003662109375,0.0028076171875,0.00164794921875,0.00286865234375,0.00152587890625,0.00201416015625,0.00140380859375,0.00115966796875,0.0009765625,0.0008544921875,0.00030517578125,0.0003662109375,6.103515625e-05,0.00018310546875,0.96417236328125,0.00872802734375,0.24132179761622058,12243.0,1767.8864350760145,0.04922536969784344,0.35562528265360754,0.74725341796875,157.3637188212173,147.07663544534293,0.74725341796875,19880508,1.3.6.1.4.1.14519.5.2.1.7695.1700.107691682556075690804177593207,C:\Users\ferra\Documents\breast_cancer_nac\data\raw\ISPY1\manifest-PyHQgfru6393647793776378748\ISPY1\ISPY1_1227\05-08-1988-935142-MR BREAST UNI U-10307\4.000000-Dynamic-3dfgre-Phase160-93207,Dynamic-3dfgre-Phase=160,180,True,T0,2009-09-03 00:00:00,42.46,1,0,0,0,0,3,TripleNeg,0,2,49,57,,0,1,,,,,,,,,,,,,,,,,,,,,,,,,,,,,,,,,,,,,,,,,,,,,,,,,,
1228,-1.005818215718648,1.1332142716432365,0.4840083695072059,-0.17911178264199545,-2.4076712131500244,-2.1504292488098145,-0.967116117477417,-0.21468332409858704,0.4026976227760315,1.9357459247112274,-0.8015720323751196,1.0500661483050595,0.929871654159686,0.9651016022445416,-2.011322498321533,-1.7961065769195557,-0.8702724575996399,-0.20838209986686707,0.49695724546909625,1.5877244770526886,-0.6980457072048054,1.0428492595105696,0.7578435390405323,0.5971693486468537,-1.9555797576904297,-1.7456252574920654,-0.6839684844017029,-0.1452173888683319,0.6589480638504028,1.6004078686237335,1.3331073531057611,18.30889355568094,87.02659778257573,8992.213287815666,0.0,0.0,0.5937813222408295,1.0111387968063354,1.6382151842117325,1.0111387968063354,0.20424618337256106,0.6107108751783873,0.06900099626599152,3.399984507964172,-0.4760988265275955,-0.10438479483127594,0.24164384603500366,0.48333805799484253,0.7831414818763733,0.5877228528261185,0.20424619317054749,-0.5068677930241722,0.61474609375,2004.28271484375,2.656162738800049,10072.0,0.8710622787475586,0.1255405843257904,772.1995821499348,364.9861594836163,17.056976928780795,4.075259821582746,0.09892863521352006,0.02038913824521692,0.018751909204654884,0.0015271443748746884,0.8840277604409081,0.05545118297207661,0.0003539662687613318,6.128374028628827e-05,0.076416015625,0.04833984375,0.04443359375,0.0322265625,0.0262451171875,0.02410888671875,0.0260009765625,0.03277587890625,0.0396728515625,0.03387451171875,0.01953125,0.0181884765625,0.01690673828125,0.02392578125,0.0321044921875,0.04742431640625,0.09478759765625,0.363037109375,2.381155157696244,0.0711669921875,0.04437255859375,0.04150390625,0.0322265625,0.0272216796875,0.0283203125,0.02978515625,0.03826904296875,0.051513671875,0.03887939453125,0.02606201171875,0.023681640625,0.02081298828125,0.02587890625,0.03509521484375,0.04296875,0.08831787109375,0.33392333984375,2.468898429793716,8879.0,3571.669406495811,0.008746441835573977,0.6777963636502745,0.5703365878725591,158.57839601029588,116.59471464998171,0.54193115234375,19880523,1.3.6.1.4.1.14519.5.2.1.7695.1700.334931384957415876861162495109,C:\Users\ferra\Documents\breast_cancer_nac\data\raw\ISPY1\manifest-PyHQgfru6393647793776378748\ISPY1\ISPY1_1228\05-23-1988-352910-MR BREAST BILAT W OR WO SCCA-81056\9.000000-BILAT T1 SPGR POST-95109,BILAT T1 SPGR POST,256,True,T0,2009-09-03 00:00:00,53.25,3,0,0,0,1,2,HER2pos,0,1,120,117,6,5,1,,,,,,,,,,,,,,,,,,,,,,,,,,,,,,,,,,,,,,,,,,,,,,,,,,
1229,-0.7273189530338868,1.0018055629672322,1.632229591934525,1.741856454389275,-1.5043611526489258,-1.4384499788284302,-1.1748056411743164,-0.3838723301887512,0.8684386014938354,1.054577648639679,0.035197416421397065,1.075799109507127,3.0490947443418333,7.451800892800975,-0.2964426577091217,-0.2964426577091217,-0.2964426577091217,-0.2964426577091217,-0.2964426577091217,0.0,9.900960521455962e-08,7.781962004914533e-07,2.787788257413749,5.869138388306844,-1.4008270881049613e-07,-1.395882947008431e-07,-1.395882947008431e-07,-1.395882947008431e-07,1.2944198886089103e-07,0.0,1.2425935140859679,9.731722432245393,30.176983752446244,973.5525514017688,0.0,0.4903022050857544,0.7667337656021118,0.793914794921875,0.8029440641403198,0.3036125898361206,0.7625163857956068,1.3107403265571402,0.7221161583325556,3.5886327393463775,-0.7035036087036133,0.28516295552253723,1.0101852416992188,1.1420073509216309,1.2738295793533325,0.8568443953990936,0.7625163793563843,0.04615938397511719,0.78594970703125,322.203125,3.490617513656616,12877.0,2.3781463198702113e-07,0.7507057189941406,836.0852936175907,311.8370535144238,4.9837575316544855,1.4255465746157723,0.9464525991118763,0.006312410192538595,0.887747458156222,0.003271882831966506,0.9108153318560879,0.03279296500401488,0.7881062546800995,0.005811462709460859,0.05389404296875,0.04510498046875,0.0242919921875,0.01934814453125,0.01654052734375,0.021728515625,0.0286865234375,0.0377197265625,0.05145263671875,0.0433349609375,0.02203369140625,0.0184326171875,0.01617431640625,0.01983642578125,0.031005859375,0.0472412109375,0.126708984375,0.37646484375,2.3126350762110772,0.00140380859375,0.0020751953125,0.00225830078125,0.00189208984375,0.00091552734375,0.0025634765625,0.002685546875,0.0052490234375,0.00384521484375,0.00457763671875,0.00390625,0.0054931640625,0.00286865234375,0.00390625,0.00445556640625,0.00390625,0.93023681640625,0.01776123046875,0.4321868538262529,12559.0,1751.0468606629752,0.05147180369435361,0.4994474834424317,0.7989185750636132,153.25224793775945,132.76919069029321,0.76654052734375,19880527,1.3.6.1.4.1.14519.5.2.1.7695.1700.213386086392020893090130333671,C:\Users\ferra\Documents\breast_cancer_nac\data\raw\ISPY1\manifest-PyHQgfru6393647793776378748\ISPY1\ISPY1_1229\05-27-1988-479833-MR BREAST UNI E-84614\3.000000-Dynamic-3dfgre-Phase160-33671,Dynamic-3dfgre-Phase=160,180,True,T0,2009-09-03 00:00:00,50.79,1,0,0,0,0,3,TripleNeg,0,1,56,43,21,4,1,,,,,,,,,,,,,,,,,,,,,,,,,,,,,,,,,,,,,,,,,,,,,,,,,,
1230,-1.0662025517499956,1.3514499824528161,0.029717906774632857,-0.9662883359675432,-2.886319398880005,-2.170758008956909,-1.0974160432815552,0.020648488774895668,0.8256547451019287,2.191406497731805,0.22147823580414183,1.2836642493401282,2.209092146162486,4.4219620767722345,-0.6322948932647705,-0.5743935108184814,-0.22698532044887543,0.35202839970588684,1.8574641942977905,0.9264219105243683,0.0898626422891855,1.311990795071896,7.408864467250027,56.01881991040516,-0.11089603826403618,-0.11073818057775497,-0.11073818057775497,-0.11073818057775497,-0.11012402325868606,0.0,2.0090371361437676,36.79355114344447,97.00663806178869,10723.562179233562,0.0,0.0,0.8247945308685303,1.335062950849533,2.6256418704986593,1.335062950849533,1.2876807869729987,2.0137362122810796,0.6816612448768502,0.5612490057718809,-1.2566983699798584,-0.21058393642306328,1.2310175895690918,2.4329147338867188,3.5307801008224513,2.643498670309782,1.2876808643341064,0.10221125479337803,0.69964599609375,4221.88525390625,3.9370014667510986,11463.0,-0.4328189492225647,0.4638022780418396,2691.672158379586,787.0496302357373,30.036516566483964,5.455046474446387,0.15579156012376139,0.026839854232561192,0.0965351431187345,0.010966094986007924,0.6228588659719603,0.10994846772878031,0.009439289096196698,0.0023298399436912703,0.064208984375,0.043212890625,0.03314208984375,0.02886962890625,0.02569580078125,0.028564453125,0.03228759765625,0.0443115234375,0.04522705078125,0.039306640625,0.02972412109375,0.02874755859375,0.0269775390625,0.0274658203125,0.0340576171875,0.039306640625,0.07232666015625,0.3565673828125,2.4418363837351067,0.06573486328125,0.05120849609375,0.03350830078125,0.0234375,0.02020263671875,0.02178955078125,0.02001953125,0.02056884765625,0.018310546875,0.0252685546875,0.01739501953125,0.02264404296875,0.0184326171875,0.02490234375,0.0374755859375,0.05029296875,0.15020751953125,0.37860107421875,2.267191179594364,10934.0,2143.007322143686,0.029918624543966894,0.682715398308457,0.736991102723106,160.63140170838,117.37085855506561,0.6673583984375,,,,,,,,,,,,,,,,,,,,,,,,,,,,,,,,,,,,,,,,,,,,,,,,,,,,,,,,,,,,,,,,,,,,,,,,,
1231,-0.9814230421150114,0.6598470083068356,2.6872839747672628,9.75650447231881,-1.5364042520523071,-1.4530144929885864,-1.2028454542160034,-0.7025073766708374,-0.3689485192298889,0.750507116317749,-0.21215342528080328,0.587875244610196,6.758914949409495,44.307345013656224,-0.3014637529850006,-0.3014637529850006,-0.3014637529850006,-0.3014637529850006,-0.3014637529850006,0.0,-0.12814763909826965,0.6728974124712411,6.5694547179119684,41.858039028784944,-0.23111623525619507,-0.23111578822135925,-0.23111578822135925,-0.23111578822135925,-0.23111422806978227,0.0,0.9476596970819173,2.999061519466662,31.135285928877654,1048.2961008352797,0.489609956741333,0.8730929791927338,0.9276044964790344,0.9424266219139099,0.9461047649383545,0.06933364272117615,0.7692696350995902,0.7167079927593368,0.0042495722696311595,11.46975572487059,0.0674847662448883,0.48443326354026794,0.9013817310333252,1.1515507698059082,1.234940528869629,0.6671175062656403,0.7692696452140808,-0.1092018634680354,0.9083251953125,115.30448913574219,0.947784423828125,14882.0,0.6555917263031006,0.6319863796234131,459.0537130977359,182.41000962188943,2.448808241941372,0.7533607272625822,0.9722670543597373,0.0035460830107584334,0.9579577288478021,0.002073986022950595,0.8183126831761257,0.07110521651548059,0.9176873116772625,0.003975264514085452,0.060791015625,0.06103515625,0.02520751953125,0.0174560546875,0.01300048828125,0.01708984375,0.01617431640625,0.02252197265625,0.02520751953125,0.0264892578125,0.01458740234375,0.01177978515625,0.011962890625,0.0191650390625,0.03125,0.05902099609375,0.1220703125,0.4451904296875,2.1064915739006618,0.00213623046875,0.00140380859375,0.0013427734375,0.00079345703125,0.0008544921875,0.0013427734375,0.001708984375,0.001708984375,0.001708984375,0.00140380859375,0.0010986328125,0.00140380859375,0.0008544921875,0.0015869140625,0.0018310546875,0.00103759765625,0.97003173828125,0.00775146484375,0.2125172302242164,14875.0,2363.522040769447,0.03346166332017133,0.2769716912043041,0.90789794921875,150.36623808233418,144.483621961263,0.90789794921875,19880603,1.3.6.1.4.1.14519.5.2.1.7695.1700.163391302672196905677342610233,C:\Users\ferra\Documents\breast_cancer_nac\data\raw\ISPY1\manifest-PyHQgfru6393647793776378748\ISPY1\ISPY1_1231\06-03-1988-122030-MR BRST UNI E L-26450\3.000000-Dynamic-3dfgre-Phase160-10233,Dynamic-3dfgre-Phase=160,180,True,T0,2009-09-03 00:00:00,45.5,1,1,1,1,0,1,HRposHER2neg,0,1,81,,64,56,0,,,,,,,,,,,,,,,,,,,,,,,,,,,,,,,,,,,,,,,,,,,,,,,,,,
1232,-0.8527102834414109,1.0998779179378044,0.8383983866078315,0.826641907900838,-2.175307273864746,-1.90961492061615,-0.8848028779029846,-0.2585286796092987,0.5195695757865906,1.6510862410068512,-0.20262783730811407,0.8816730866096641,3.168933390060415,9.192826242539594,-0.5040172338485718,-0.5040172338485718,-0.5040172338485718,-0.5040172338485718,0.5360425710678101,0.0,0.11875394808751327,1.4757545569251498,6.617275168287537,42.32075421002452,-0.10679838061332703,-0.10679838061332703,-0.10679838061332703,-0.10679838061332703,-0.10679838061332703,0.0,9.035356725163624,379.6774804010564,58.02588492655559,3645.7060153244206,0.0,0.08978323638439178,0.5728036165237427,0.7967812418937683,0.8163909316062927,0.7069980055093765,0.6500824467864845,0.9763596820757828,-0.47963938575247367,1.3921418718459941,-0.3973125219345093,0.039181530475616455,0.5515875816345215,1.538443922996521,1.7282239198684692,1.4992623925209045,0.6500824093818665,-0.49437006526675525,0.679931640625,27919.158203125,1.928770661354065,11140.0,-0.009525097906589508,0.5474990010261536,2123.338548869939,640.9050907493922,16.32355269345941,3.2699384340325133,0.7243636516996524,0.018254910874251712,0.6909574873419236,0.011087316244774634,0.6591461297366054,0.10115150215741099,0.47754517789537615,0.015459499558347306,0.06646728515625,0.04510498046875,0.03668212890625,0.0322265625,0.0245361328125,0.02569580078125,0.0260009765625,0.04022216796875,0.054443359375,0.043212890625,0.025146484375,0.02294921875,0.0211181640625,0.0269775390625,0.0330810546875,0.044677734375,0.0814208984375,0.35003662109375,2.436767971614041,0.020263671875,0.01739501953125,0.0113525390625,0.0078125,0.005126953125,0.00732421875,0.00640869140625,0.00726318359375,0.006103515625,0.0257568359375,0.00628662109375,0.02587890625,0.00970458984375,0.0313720703125,0.03277587890625,0.03021240234375,0.5816650390625,0.16729736328125,1.6068509336700347,5877.0,2424.3037866999675,0.012565838538207395,0.7489456625115136,0.49796644636502285,155.17338882853227,102.82276249786759,0.3615280511811024,19880605,1.3.6.1.4.1.14519.5.2.1.7695.1700.219017793729632060853636429988,C:\Users\ferra\Documents\breast_cancer_nac\data\raw\ISPY1\manifest-PyHQgfru6393647793776378748\ISPY1\ISPY1_1232\06-05-1988-573248-HUP5 PROTOCOLSBREAST-88900\9.000000-post needleL-29988,post needle_L,64,True,T0,2009-09-03 00:00:00,49.97,1,1,1,1,0,1,HRposHER2neg,0,1,89,76,48,24,0,,,,,,,,,,,,,,,,,,,,,,,,,,,,,,,,,,,,,,,,,,,,,,,,,,
1233,-1.1007690416608114,1.1687289442129758,0.8171141798031452,-0.2469705015936654,-2.4047739505767822,-2.0868797302246094,-1.3932918310165405,-0.46850791573524475,0.8030695915222168,1.6183718144893646,-0.12271137183233805,0.9807525642410825,2.243500218858814,5.3252780598548135,-0.696986198425293,-0.696986198425293,-0.6213973760604858,0.13449083268642426,1.1927344799041748,0.8314770311117172,-0.04460913817388246,0.5654300342283748,27.925964205255315,834.7146895707374,-0.06952879577875137,-0.06952879577875137,-0.06952879577875137,-0.06952879577875137,-0.06952879577875137,0.0,1.4360252400608076,12.080991162942581,46.43954055620017,2504.1701831260543,0.0,0.29520556330680847,0.7209494709968567,1.0685697793960571,2.219720458984376,0.7733642160892487,0.9780576702038388,1.4684510468731364,-0.0600515501031768,0.8492957770053771,-1.2288509607315063,0.23391366004943848,1.2721165418624878,1.7256855070590973,2.372670340538025,1.4917718470096588,0.9780576825141907,-0.07985434046240125,0.7489013671875,735.3906860351562,3.3760745525360107,12270.0,0.12037039548158646,0.7612965106964111,2842.2344164930932,822.9702354718563,30.55934465462795,5.917412669132119,0.293231995155805,0.023232738990819738,0.26308693315468507,0.01363972707836781,0.4030120016810889,0.17399134827526017,0.0694007765515101,0.007251033443202895,0.052490234375,0.04705810546875,0.03125,0.02197265625,0.02178955078125,0.02850341796875,0.03466796875,0.0595703125,0.07568359375,0.05517578125,0.03399658203125,0.0257568359375,0.01971435546875,0.02288818359375,0.0296630859375,0.040771484375,0.06927490234375,0.32977294921875,2.473915701880247,0.0482177734375,0.05133056640625,0.02880859375,0.01953125,0.01458740234375,0.01690673828125,0.01495361328125,0.01513671875,0.01336669921875,0.03387451171875,0.009521484375,0.0328369140625,0.018798828125,0.0272216796875,0.0408935546875,0.050048828125,0.23809814453125,0.32586669921875,2.223916978741433,12208.0,2751.104868614244,0.02026936268587374,0.3422131328536095,0.7451171875,158.93581384797386,149.33964384433236,0.7451171875,,,,,,,,,,,,,,,,,,,,,,,,,,,,,,,,,,,,,,,,,,,,,,,,,,,,,,,,,,,,,,,,,,,,,,,,,
1234,-1.1930588659012642,1.5357000885551642,0.7003919427378955,-0.7633736357310537,-2.6898586750030518,-2.590613603591919,-1.6974095106124878,-0.10949086397886276,1.2303154468536377,2.481122739613056,-0.014038316977803333,1.0282822788999324,2.099222434402168,3.9013788362377095,-0.5921838283538818,-0.5921838283538818,-0.5921838283538818,0.20811493694782257,1.4276177883148193,0.8002987653017044,-0.007138640144178865,1.0002503659972595,5.092385279271712,31.318556030098684,-0.10281111747026443,-0.10262015461921692,-0.10262015461921692,-0.10262015461921692,-0.10246609449386597,0.0,1.6430334674569238,13.703806516539352,43.78872374636665,2747.3101828263284,0.0,0.10225427709519863,0.7992247939109802,0.9373357892036438,1.8776712059974672,0.8350815121084452,1.1790205492386576,1.7347903356265622,-0.21985638582431175,0.24167444543312344,-1.349300742149353,0.06315404176712036,1.7086375951766968,2.09767484664917,2.9574915170669582,2.0345208048820496,1.1790205240249634,-0.0058520240515129085,0.7218017578125,1084.9205322265625,3.1897943019866943,11826.0,0.014803510159254074,0.8159604072570801,2387.063272775163,777.1027201324175,24.058129241460648,4.9585493949456945,0.48043804199161827,0.016035141421298034,0.45038472308733074,0.007095998436980908,0.6532887760290659,0.11243928006512093,0.20289675198426926,0.006396876303974004,0.06634521484375,0.060546875,0.02685546875,0.01507568359375,0.01116943359375,0.013671875,0.016357421875,0.0233154296875,0.05511474609375,0.03277587890625,0.017578125,0.0111083984375,0.0106201171875,0.01483154296875,0.02252197265625,0.05389404296875,0.103515625,0.4447021484375,2.1154470521785047,0.0364990234375,0.030517578125,0.02362060546875,0.01812744140625,0.01123046875,0.01287841796875,0.01513671875,0.01300048828125,0.01507568359375,0.0384521484375,0.0113525390625,0.03271484375,0.01300048828125,0.0198974609375,0.02911376953125,0.0360107421875,0.43212890625,0.21124267578125,2.01413512113964,11650.0,2790.4053377838823,0.01880187674470628,0.36111051277031436,0.7123639476580653,155.88337586379618,145.36483766002976,0.7110595703125,,,,,,,,,,,,,,,,,,,,,,,,,,,,,,,,,,,,,,,,,,,,,,,,,,,,,,,,,,,,,,,,,,,,,,,,,
1235,-0.7374330491048369,1.370355371754966,0.6920438283051501,-0.7096350411096659,-2.1886794567108154,-1.9748293161392212,-1.1194276809692383,0.21713723242282867,1.5002398490905762,2.19196654856205,-0.35409130938717226,0.6621984528919154,3.2886750202249986,12.419595964678342,-0.6385655999183655,-0.6385655999183655,-0.6385655999183655,-0.38193032145500183,0.35131338238716125,0.25663527846336365,-0.11091570461900346,0.7257576767189553,10.69564618868674,113.56677735246741,-0.18060168623924255,-0.18060168623924255,-0.18060168623924255,-0.18060168623924255,-0.18060168623924255,0.0,1.0790936007721825,6.341095023909511,41.65356786351203,2388.7797209790306,0.0,0.0,0.7000719010829926,0.7719388008117676,1.6827027440071105,0.7719388008117676,0.38334174906162843,1.4823630937523615,-0.4959448033738441,-0.22524468274452847,-1.9784176349639893,-0.6953152418136597,0.9314858913421631,1.4431889057159424,1.6570394039154053,2.138504147529602,0.3833417296409607,-0.6343556483485289,0.63519287109375,421.58441162109375,3.157219886779785,10407.0,0.15111233294010162,-0.6938918232917786,1748.796262958781,541.7095681852786,19.63519726517276,3.9396121244408535,0.44060121458808893,0.028081691359679854,0.40466614009329827,0.018914053332187607,0.5565555303706654,0.13610641048900474,0.1641124263514617,0.015553406661735849,0.05072021484375,0.056640625,0.03338623046875,0.0234375,0.02044677734375,0.02349853515625,0.02923583984375,0.03948974609375,0.05499267578125,0.0382080078125,0.0263671875,0.02166748046875,0.01959228515625,0.0234375,0.0299072265625,0.05072021484375,0.0777587890625,0.3804931640625,2.364467670032269,0.0421142578125,0.0452880859375,0.0224609375,0.0167236328125,0.0106201171875,0.0126953125,0.0115966796875,0.01165771484375,0.00860595703125,0.03076171875,0.0072021484375,0.03485107421875,0.01910400390625,0.03253173828125,0.0472412109375,0.05291748046875,0.3306884765625,0.262939453125,2.138979714060792,10270.0,1796.1768029778864,0.040002040110014646,0.5822809673875308,0.636780753968254,167.76920040020315,136.39428343225404,0.6317667322834646,,,,,,,,,,,,,,,,,,,,,,,,,,,,,,,,,,,,,,,,,,,,,,,,,,,,,,,,,,,,,,,,,,,,,,,,,
1236,-1.1399402753886534,1.1228375151194252,0.05640938126842946,-1.05439028896695,-2.6919267177581787,-2.2904138565063477,-1.0858765840530396,-0.28285154700279236,0.3863360285758972,2.0075623095035553,0.05804332676223112,1.0845067786597897,2.5213651453078736,9.741505591311212,-0.7650215029716492,-0.7650215029716492,-0.24136510491371155,0.4393881857395172,1.2772382497787476,1.2044096887111664,-0.05182325770125473,0.49558294269574266,16.70728547295862,307.17188877432005,-0.08753219991922379,-0.0875321701169014,-0.0875321701169014,-0.0875321701169014,-0.08753211274743081,0.0,2.7587899839454906,159.14482581983196,127.83362905023203,16352.481251932646,0.0,0.47045720368623734,0.744247555732727,1.655842661857605,2.9368160486221324,1.1853854581713676,1.1979835882874568,1.4323446238777664,0.8043571699149394,3.233568212293566,-0.6509608030319214,0.2335362732410431,1.394350528717041,1.9269051551818848,2.58427095413208,1.6933688819408417,1.1979835033416748,0.09170952462350025,0.7716064453125,20364.42578125,4.252908706665039,12642.0,0.0061851851642131805,0.6829127073287964,1788.8769690009397,511.3218091108031,25.622677236809917,4.854775754036268,0.2486567514330179,0.019130082893273014,0.2085603755108728,0.008489476842770136,0.6052563847068727,0.11356042699000332,0.0435695014503002,0.0035616077315987595,0.057861328125,0.0621337890625,0.0335693359375,0.0230712890625,0.01861572265625,0.020263671875,0.024658203125,0.03448486328125,0.043212890625,0.034423828125,0.02423095703125,0.01898193359375,0.01904296875,0.02545166015625,0.03668212890625,0.04833984375,0.0794677734375,0.3955078125,2.320786374035465,0.0528564453125,0.055908203125,0.02886962890625,0.01971435546875,0.01483154296875,0.015625,0.0147705078125,0.01318359375,0.0140380859375,0.03350830078125,0.009765625,0.0308837890625,0.014892578125,0.02020263671875,0.0364990234375,0.05426025390625,0.21417236328125,0.35601806640625,2.187570682269536,12490.0,2735.777920785913,0.0209705886753305,0.20142835688075805,0.7623291015625,157.0223638871828,153.80391577292232,0.7623291015625,,,,,,,,,,,,,,,,,,,,,,,,,,,,,,,,,,,,,,,,,,,,,,,,,,,,,,,,,,,,,,,,,,,,,,,,,
1237,-0.6977586795201205,1.2897500544400469,0.7936998764564591,0.7111432018785231,-2.2410061359405518,-1.9770374298095703,-0.5516058802604675,-0.023668233305215836,0.662650465965271,1.9533691965043545,-0.31925827069818524,0.6423089375333428,2.9047526993859214,12.275981944553184,-0.7056834697723389,-0.7056834697723389,-0.6211045980453491,-0.1559210866689682,0.43613070249557495,0.5497623831033707,-0.1485450103074646,0.15787319532103009,41.186962752640504,1899.0057941950306,-0.15356634557247162,-0.15356634557247162,-0.15356634557247162,-0.15356634557247162,-0.15356634557247162,0.0,1.1447316707292998,3.3629216783651286,11.584741635950337,193.56672827628162,0.0,0.0,0.6972160339355469,0.7541577219963074,2.4538724422454834,0.7541577219963074,0.3785004094767146,1.3670967867887667,-0.6995717920721557,1.6265819165549633,-1.1778141379356384,-0.3862612843513489,0.5641624927520752,1.3888739049434662,1.5881166458129883,1.775135189294815,0.37850043177604675,-0.45102408191378357,0.607666015625,89.99689483642578,3.927870273590088,9956.0,0.05717732757329941,-0.4980762004852295,2644.6232511503536,773.9645047841335,30.290399634739902,6.003293128918998,0.31251388836467275,0.019626982092334974,0.28279585441037913,0.011184979985210593,0.43179157076499614,0.1677111475934618,0.0800985990489659,0.006382511055872603,0.0582275390625,0.054443359375,0.0302734375,0.0224609375,0.0181884765625,0.02081298828125,0.0247802734375,0.038818359375,0.04925537109375,0.04229736328125,0.025634765625,0.02264404296875,0.0194091796875,0.02532958984375,0.03363037109375,0.05389404296875,0.0859375,0.37396240234375,2.367988867537124,0.0504150390625,0.055419921875,0.0225830078125,0.017578125,0.01116943359375,0.0106201171875,0.00927734375,0.0081787109375,0.00994873046875,0.03338623046875,0.0068359375,0.02972412109375,0.01104736328125,0.01739501953125,0.0286865234375,0.05450439453125,0.28662109375,0.33660888671875,2.052079804204148,7929.0,1925.1168824543142,0.02688524984046876,0.5712933392491774,0.48394775390625,185.68848660013762,152.4030740273914,0.48394775390625,,,,,,,,,,,,,,,,,,,,,,,,,,,,,,,,,,,,,,,,,,,,,,,,,,,,,,,,,,,,,,,,,,,,,,,,,
1238,-0.8352719498583383,1.2506351024222089,1.060406892519083,1.4264217834159538,-2.321545839309689,-2.0110199451446533,-0.876763105392456,-0.3375263214111328,0.6107867956161499,1.6734936237335205,-0.23841471765263123,0.6330722024257581,3.666431915039815,15.260951010256882,-0.4555230736732483,-0.4555230736732483,-0.4555230736732483,-0.4555230736732483,0.4175693392753601,0.0,-0.044551688208684936,0.8515865606282415,11.180692018643033,123.00787401574803,-0.12011777609586716,-0.12011777609586716,-0.12011777609586716,-0.12011777609586716,-0.12011777609586716,0.0,0.6984521135400428,3.7397188501184235,57.31473339374545,3969.717670311745,0.0,0.12826886773109436,0.5963939428329468,0.8370431661605835,0.8505450487136841,0.7087742984294891,0.596857248191327,1.0416045705449615,-0.7690798263241635,1.603666503885182,-0.3969123661518097,0.04935258626937866,0.4956176280975342,1.6484687328338623,1.8716011047363281,1.5991161465644836,0.5968572497367859,-0.32480587163898283,0.6951904296875,288.99566650390625,0.8587380051612854,11390.0,-0.18156525492668152,-0.019849605858325958,1591.7071933410616,476.27123604680554,14.095701420734999,2.640982372065726,0.7707624640831625,0.015427984155153665,0.75331032645802,0.008264445374312809,0.6311044984242727,0.10857319942823222,0.5675447490056335,0.012459565364972211,0.0648193359375,0.0447998046875,0.03558349609375,0.02520751953125,0.02044677734375,0.02252197265625,0.027099609375,0.04217529296875,0.048583984375,0.04779052734375,0.02813720703125,0.0238037109375,0.01995849609375,0.02392578125,0.03253173828125,0.045166015625,0.08404541015625,0.3634033203125,2.400681217755423,0.0174560546875,0.0126953125,0.00946044921875,0.00628662109375,0.0054931640625,0.005126953125,0.00518798828125,0.0050048828125,0.00457763671875,0.0269775390625,0.003662109375,0.0303955078125,0.00787353515625,0.0216064453125,0.02008056640625,0.01763916015625,0.665771484375,0.13470458984375,1.371894755079928,7487.0,1733.7281015301073,0.031300820350257226,0.6633602298130578,0.6043752018082015,153.6120758922341,114.94794877353891,0.573452818627451,19880620,1.3.6.1.4.1.14519.5.2.1.7695.1700.290844853173802651175101313127,C:\Users\ferra\Documents\breast_cancer_nac\data\raw\ISPY1\manifest-PyHQgfru6393647793776378748\ISPY1\ISPY1_1238\06-20-1988-085287-HUP5 PROTOCOLSBREAST-79072\8.000000-post needleR-13127,post needle_R,64,True,T0,2009-09-03 00:00:00,59.05,3,1,1,1,1,2,HER2pos,0,2,48,,,,0,,,,,,,,,,,,,,,,,,,,,,,,,,,,,,,,,,,,,,,,,,,,,,,,,,
1239,-0.6583683732875443,1.0350788607572705,1.294514428495265,1.0992943250610754,-1.6033589839935303,-1.4894424676895142,-0.919860303401947,-0.23636160790920258,0.788886308670044,1.2530808597803116,-0.07098022409263649,0.8135738594369998,5.941985997722519,33.30719759713044,-0.2042270451784134,-0.2042270451784134,-0.2042270451784134,-0.2042270451784134,-0.2042270451784134,0.0,3.5313669292470615e-14,5.658204887842252e-12,2.3716717179392424,10.79977279134827,-4.1501883310188227e-13,-4.149205393329247e-13,-4.149205393329247e-13,-4.149205393329247e-13,-4.1477515595311073e-13,0.0,1.3975375302825341,19.12120069327563,29.681227802916162,887.0587625845916,0.0,0.13595451414585114,0.8024449944496155,0.8628829717636108,0.872624933719635,0.7269284576177597,0.587388137238122,1.236115386590822,0.45655061628307936,4.7937798119353845,-0.9931133389472961,0.032134562730789185,0.8295497298240662,1.2852153778076172,1.3991318941116333,1.253080815076828,0.5873881578445435,-0.12084019612068105,0.73944091796875,575.0556640625,0.8810744285583496,12115.0,3.81998794575511e-13,0.6460481882095337,1124.9449696616548,304.1077936256786,4.4115489006339415,1.1925795828457983,0.9827000742831844,0.004676710756092599,0.9649947788403698,0.002503877660008939,0.6665413950265064,0.0883423572209314,0.9312211925925107,0.004833276153544905,0.0560302734375,0.0577392578125,0.025146484375,0.01837158203125,0.01495361328125,0.01995849609375,0.023681640625,0.03240966796875,0.040283203125,0.0377197265625,0.0179443359375,0.0169677734375,0.01544189453125,0.02484130859375,0.03863525390625,0.04815673828125,0.114990234375,0.396728515625,2.2707011398400674,0.00067138671875,0.00079345703125,0.0020751953125,0.00030517578125,0.00030517578125,0.00079345703125,0.0008544921875,0.0010986328125,0.0003662109375,0.0010986328125,0.0013427734375,0.0015869140625,0.00103759765625,0.001220703125,0.00146484375,0.0008544921875,0.97674560546875,0.00738525390625,0.16713728300844138,11853.0,2570.6885630108177,0.022539237387997773,0.49771191862750314,0.7445819461021421,156.0873698735928,135.38119464536035,0.72344970703125,19880701,1.3.6.1.4.1.14519.5.2.1.7695.1700.278225353778571398316907372943,C:\Users\ferra\Documents\breast_cancer_nac\data\raw\ISPY1\manifest-PyHQgfru6393647793776378748\ISPY1\ISPY1_1239\07-01-1988-855474-MR BREAS UNIT-83679\3.000000-Dynamic-3dfgre-Phase160-72943,Dynamic-3dfgre-Phase=160,180,True,T0,2009-09-03 00:00:00,48.57,4,1,1,1,0,1,HRposHER2neg,0,1,74,63,12,10,0,,,,,,,,,,,,,,,,,,,,,,,,,,,,,,,,,,,,,,,,,,,,,,,,,,
13,-1.5301961136179436,1.6235011086276006,0.7050305143459893,-0.8416724121700101,-3.127941370010376,-2.9771156311035156,-2.1945104598999023,-0.2023981213569641,0.9390253782272345,2.7747175097465515,-0.45761182628734076,1.2839948706187916,0.22096693500900952,-1.2594886448793055,-2.0476650476455687,-1.8037374019622803,-0.4648666977882385,0.6059496104717255,1.3495205044746406,2.4096870124340057,0.03374739032778962,1.222754951300862,0.1730817508495717,-1.3537259961013808,-1.535365343093872,-1.2578933238983154,-0.009268959984183311,1.1006193161010742,1.9122253298759966,2.3585126399993896,1.290273692674294,10.008159459624943,34.71100444215724,1491.6906543771051,0.0,0.12907150387763977,0.44205978512763977,0.895654022693634,1.9535265684127823,0.7665825188159943,1.072584287680229,1.4879485281996805,0.36628499125275776,0.13763948167043027,-0.7173837423324585,0.18791282176971436,0.9229145050048828,1.8077472448349,3.3392817974090576,1.6198344230651855,1.0725842714309692,-0.4581073849733771,0.60516357421875,510.9322509765625,3.0616753101348877,9915.0,-0.18123172223567963,0.303457111120224,1441.1374769221063,538.8911577492697,24.620553792520496,5.551770400148393,0.10325682353712225,0.02315859304686725,0.029563459410950316,0.007947328661643951,0.892321968246007,0.0404473476802063,0.0009371581651990943,0.0005492675441706882,0.0513916015625,0.04412841796875,0.0369873046875,0.03216552734375,0.0208740234375,0.0272216796875,0.0281982421875,0.0352783203125,0.03155517578125,0.0435791015625,0.02850341796875,0.03143310546875,0.02020263671875,0.0245361328125,0.03424072265625,0.04071044921875,0.13525390625,0.333740234375,2.4284752438310555,0.05712890625,0.05682373046875,0.0355224609375,0.02532958984375,0.02252197265625,0.02490234375,0.022216796875,0.028564453125,0.02728271484375,0.031494140625,0.02239990234375,0.02386474609375,0.019287109375,0.02044677734375,0.02874755859375,0.0496826171875,0.0909423828125,0.412841796875,2.2732101974135257,8076.0,2304.55757467538,0.019108695906657345,0.5604151697068216,0.49295000915583226,174.73563080546052,144.7181167887825,0.492919921875,20050107,1.3.6.1.4.1.14519.5.2.1.8162.5966.225252672624966532301590319848,C:\Users\ferra\Documents\breast_cancer_nac\data\raw\ISPY1\manifest-1554746803134\QIN-BREAST-02\QIN-BREAST-02-0013\01-07-2005-NA-2065132018-01967\8701.000000-dynamicsmartTX6deg-19848,dynamic_smartTX_6deg,550,True,T0,,,,Positive,Positive,,,,,,,,,,,0,2004-12-12 00:00:00,44,Not Hispanic or Latino,White,Left,IIA,T2,N0,M0,2.9,MRI,negative,Core biopsy,Amplified,Unknown,No,High Grade,Invasive Ductal Carcinoma,,Intermediate,YES,,Other,2005-01-08 00:00:00,2005-04-23 00:00:00,Other,2005-01-08 00:00:00,,Trastuzumab,2005-05-29 00:00:00,,,,,,,,Yes,Yes,Yes,,No,N0,0.7,Negative,2005-05-23 00:00:00,Alive with no evidence of disease,,2005-07-30 00:00:00,
14,-0.9914683994143161,1.046971254960119,1.6981575879682664,2.1838793975784503,-1.8174583911895752,-1.6995166540145874,-1.4243195056915283,-0.6773556470870972,0.5806887745857239,1.0221610069274902,0.040402025259254515,1.1072062509590168,2.81716769048498,6.410122833548387,-0.3468274772167206,-0.3468274772167206,-0.3468274772167206,-0.3468274772167206,1.2319540977478027,0.0,0.08619069830378479,1.1578484745402062,3.476370757305303,10.25727263396248,-0.23481279164552687,-0.23478296399116516,-0.23478296399116516,-0.23478296399116516,-0.18744825571775428,0.0,0.9977343407106787,4.626545645349011,35.463446316169545,1454.1757075613202,0.0,0.7999984622001648,0.9058074951171875,0.9255040287971497,0.9325556755065918,0.12550556659698486,1.0318704065389284,1.330541480228278,0.5246898284911957,3.177106195034173,-0.53437739610672,0.5664114952087402,1.1854486465454102,1.4313169717788696,1.627886414527893,0.8649054765701294,1.0318704843521118,-0.0443744120679495,0.8406982421875,263.9629821777344,1.3309968709945679,13774.0,0.6541200876235962,0.9668742418289185,1669.710012373184,572.1627113279633,11.388110169469646,2.7519297107965452,0.8318425626072005,0.01272050619542747,0.7766538180707864,0.005889172782081161,0.8136034196318606,0.06290854417463247,0.6032258354799874,0.00915401517555017,0.06671142578125,0.05126953125,0.02911376953125,0.02093505859375,0.015869140625,0.01861572265625,0.02117919921875,0.027099609375,0.03326416015625,0.03021240234375,0.01763916015625,0.01690673828125,0.0133056640625,0.01788330078125,0.02593994140625,0.05645751953125,0.09619140625,0.44140625,2.1679162030977746,0.00946044921875,0.00823974609375,0.005615234375,0.00469970703125,0.0047607421875,0.005859375,0.00732421875,0.00811767578125,0.00567626953125,0.037109375,0.00726318359375,0.03985595703125,0.0086669921875,0.01483154296875,0.01947021484375,0.017333984375,0.7110595703125,0.08465576171875,1.2864487495300225,13723.0,1897.4265863399423,0.04789927767886438,0.310443963040491,0.83758544921875,153.22797503780197,145.65723851452296,0.83758544921875,,,,,,,,,,,,,,,,,,,,,,,,,,,,,,,,,,,,,,,,,,,,,,,,,,,,,,,,,,,,,,,,,,,,,,,,,
15,-1.3672639623937357,1.288316944409495,1.6285414970706167,1.4715064647388711,-2.350950002670288,-2.129941463470459,-1.9089330434799194,-1.1354033946990967,0.9641770720481873,0.9945380687713623,-0.015604943729385923,0.9698821619349628,3.6667636362682563,12.300429789030355,-0.2889387309551239,-0.2889387309551239,-0.2889387309551239,-0.2889387309551239,-0.2889387309551239,0.0,-0.09641355448653144,0.7103191210369879,6.9277610917732355,47.50851427059425,-0.19349411129951477,-0.1934937983751297,-0.1934937983751297,-0.1934937983751297,-0.19349315762519836,0.0,1.0988957597098192,5.0378708251715665,66.1943969561596,5979.662165013529,0.0,0.9093077182769775,0.9477279186248779,0.9533717036247253,0.9579155445098877,0.0440639853477478,1.351658996848073,1.4575782699321629,-0.27160814824256735,2.7209256886957958,-0.8110989332199097,1.1779773235321045,1.7304985523223877,1.9515068531036377,2.062011241912842,0.7735295295715332,1.3516590595245361,0.05978471373376992,0.8436279296875,497.94305419921875,1.5422565937042236,13822.0,0.5220687985420227,0.7870739102363586,1491.3617717507434,351.9339383741688,9.81263456826341,1.666698342514603,0.8949883919186439,0.006237158933954314,0.8810280085347926,0.0036913966966720534,0.7414739309265714,0.060127476441017756,0.776223978232355,0.006510883733567278,0.07635498046875,0.05908203125,0.021728515625,0.0096435546875,0.00885009765625,0.0118408203125,0.01397705078125,0.0196533203125,0.0279541015625,0.02349853515625,0.01275634765625,0.01055908203125,0.01025390625,0.012451171875,0.020751953125,0.05596923828125,0.12713623046875,0.4775390625,1.9731152676034702,0.00714111328125,0.008056640625,0.00555419921875,0.00445556640625,0.00225830078125,0.003173828125,0.00286865234375,0.00213623046875,0.0013427734375,0.00201416015625,0.0018310546875,0.001953125,0.0013427734375,0.0015869140625,0.001953125,0.0029296875,0.90631103515625,0.0430908203125,0.5071695431217248,13810.0,1846.638743755012,0.05089084433604727,0.37084841562249016,0.8429469572117438,156.40758341366603,145.2546922305318,0.8428955078125,,,,,,,,,,,,,,,,,,,,,,,,,,,,,,,,,,,,,,,,,,,,,,,,,,,,,,,,,,,,,,,,,,,,,,,,,
17,-0.9044366982236056,1.0754667972276617,1.3925859921864052,1.747447829386103,-1.9690017700195312,-1.6889275312423706,-1.198797583580017,-0.4986119568347931,0.6216850280761719,1.1903155744075775,-0.13188944269654712,0.7226660229061481,3.8668980181968573,16.255446681331843,-0.37019240856170654,-0.37019240856170654,-0.37019240856170654,-0.37019240856170654,0.4877925217151642,0.0,-0.16186508822101686,0.6070304210536824,7.35851187494112,53.133460732665085,-0.24581599235534668,-0.2458149492740631,-0.2458149492740631,-0.2458149492740631,-0.2458111435174942,0.0,1.0074889870705306,2.998528432492854,27.56289065006721,1143.4771333510216,0.0,0.6147094517946243,0.8862066864967346,0.9247636198997498,1.2554793119430558,0.3100541681051254,0.772547254251549,1.1874815332821487,-0.39536324512927234,2.503848442548473,-0.7118031978607178,0.2684566378593445,0.9686422348022461,1.4587721824645996,1.7388464212417603,1.1903155446052551,0.7725472450256348,0.03880099619906145,0.79766845703125,181.33596801757812,2.080990791320801,13069.0,0.4380923807621002,0.4692220389842987,1147.7985793971873,298.1104177431399,12.735006756695798,2.206499535749741,0.6807849343711295,0.01346875064735679,0.6545692013945336,0.010098808391724364,0.6492439080327116,0.0901403478578822,0.42856282534521034,0.013274151962148754,0.07159423828125,0.05999755859375,0.028564453125,0.01641845703125,0.01416015625,0.01776123046875,0.0181884765625,0.0260009765625,0.0277099609375,0.02813720703125,0.01629638671875,0.01171875,0.0120849609375,0.01611328125,0.02581787109375,0.05609130859375,0.10052490234375,0.45281982421875,2.11084141402834,0.0302734375,0.01953125,0.01385498046875,0.0096435546875,0.00604248046875,0.0064697265625,0.00555419921875,0.0052490234375,0.00506591796875,0.030029296875,0.00469970703125,0.03131103515625,0.01055908203125,0.022216796875,0.0313720703125,0.033447265625,0.545166015625,0.18951416015625,1.6731842659579963,12784.0,3036.147545195113,0.017427331020492924,0.17866629462412364,0.7867561080681889,148.12711568204557,145.74371027420017,0.7802734375,,,,,,,,,,,,,,,,,,,,,,,,,,,,,,,,,,,,,,,,,,,,,,,,,,,,,,,,,,,,,,,,,,,,,,,,,
18,-0.48953443749599046,1.2088934336243744,1.0610444394452907,1.10452060857419,-1.9354164600372314,-1.2722914218902588,-0.6091663837432861,-0.01972191222012043,1.1591670513153076,1.2525695096701384,0.18847614025708026,1.4276724865815182,3.775821081717917,12.42842513431327,-0.17272786796092987,-0.17272786796092987,-0.17272786796092987,-0.17272786796092987,-0.17272786796092987,0.0,0.054896420531228785,1.1327564310821094,4.324890935759821,17.497654903417846,-0.18206981122493743,-0.1813354343175888,-0.1813354343175888,-0.1813354194164276,-0.17267198860645291,1.4901161193847656e-08,2.1489393818025633,50.40908999210806,115.89733434990042,14277.878015015005,0.0,0.0,1.0062111616134644,1.0171613693237305,1.0798790454864502,1.0171613693237305,0.6780105929319689,1.8625147786295069,1.3462093214246527,4.244428581950961,-1.1845338344573975,-0.07932539284229279,0.5101190805435181,1.3206052780151367,1.9837303161621094,1.3999306708574295,0.6780105829238892,0.19701686438796834,0.69122314453125,6236.22802734375,1.9844653606414795,11325.0,0.2191062867641449,1.2346307039260864,2394.318918684285,450.0930423754168,10.346567750390445,1.7815944784814035,0.9519035742746196,0.007120549246928899,0.9160632725674841,0.0037576061562264993,0.6543311326270069,0.06359434083549773,0.8391860389510738,0.00689076934473129,0.06170654296875,0.05120849609375,0.03216552734375,0.019775390625,0.01458740234375,0.01934814453125,0.022705078125,0.034912109375,0.040771484375,0.03936767578125,0.0225830078125,0.01806640625,0.01324462890625,0.01995849609375,0.0277099609375,0.05145263671875,0.0897216796875,0.42071533203125,2.2371684366888314,0.0045166015625,0.003173828125,0.00335693359375,0.00213623046875,0.00091552734375,0.00201416015625,0.0020751953125,0.0010986328125,0.0009765625,0.00128173828125,0.00140380859375,0.0020751953125,0.00128173828125,0.002685546875,0.0025634765625,0.00146484375,0.94244384765625,0.0245361328125,0.3475737556920856,10493.0,3336.52117421767,0.01184463729244907,0.5589680729568184,0.6783243907169177,156.64035902793674,129.88449059147467,0.64044189453125,,,,,,,,,,,,,,,,,,,,,,,,,,,,,,,,,,,,,,,,,,,,,,,,,,,,,,,,,,,,,,,,,,,,,,,,,
19,-0.9409292305508643,1.0468675490405475,1.761538202119473,2.4259407996123192,-1.7766201496124268,-1.6271963119506836,-1.3283485174179077,-0.730652928352356,0.6141621470451355,0.8965433835983276,0.02256060058584808,1.0877292703309245,3.910358136901414,13.508130730728983,-0.24763548374176025,-0.24763548374176025,-0.24763548374176025,-0.24763548374176025,-0.24763548374176025,0.0,1.9836330548354385e-08,1.889537066694651e-07,3.4562479389064054,10.675582548430565,-2.1499653612977454e-08,-2.1499648283906936e-08,-2.1499648283906936e-08,-2.1499648283906936e-08,-2.1496647484298136e-08,0.0,1.0481373532816178,6.42374615248436,37.77503682927271,1565.707228164726,0.0,0.7017397284507751,0.8203133940696716,0.8523341417312622,0.8644149899482727,0.15059441328048706,0.963489833933636,1.3324550465038636,0.6903653230956389,4.931558962095707,-0.5629498362541199,0.582633376121521,1.1305209398269653,1.4293687343597412,1.578792691230774,0.8467353582382202,0.9634898900985718,0.02341549780039761,0.83233642578125,282.007568359375,1.0323609113693237,13637.0,5.2240054060348484e-08,0.7336865663528442,1187.6995118670643,349.9031732728613,5.91100056179033,1.4368274559539385,0.9577154422940944,0.005488457606197716,0.9204306093188009,0.003314018527908142,0.8175190158633202,0.05269172744904176,0.8472034892897828,0.006103147637775281,0.07159423828125,0.0570068359375,0.024658203125,0.01727294921875,0.01495361328125,0.01336669921875,0.01873779296875,0.0267333984375,0.03167724609375,0.02630615234375,0.01593017578125,0.01409912109375,0.01251220703125,0.0142822265625,0.02532958984375,0.0546875,0.1141357421875,0.44671630859375,2.11164714520632,0.00189208984375,0.0025634765625,0.00128173828125,0.0013427734375,0.00146484375,0.00164794921875,0.00225830078125,0.00213623046875,0.0013427734375,0.0025634765625,0.00189208984375,0.0029296875,0.0023193359375,0.0018310546875,0.003173828125,0.00213623046875,0.9503173828125,0.01690673828125,0.31910981917360076,13572.0,2058.53928471215,0.04024717445440624,0.20533782491596395,0.8306505906114205,150.0928725487816,146.89456685211758,0.828369140625,,,,,,,,,,,,,,,,,,,,,,,,,,,,,,,,,,,,,,,,,,,,,,,,,,,,,,,,,,,,,,,,,,,,,,,,,
2,0.17357085756897628,1.0410073373765139,0.020399743450330996,-0.048350062732057886,-1.1660889506340018,-0.5095054507255554,0.18367204070091248,0.8097387552261353,1.4984345197677644,1.3192442059516907,0.4029048242099047,0.8229085664277062,0.2727666925085284,-0.03677146597444647,-0.6247245669364929,-0.16052885353565216,0.3629837930202484,0.9188190996646881,1.4705196619033813,1.0793479532003403,0.28262842320629034,1.0046586853818158,1.2272547799151439,0.6371725498820338,-0.6283716559410095,-0.45222219824790955,-0.1439606100320816,0.7588051557540894,1.925795316696167,1.211027354001999,2.635052312186148,30.783392303299784,32.222858385387994,1188.991658663916,0.0,0.0,0.25873076915740967,1.1395362317562103,2.8054778575897217,1.1395362317562103,0.229333966771037,1.0300883908903937,0.1685844689835254,1.223753390944803,-1.0345367193222046,-0.37365779280662537,0.2595086246728897,0.8079236745834351,1.4344806671142578,1.1815814673900604,0.22933396697044373,0.524457371009794,0.4832763671875,1314.9801025390625,5.39337158203125,7918.0,-1.7058674097061157,0.977195143699646,2093.58650885837,947.9121859561467,31.082603262527556,8.940543441619022,0.052869951804269254,0.019499722529933473,0.012590307083586744,0.0021407330453915305,0.6328707122609611,0.16623138422587166,0.0001630985704306458,5.90697168476131e-05,0.0721435546875,0.06414794921875,0.04180908203125,0.03887939453125,0.02337646484375,0.02215576171875,0.0216064453125,0.0279541015625,0.0213623046875,0.02813720703125,0.0172119140625,0.02032470703125,0.018310546875,0.02130126953125,0.0260009765625,0.0670166015625,0.07598876953125,0.39227294921875,2.3058018317271496,0.06939697265625,0.04876708984375,0.04376220703125,0.04547119140625,0.032470703125,0.036376953125,0.0299072265625,0.0321044921875,0.028076171875,0.0341796875,0.02349853515625,0.02410888671875,0.01983642578125,0.0201416015625,0.028076171875,0.0535888671875,0.07098388671875,0.3592529296875,2.4198634405362744,4697.0,2077.0895372438445,0.013681067574592578,0.8482369500012056,0.4432386524488063,148.47238967304688,78.63348898111161,0.4169921875,20030531,1.3.6.1.4.1.14519.5.2.1.8162.5966.339132555218329509131658501461,C:\Users\ferra\Documents\breast_cancer_nac\data\raw\ISPY1\manifest-1554746803134\QIN-BREAST-02\QIN-BREAST-02-0002\05-31-2003-NA-2065126884-68531\8001.000000-dynamicsmartTX6deg-01461,dynamic_smartTX_6deg,550,True,T0,,,,Positive,Negative Finding,,,,,,,,,,,0,2003-04-20 00:00:00,49,Not Hispanic or Latino,Black or African American,Left,IIIA,T3,N1,M0,5,Ultrasound,positive,Fine needle aspiration biopsy,Not amplified,Positive,,High Grade,Invasive Ductal Carcinoma,,High,YES,,Cyclophosphamide,2003-06-13 00:00:00,2003-07-04 00:00:00,Doxorubicin (Adriamycin),2003-06-13 00:00:00,2003-07-04 00:00:00,Paclitaxel,2003-07-28 00:00:00,2003-09-08 00:00:00,,,,,,,Yes,Yes,Yes,No,Yes,N1,5,Negative,2003-09-14 00:00:00,Alive with disease,,2003-12-15 00:00:00,
20,-1.0304868882781193,0.9451211046931085,1.8094654038380498,3.3515565194222203,-1.8049132823944092,-1.682917833328247,-1.3779290914535522,-0.7069538831710815,0.20801231265068054,0.9759639501571655,-0.016297781752655283,0.9722377061695712,5.651467102254021,30.324465347155808,-0.18817338347434998,-0.18817338347434998,-0.18817338347434998,-0.18817338347434998,-0.18817338347434998,0.0,1.5053147802857783e-13,1.6806975606075217e-12,2.6481005821392984,8.583181873938877,-8.060295256218618e-14,-8.0584227713041e-14,-8.0584227713041e-14,-8.0584227713041e-14,-8.048462205945474e-14,0.0,0.9479279340803259,3.3799150207715423,36.42724412014803,1615.8863836053945,0.0,0.7549660801887512,0.8634369373321533,0.8881857395172119,0.8991515040397644,0.1332196593284607,1.0141890880822757,1.2748105285101359,1.3734551312710122,9.301738814549912,-0.27419018745422363,0.5797781944274902,1.1897556781768799,1.4947444200515747,1.6777375936508179,0.9149662256240845,1.0141891241073608,-0.016069726216200637,0.8612060546875,161.7064208984375,0.9053404927253723,14110.0,-3.9543149028646585e-13,0.7283822298049927,1007.6157057829802,307.9528772271841,4.610589799531705,1.2312436921394732,0.9738380720830998,0.004952139278893176,0.9560026517307492,0.0026385219970737023,0.7113975653820092,0.08690285844883242,0.9139480319145528,0.005044955488988077,0.07122802734375,0.06170654296875,0.0264892578125,0.01678466796875,0.01434326171875,0.015869140625,0.01544189453125,0.02569580078125,0.02801513671875,0.02447509765625,0.01434326171875,0.01300048828125,0.01141357421875,0.015869140625,0.02435302734375,0.0567626953125,0.106689453125,0.45751953125,2.084861417122772,0.0010986328125,0.0013427734375,0.0013427734375,0.0013427734375,0.000732421875,0.00128173828125,0.0015869140625,0.00128173828125,0.0015869140625,0.001220703125,0.0008544921875,0.00146484375,0.00048828125,0.0010986328125,0.00140380859375,0.00103759765625,0.97100830078125,0.00982666015625,0.20226144481178218,14100.0,2839.7566722298525,0.021971854753531986,0.2306145441389773,0.860595703125,151.90910172432356,147.8144199889583,0.860595703125,,,,,,,,,,,,,,,,,,,,,,,,,,,,,,,,,,,,,,,,,,,,,,,,,,,,,,,,,,,,,,,,,,,,,,,,,
21,-1.1244191477371714,1.1533346512562146,1.1112301690489585,0.41526090281457106,-2.22058367729187,-2.0216174125671387,-1.557362675666809,-0.429887056350708,0.6975885629653931,1.5917303562164307,0.029563907770544517,1.0010334628231328,3.1343608458546868,9.444967816428456,-0.3429057002067566,-0.3429057002067566,-0.3429057002067566,-0.3429057002067566,1.0299792289733887,0.0,0.0056540528916393384,1.0240222195980766,5.487332406721881,28.649408698966145,-0.18100415170192719,-0.18100348114967346,-0.18100348114967346,-0.18100348114967346,-0.18094864934682847,0.0,1.0706899919392185,4.058985269541518,27.497680867339785,944.1550742340663,0.0,0.6851192116737366,0.8927086591720581,0.9179513454437256,1.314358925819397,0.232832133769989,1.1539830577657995,1.4279472382146325,0.13775982643466564,1.54059141109322,-0.7659173011779785,0.39929332584142685,1.4134232997894287,1.8113558292388916,2.363546204566956,1.4120625033974648,1.1539831161499023,0.020719400747937582,0.80279541015625,185.7818145751953,2.0729598999023438,13153.0,-2.9149320125579834,1.066467046737671,1350.6361561450792,416.62321420201334,12.813793935061762,2.6168522096611344,0.7221323816796081,0.015109088126070569,0.6917642834730287,0.009399090134578438,0.7564260724679693,0.07411247252283906,0.4786261667843105,0.013023915038378462,0.07733154296875,0.05999755859375,0.02423095703125,0.01593017578125,0.01422119140625,0.01336669921875,0.01702880859375,0.02166748046875,0.03216552734375,0.026611328125,0.016845703125,0.01348876953125,0.01129150390625,0.01519775390625,0.021240234375,0.05499267578125,0.099853515625,0.46453857421875,2.069092782731659,0.02142333984375,0.01519775390625,0.01226806640625,0.00982666015625,0.00677490234375,0.0062255859375,0.00732421875,0.00762939453125,0.00628662109375,0.03277587890625,0.00433349609375,0.034912109375,0.00994873046875,0.01971435546875,0.024169921875,0.02545166015625,0.62109375,0.1346435546875,1.5411013721536848,13019.0,2358.1088732276007,0.02942115960944614,0.22598172416208304,0.79461669921875,152.0253286531742,148.09266776353306,0.79461669921875,,,,,,,,,,,,,,,,,,,,,,,,,,,,,,,,,,,,,,,,,,,,,,,,,,,,,,,,,,,,,,,,,,,,,,,,,
22,-1.4359454581318687,1.1585754309947114,1.536911471132107,1.729616595171251,-2.4052422046661377,-2.196619749069214,-1.8836863040924072,-0.9448859095573425,0.3068479597568512,1.2517338395118713,-0.009683070313258213,0.9992640822511547,5.085390995886672,24.411486643544432,-0.20870497822761536,-0.20870497822761536,-0.20870497822761536,-0.20870497822761536,-0.20870497822761536,0.0,6.623533691225254e-09,6.657527331091665e-08,2.7665817862181052,9.266476639836133,-2.5678798420969427e-09,-2.5466158071196787e-09,-2.5466158071196787e-09,-2.5466158071196787e-09,-2.4857579550285886e-09,0.0,0.9992844450531493,9.032340099373023,88.42059284243477,8172.87128274883,0.0,0.8010805249214172,0.8950170874595642,0.9092950820922852,0.916835367679596,0.10821455717086792,1.4262624113221136,1.5579313833882336,0.8922506558660014,5.366146666839869,-0.5155529379844666,0.8404921293258667,1.7792925834655762,2.092226028442383,2.1965372562408447,1.2517338991165161,1.426262378692627,-0.006789119535454943,0.85699462890625,902.4215698242188,0.9201542735099792,14041.0,-1.1656088538813947e-08,0.5563220977783203,1599.349676109892,420.64863291723196,7.620823179236599,1.714497661225164,0.9517231353873671,0.006986294998826284,0.9349977943381066,0.004085608975703249,0.6077430192069136,0.1009516865593747,0.8742375676178269,0.007644683988881801,0.07489013671875,0.06121826171875,0.02691650390625,0.01519775390625,0.00927734375,0.01171875,0.01287841796875,0.01953125,0.02557373046875,0.01971435546875,0.01324462890625,0.009033203125,0.00927734375,0.01226806640625,0.0234375,0.06317138671875,0.11529541015625,0.47735595703125,1.9873327782840295,0.003173828125,0.004638671875,0.00201416015625,0.00238037109375,0.0013427734375,0.0025634765625,0.002197265625,0.0023193359375,0.000732421875,0.0018310546875,0.00152587890625,0.001708984375,0.0006103515625,0.0006103515625,0.00067138671875,0.00054931640625,0.957763671875,0.01336669921875,0.27642628982185574,13978.0,2329.487552884041,0.032369359924472076,0.17776399190209347,0.8531494140625,150.96650445232845,148.562083475968,0.8531494140625,,,,,,,,,,,,,,,,,,,,,,,,,,,,,,,,,,,,,,,,,,,,,,,,,,,,,,,,,,,,,,,,,,,,,,,,,
23,-1.046812582228938,1.183480802652195,1.0433001757596572,0.09219150640849749,-2.1221630573272705,-1.9792183637619019,-1.5789729356765747,-0.32105904817581177,0.8510879874229431,1.65815931558609,-0.03399494658879121,0.9131939946654032,4.173888256007873,16.592527081006878,-0.2694156765937805,-0.2694156765937805,-0.2694156765937805,-0.2694156765937805,-0.2694156765937805,0.0,-9.034378166531993e-11,6.3261762052902805e-09,3.785293132102621,24.14850693233609,-5.25919696681143e-10,-5.25919696681143e-10,-5.25919696681143e-10,-5.25919696681143e-10,-5.25919696681143e-10,0.0,1.2509501533971354,9.588724585725286,51.21659302605349,3393.7321988520976,0.0,0.5099480152130127,0.8485655188560486,0.867699384689331,0.8779777884483337,0.35775136947631836,1.0128176476609951,1.319991558515685,-0.04394199326277503,2.1621433345544796,-0.8632031083106995,0.28035497665405273,1.4530695676803589,1.7669806480407715,1.9099254608154297,1.4866256713867188,1.012817621231079,-0.033564689857496784,0.77569580078125,692.2359008789062,2.1343817710876465,12709.0,1.2396781379209187e-09,0.7632566094398499,2117.050803341881,496.9417124816051,12.258511942199888,2.2058005729398324,0.8944494900442059,0.008514524347855495,0.8832267278667444,0.00543455807378763,0.5538071821191367,0.10308864121150581,0.7801189872396533,0.009641250550847465,0.07525634765625,0.05767822265625,0.02593994140625,0.0166015625,0.01190185546875,0.01446533203125,0.017333984375,0.0264892578125,0.03582763671875,0.0284423828125,0.01763916015625,0.01336669921875,0.01116943359375,0.0155029296875,0.0216064453125,0.05657958984375,0.09466552734375,0.45953369140625,2.092513420695655,0.00897216796875,0.0091552734375,0.0054931640625,0.0035400390625,0.0018310546875,0.00164794921875,0.001953125,0.00152587890625,0.000732421875,0.0008544921875,0.0006103515625,0.0006103515625,0.00067138671875,0.000732421875,0.00115966796875,0.0013427734375,0.91522216796875,0.0439453125,0.443660352037045,12628.0,2471.5525240414963,0.02597794235034663,0.31682267038093564,0.770751953125,152.4814367905074,144.62632344634358,0.770751953125,,,,,,,,,,,,,,,,,,,,,,,,,,,,,,,,,,,,,,,,,,,,,,,,,,,,,,,,,,,,,,,,,,,,,,,,,
24,-0.9237651468863533,1.118603346262435,1.3872091006339524,1.7624665338641403,-2.015148162841797,-1.8336786031723022,-1.168290376663208,-0.44241243600845337,0.5859147310256958,1.3912661671638489,-0.022465731111878995,0.9440548397057611,3.3829239545863112,11.21092812327193,-0.3240335285663605,-0.3240335285663605,-0.3240335285663605,-0.3240335285663605,0.6959487199783325,0.0,-0.07439729263562356,0.7245112291263882,7.550410016316633,60.37683507921139,-0.1496693804860115,-0.14957952499389648,-0.14957952499389648,-0.14957952499389648,-0.14943254590034485,0.0,1.4185065672158395,8.959892538871234,30.097294631876398,1102.693272551863,0.0,0.5434571355581284,0.8546428680419922,0.9033533334732056,1.3396196603775052,0.3598961979150772,0.9012994302936477,1.3757379881973713,0.21759308679218906,2.881503071865465,-0.6679888963699341,0.2393585741519928,1.0257264375686646,1.5701348781585693,1.8725841045379639,1.3307763040065765,0.9012993574142456,0.057618487929814895,0.78802490234375,446.013427734375,3.0929620265960693,12911.0,0.369813472032547,0.8135104179382324,2374.094310469722,606.3190441727263,18.41201057773276,3.1605661670423357,0.6873841257967724,0.015179236715846572,0.6727221353329756,0.01062414242185597,0.4556907359624965,0.1370484191205533,0.45266794376915814,0.014398171954155055,0.07659912109375,0.06219482421875,0.029296875,0.01800537109375,0.013427734375,0.01568603515625,0.01483154296875,0.018798828125,0.02197265625,0.01800537109375,0.01043701171875,0.00958251953125,0.009033203125,0.01318359375,0.0235595703125,0.06011962890625,0.106201171875,0.47906494140625,2.00148517783245,0.0291748046875,0.0181884765625,0.0125732421875,0.009521484375,0.00634765625,0.00616455078125,0.00457763671875,0.00384521484375,0.0040283203125,0.029052734375,0.0040283203125,0.03125,0.0091552734375,0.0206298828125,0.03228759765625,0.0350341796875,0.55712890625,0.18701171875,1.6311181275931534,11814.0,2826.058187420018,0.01858851222679848,0.5337106235819586,0.7781583454090371,152.33045428556,128.8208648883921,0.7210693359375,,,,,,,,,,,,,,,,,,,,,,,,,,,,,,,,,,,,,,,,,,,,,,,,,,,,,,,,,,,,,,,,,,,,,,,,,
25,-1.101322675077654,1.132551943345538,1.6517092444244943,1.8169569215412942,-1.955773949623108,-1.8693881034851074,-1.5886338949203491,-0.8327574133872986,0.700592041015625,1.0366306900978088,-0.0012584103266135571,1.0027292443029892,2.8645567565117833,6.949362273112046,-0.3664012551307678,-0.3664012551307678,-0.3664012551307678,-0.3664012551307678,1.0130176544189453,0.0,-0.00710722745543535,0.9987187952844876,3.577550658127116,11.148620422908861,-0.27950497567653654,-0.2795045077800751,-0.2795045077800751,-0.2795045077800751,-0.27259355187416073,0.0,0.9310445298096965,2.4141373355804476,46.590048907449976,2621.5944826652308,0.0,0.8691931962966919,0.9357419610023499,0.946789026260376,0.9556108653545381,0.07759582996368408,1.1000642671042442,1.3359377380237503,0.11302843041088821,2.774429921089056,-0.6134673953056335,0.7039173245429993,1.3302149772644043,1.5639952421188354,1.8492805361747762,0.8600779175758362,1.1000642776489258,0.005316786247320587,0.83819580078125,153.4147491455078,1.5528415441513062,13733.0,0.7012815475463867,0.5999113321304321,1063.8009537071916,345.609055546342,9.479351222596073,1.9877390899476337,0.8052343030560767,0.009417410927150894,0.7638248073029033,0.006494964166362211,0.8685733347993887,0.04204346965175682,0.5834705208108398,0.009972363362391521,0.06683349609375,0.05389404296875,0.02783203125,0.0196533203125,0.0167236328125,0.01806640625,0.0224609375,0.03533935546875,0.0418701171875,0.03656005859375,0.02044677734375,0.01611328125,0.0120849609375,0.01788330078125,0.025390625,0.0540771484375,0.08868408203125,0.42608642578125,2.214038378382608,0.01275634765625,0.01080322265625,0.00689697265625,0.00518798828125,0.00421142578125,0.0054931640625,0.006591796875,0.00689697265625,0.00579833984375,0.03619384765625,0.0052490234375,0.03643798828125,0.00726318359375,0.0159912109375,0.0198974609375,0.02056884765625,0.68280029296875,0.1109619140625,1.3476563337044642,13703.0,1878.5382386916237,0.04879613702204711,0.3328676306461146,0.83636474609375,156.3450081710795,147.42920940829538,0.83636474609375,,,,,,,,,,,,,,,,,,,,,,,,,,,,,,,,,,,,,,,,,,,,,,,,,,,,,,,,,,,,,,,,,,,,,,,,,
26,-1.1871388311476494,1.4147118555377904,0.41400923496116276,-0.8183563689559405,-2.882502317428589,-2.5787031650543213,-1.302747130393982,-0.08755083382129669,0.702326774597168,2.4911523312330246,-0.10035974824722871,0.8318288498894462,2.8996755368933864,8.282189028244183,-0.4291156828403473,-0.4291156828403473,-0.4291156828403473,-0.4291156828403473,0.9022247791290283,0.0,-0.06415380426973094,0.7723739195307912,6.186795053134138,43.01314885739327,-0.13945556581020355,-0.13933800160884857,-0.13933800160884857,-0.13933800160884857,-0.13918697237968444,0.0,1.6110667478079748,17.611999619422125,53.41750544353006,3639.331818687326,0.0,0.07351676188409328,0.8176034688949585,0.8919705748558044,1.2870836615562447,0.8184538129717112,1.086779067271209,1.4700984679766045,-0.043337457749687044,0.21968701639456345,-0.8228759765625,0.022994041442871094,1.177430510520935,2.2711071968078613,2.5556542873382573,2.2481131553649902,1.0867791175842285,-0.03331489547864758,0.71966552734375,1367.2694091796875,2.6043636798858643,11791.0,0.2143002152442932,0.6351870894432068,2101.667009204269,589.660030874121,18.86973320519968,3.4433488552781206,0.6696766661181502,0.01487469535649637,0.6526561155441405,0.009543581363997276,0.5651522702316448,0.12025822523462411,0.42605108510241774,0.01246282643553344,0.06707763671875,0.0517578125,0.03118896484375,0.02069091796875,0.0166015625,0.02032470703125,0.02459716796875,0.03369140625,0.04449462890625,0.037109375,0.02191162109375,0.02081298828125,0.01666259765625,0.02056884765625,0.0250244140625,0.05108642578125,0.0830078125,0.41339111328125,2.264605509693538,0.0281982421875,0.017822265625,0.013916015625,0.0123291015625,0.00775146484375,0.00970458984375,0.007568359375,0.0059814453125,0.0045166015625,0.03460693359375,0.00567626953125,0.03717041015625,0.00970458984375,0.01971435546875,0.02783203125,0.0286865234375,0.56689453125,0.16192626953125,1.6693378714491358,11621.0,3274.034846822905,0.013623439589138609,0.4197227416384934,0.70928955078125,159.72158292880727,144.9716728794144,0.70928955078125,,,,,,,,,,,,,,,,,,,,,,,,,,,,,,,,,,,,,,,,,,,,,,,,,,,,,,,,,,,,,,,,,,,,,,,,,
27,-0.966092700888197,1.1868534358555998,1.7568264220595247,2.4017929446529234,-1.8438971042633057,-1.7249013185501099,-1.546407699584961,-0.534943699836731,0.7145118117332458,1.189957618713379,0.13535996019163576,1.2865140940675177,3.331979418254304,9.506239344471432,-0.2435930073261261,-0.2435930073261261,-0.2435930073261261,-0.2435930073261261,-0.0524187795817852,0.0,0.1578613546540879,1.3724808342278403,4.0267573083802,14.448561256897978,-0.17294806838035584,-0.17294685542583466,-0.17294685542583466,-0.17294685542583466,-0.17036599367856978,0.0,0.9800632293824378,7.127398831863652,100.55137495883443,11535.759215711243,0.0,0.8310078680515289,0.9462335705757141,0.9561593532562256,0.9591740965843201,0.12515148520469666,1.1014526776189086,1.5956972736934736,0.7769572234304938,4.069725523412184,-0.6606153845787048,0.5293421745300293,1.3623125553131104,1.5408061742782593,1.7192997932434082,1.01146399974823,1.1014525890350342,-0.020428820698332566,0.82513427734375,835.9147338867188,0.9946753978729248,13519.0,0.724156379699707,2.2742080688476562,1341.8701803753147,480.5094350962214,8.461046133061547,2.143283452571907,0.8780153142229041,0.009227593092036341,0.8370248050972374,0.004881892689720614,0.8188848591640556,0.06393006066611345,0.7006343572243021,0.00818833685300185,0.07196044921875,0.0550537109375,0.02685546875,0.0155029296875,0.0107421875,0.014892578125,0.0150146484375,0.0269775390625,0.03546142578125,0.0296630859375,0.01605224609375,0.0157470703125,0.01373291015625,0.015625,0.0250244140625,0.06048583984375,0.11260986328125,0.4385986328125,2.130280654375122,0.00634765625,0.0054931640625,0.00421142578125,0.00457763671875,0.00274658203125,0.004638671875,0.00433349609375,0.00665283203125,0.00335693359375,0.03411865234375,0.00421142578125,0.0352783203125,0.00640869140625,0.01025390625,0.013916015625,0.013427734375,0.7685546875,0.07147216796875,1.0694175087566276,13447.0,2142.7585848021563,0.036803471146159256,0.2716011447689056,0.82073974609375,153.5581018782682,147.7858376756661,0.82073974609375,,,,,,,,,,,,,,,,,,,,,,,,,,,,,,,,,,,,,,,,,,,,,,,,,,,,,,,,,,,,,,,,,,,,,,,,,
28,-0.836962193870022,1.3451231538826385,0.6709765646517635,0.49032093153254497,-2.4039411544799805,-1.9087175130844116,-0.9182702898979187,0.0721769779920578,1.062624216079712,1.9808944910764694,0.32136979885990513,1.644977412873523,2.979122509308464,7.261537492807536,-0.21300643682479858,-0.21300643682479858,-0.21300643682479858,-0.21300643682479858,1.2398148775100708,0.0,0.5198006498856138,2.345726324080095,3.875225025120787,14.112666009828125,-0.11894678696990013,-0.11847079545259476,-0.11847079545259476,-0.11847079545259476,0.13339093923568746,0.0,1.0178107490674648,15.984004619250829,116.11158640546915,14143.975861859803,0.0,0.5455115139484406,0.8817996978759766,0.9471936225891113,0.9660025238990784,0.4016821086406708,1.1583319802293772,1.9783831383989148,1.0562344350534305,2.6204676811654366,-0.7804070711135864,0.21004021167755127,1.2004873752593994,1.6957111358642578,3.181381940841675,1.4856709241867065,1.1583319902420044,-0.17130726032452742,0.764404296875,1971.4033203125,1.2715556621551514,12524.0,-16.557209014892578,1.4398609399795532,2268.844383469043,764.9257795214608,13.75108633281321,3.3650038562319953,0.8116208123139264,0.015820260231763514,0.7627920885016496,0.009056522428558686,0.7292824833333871,0.08983869734540846,0.5819337908792072,0.013919764534292193,0.08819580078125,0.06231689453125,0.03778076171875,0.02044677734375,0.01165771484375,0.0101318359375,0.00762939453125,0.00775146484375,0.00738525390625,0.01092529296875,0.007080078125,0.0101318359375,0.0118408203125,0.0186767578125,0.03741455078125,0.05682373046875,0.12640380859375,0.4674072265625,1.9605587733658565,0.00836181640625,0.009765625,0.00616455078125,0.00634765625,0.0035400390625,0.00628662109375,0.00653076171875,0.00830078125,0.00653076171875,0.03607177734375,0.0057373046875,0.03497314453125,0.006103515625,0.0155029296875,0.02203369140625,0.019287109375,0.688720703125,0.1097412109375,1.3279890913737156,11828.0,5525.553928999521,0.004868212598929625,0.4487583504827964,0.7789778714436248,150.20835206269302,134.23416616756356,0.7765231092436975,,,,,,,,,,,,,,,,,,,,,,,,,,,,,,,,,,,,,,,,,,,,,,,,,,,,,,,,,,,,,,,,,,,,,,,,,
29,-1.0219208462744973,1.2972601849616086,1.4331264864954047,0.806342848659491,-1.9608982801437378,-1.9006770849227905,-1.780234932899475,-0.515591561794281,1.2910417318344116,1.3850855231285095,0.10594268774809734,1.1456659048865037,2.5943569921186294,5.305877320919665,-0.3386923670768738,-0.3386923670768738,-0.3386923670768738,-0.3386923670768738,1.7329660654067993,0.0,0.09147404491739053,1.1516752036007156,3.155745384572505,8.306899585149283,-0.262131929397583,-0.26213133335113525,-0.26213133335113525,-0.26213133335113525,-0.07277385815977942,0.0,0.9151263428280529,4.160143195201491,88.52462653754536,9411.848430984568,0.0,0.8236404061317444,0.949567437171936,0.9532744884490967,0.9579146504402161,0.1296340823173523,1.1278635382897164,1.5519031769997969,0.15880467571232168,1.9551569907252384,-0.9673019051551819,0.4780047535896301,1.5017635822296143,1.61930251121521,2.179117465019229,1.1412977576255798,1.1278636455535889,0.012828357011298745,0.81536865234375,462.90362548828125,1.3220351934432983,13359.0,0.6072722673416138,0.8250927925109863,1461.142763806628,541.126049829071,11.735691863203693,2.7874972302647185,0.8185150465102088,0.00997831820732468,0.7797595741574451,0.005529153646544706,0.8461352940324147,0.056234419771857454,0.6080555650302472,0.008628476984322994,0.063720703125,0.0494384765625,0.02117919921875,0.0157470703125,0.011962890625,0.01806640625,0.01959228515625,0.03302001953125,0.04541015625,0.03680419921875,0.01715087890625,0.01507568359375,0.0113525390625,0.01629638671875,0.020263671875,0.0499267578125,0.1240234375,0.43096923828125,2.149333321983588,0.01104736328125,0.00885009765625,0.007568359375,0.00531005859375,0.005126953125,0.00665283203125,0.0059814453125,0.0079345703125,0.008056640625,0.00677490234375,0.0069580078125,0.0072021484375,0.00469970703125,0.0064697265625,0.007568359375,0.00714111328125,0.81890869140625,0.0677490234375,0.9045649426332301,13317.0,1644.7920266670362,0.06185777288824376,0.30944384148249793,0.81280517578125,154.82883789170882,147.22948541716715,0.81280517578125,,,,,,,,,,,,,,,,,,,,,,,,,,,,,,,,,,,,,,,,,,,,,,,,,,,,,,,,,,,,,,,,,,,,,,,,,
3,-0.09483063179555185,1.3427024998264352,-0.21256744755318477,-0.3676367039245645,-1.9223721027374268,-0.9630205631256104,-0.0532611645758152,0.8287816792726517,1.6775469899177569,1.791802242398262,0.11816779375153086,0.8661688238333083,-0.40893264095535947,-0.10498013101475756,-1.1420115232467651,-0.37480366230010986,0.20193558931350708,0.7077802419662476,1.146275520324707,1.0825839042663574,0.7933570820719069,1.2532558078186498,0.513358015062913,-0.9230382209437558,-0.6376456022262573,-0.21710234880447388,0.4925643056631088,1.727910041809082,3.0421078205108643,1.945012390613556,1.1649214953689464,11.479142686177878,36.79359768966785,1624.2166372285667,0.0,0.0,0.18604907393455505,0.704413890838623,1.501004695892334,0.704413890838623,0.21299842577093386,1.2205967211660056,-0.42375633815804714,0.8432424833068364,-1.3049301385879517,-0.42412565648555756,0.2806442975997925,0.9640092849731445,1.6744601726531982,1.388134941458702,0.2129984200000763,-3.1699115249820573,0.43377685546875,551.9531860351562,2.879596471786499,7107.0,5.203474044799805,0.7644246816635132,1303.4185256609994,526.5585407483137,25.177606647518857,6.464071253853826,0.05957312364126313,0.02098127101996069,0.012721916012425158,0.0023215716663589525,0.7877244128197237,0.08575772841756474,0.00016723684202924036,6.664266903499222e-05,0.056396484375,0.04498291015625,0.0384521484375,0.03558349609375,0.0311279296875,0.0323486328125,0.0299072265625,0.03509521484375,0.0361328125,0.041015625,0.02276611328125,0.0333251953125,0.0211181640625,0.0296630859375,0.035888671875,0.049072265625,0.07537841796875,0.35174560546875,2.453156676482943,0.0701904296875,0.05908203125,0.03497314453125,0.02789306640625,0.02276611328125,0.0186767578125,0.0174560546875,0.023681640625,0.029296875,0.03570556640625,0.02392578125,0.0205078125,0.02178955078125,0.02630615234375,0.029052734375,0.0528564453125,0.078125,0.40771484375,2.284146310435699,6414.0,2871.541376753203,0.009774817610169146,0.3027027795411267,0.40566694073746123,153.67203778869046,146.46251494468282,0.3914794921875,20030624,1.3.6.1.4.1.14519.5.2.1.8162.5966.150977558344568035873135142608,C:\Users\ferra\Documents\breast_cancer_nac\data\raw\ISPY1\manifest-1554746803134\QIN-BREAST-02\QIN-BREAST-02-0003\06-24-2003-NA-2065127039-29021\8001.000000-dynamicsmartTX6deg-42608,dynamic_smartTX_6deg,550,True,T0,,,,Negative,Negative Finding,,,,,,,,,,,1,2003-05-25 00:00:00,47,Not Hispanic or Latino,White,Left,IIA,T1c,N1,MX,1.5,Ultrasound,positive,Core biopsy,Not amplified,Unknown,Yes,High Grade,Invasive Ductal Carcinoma,,High,YES,,Cyclophosphamide,2003-06-28 00:00:00,2003-08-09 00:00:00,Doxorubicin (Adriamycin),2003-06-28 00:00:00,2003-08-09 00:00:00,Paclitaxel,2003-08-26 00:00:00,2003-09-02 00:00:00,Carboplatin,2003-08-26 00:00:00,2003-09-02 00:00:00,,,,Yes,No,Yes,Yes,Yes,N0,0,Negative,2003-10-06 00:00:00,Alive with no evidence of disease,,2004-09-28 00:00:00,
30,-1.1385168181857352,0.8410566827824892,2.044003216400193,3.4777816436984166,-1.7234952449798584,-1.663611888885498,-1.4839619398117065,-1.0647786855697632,0.09296569228172302,0.5988332033157349,-0.35988617530605893,0.6754459577606224,2.946255165323837,7.289176859176825,-0.5882716178894043,-0.5882716178894043,-0.5882716178894043,-0.5882716178894043,0.2828094959259033,0.0,-0.34338295795146134,0.6481266082158962,3.2067919706208876,8.848672774338711,-0.5440183877944946,-0.5440182089805603,-0.5440182089805603,-0.5440182089805603,-0.2842228144407235,0.0,0.9612495632933928,3.7118913990708795,60.76584908686829,4343.901058533772,0.0,0.9286870956420898,0.9557379484176636,0.9611653089523315,0.9642926454544067,0.0324782133102417,0.7786306429666183,0.8789727644140948,-0.44061717205756823,4.3894087997193205,-0.16224846243858337,0.59627366065979,0.9555736780166626,1.0953013896942139,1.1751458644866943,0.49902772903442383,0.7786306738853455,-0.02119514963187938,0.874755859375,306.7108154296875,1.0950357913970947,14332.0,0.8979358673095703,0.5487605929374695,1018.7585852470808,354.9463972910452,8.897917180162652,1.980849297326764,0.8450082776061273,0.007961501398618103,0.8294555771212299,0.004935177432140354,0.8628783527165758,0.047122530868753676,0.6880209103937992,0.00819696936931319,0.0770263671875,0.0592041015625,0.0296630859375,0.020263671875,0.0128173828125,0.015380859375,0.01605224609375,0.0262451171875,0.0335693359375,0.023193359375,0.01373291015625,0.0123291015625,0.01129150390625,0.01507568359375,0.0260009765625,0.057373046875,0.102294921875,0.448486328125,2.109993165906084,0.012939453125,0.01043701171875,0.00726318359375,0.00506591796875,0.00323486328125,0.005615234375,0.00482177734375,0.0048828125,0.0047607421875,0.004150390625,0.004150390625,0.003173828125,0.002197265625,0.003173828125,0.00384521484375,0.0042724609375,0.86279296875,0.05322265625,0.7148437301705042,14297.0,1710.893577750951,0.06137744263057425,0.3418314968554503,0.87261962890625,152.03013360660813,142.87203007471683,0.87261962890625,,,,,,,,,,,,,,,,,,,,,,,,,,,,,,,,,,,,,,,,,,,,,,,,,,,,,,,,,,,,,,,,,,,,,,,,,
31,-1.0152179766137692,1.5057499237207401,0.6791056445661026,-0.964509206191607,-2.4858131408691406,-2.3458139896392822,-1.5991517305374146,0.2675039768218994,1.3408310413360596,2.6133179664611816,0.23491974016781114,1.2791872103550614,2.0780686553531345,2.8783887832735697,-0.36236998438835144,-0.36236998438835144,-0.36236998438835144,-0.24687239527702332,2.52506947517395,0.11549758911132812,0.15655298340459467,1.31920983756786,3.402970256665206,9.686601893612073,-0.20120884478092194,-0.20120461285114288,-0.20120461285114288,-0.20120461285114288,-0.19598390012979505,0.0,1.9439649355204907,34.201538236012574,49.836194558188396,2906.306588500748,0.0,0.12704630196094513,0.9012025594711304,0.9279845952987671,1.5287474989891052,0.800938293337822,1.250137700990308,1.774586454805204,0.06716445297796877,0.4354920180586874,-1.3298698663711548,0.07012191414833069,1.7034456729888916,2.0767767429351807,3.047423839569092,2.00665482878685,1.2501378059387207,0.06268645607039221,0.74298095703125,2548.78662109375,2.494565010070801,12173.0,0.449537992477417,1.010298728942871,2287.891394779008,657.4255751134791,18.66143259816995,3.5154953605514607,0.7307261766636416,0.012184283916957975,0.6665503169341519,0.006876582281396315,0.7970005984247733,0.057531364685686516,0.444336612388891,0.009179056238472458,0.0643310546875,0.04937744140625,0.02996826171875,0.01837158203125,0.015380859375,0.01763916015625,0.02215576171875,0.03521728515625,0.044921875,0.03692626953125,0.0206298828125,0.02001953125,0.01580810546875,0.0205078125,0.0286865234375,0.04913330078125,0.1048583984375,0.40606689453125,2.258447687430264,0.0213623046875,0.01318359375,0.01019287109375,0.0084228515625,0.00640869140625,0.0072021484375,0.00823974609375,0.00701904296875,0.00677490234375,0.033935546875,0.0062255859375,0.03515625,0.00787353515625,0.01611328125,0.0220947265625,0.0230712890625,0.632568359375,0.1341552734375,1.50144363812495,12112.0,2131.072293301141,0.03351423886932788,0.37081111815902384,0.7393931994383737,156.07893935094734,144.9518071161714,0.7392578125,,,,,,,,,,,,,,,,,,,,,,,,,,,,,,,,,,,,,,,,,,,,,,,,,,,,,,,,,,,,,,,,,,,,,,,,,
32,-1.184135793085943,1.2171213923973958,1.7565658504681598,2.3277966709057543,-2.0841257572174072,-2.0134291648864746,-1.7306419610977173,-0.8822807669639587,0.6730480790138245,1.1311483979225159,0.03575665492371627,1.0684273342353072,4.640355217068966,20.0668033624787,-0.19729362428188324,-0.19729362428188324,-0.19729362428188324,-0.19729362428188324,-0.19729362428188324,0.0,1.1011714562856267e-09,2.6632942934302877e-08,4.671854356800583,20.767181733269705,-3.3120728382129982e-09,-3.312067287097875e-09,-3.312067287097875e-09,-3.312067287097875e-09,-3.312061513938147e-09,0.0,0.9762212046580316,3.595343866306116,33.975368755622014,1344.6352788039148,0.0,0.7929705381393433,0.8904734253883362,0.9020106792449951,0.9084404706954956,0.10904014110565186,1.219892443164099,1.4485338139775497,0.30018709217566636,5.107719726101648,-0.5168578624725342,0.7813494205474854,1.6040451526641846,1.8161355257034302,1.9575289487838745,1.0347861051559448,1.2198925018310547,0.029311310647588733,0.850341796875,162.72792053222656,1.0681554079055786,13932.0,5.749354770046011e-09,0.7527243494987488,1277.9950054733713,362.34620260418956,6.737138105403375,1.5299419445258435,0.9471218609480104,0.006348387805618185,0.9269767886720643,0.0035836200608221768,0.7269499445915759,0.07593494639794077,0.8592988090695132,0.006650847961672458,0.075439453125,0.05340576171875,0.025146484375,0.01361083984375,0.0120849609375,0.01348876953125,0.01715087890625,0.02227783203125,0.0291748046875,0.0233154296875,0.01470947265625,0.01129150390625,0.01116943359375,0.01434326171875,0.02398681640625,0.05810546875,0.11260986328125,0.46868896484375,2.0388839128724334,0.00274658203125,0.0025634765625,0.00286865234375,0.0025634765625,0.001220703125,0.00244140625,0.00164794921875,0.00189208984375,0.0015869140625,0.0018310546875,0.00164794921875,0.00213623046875,0.0013427734375,0.0013427734375,0.00128173828125,0.00115966796875,0.94580078125,0.02392578125,0.3304734175158819,13874.0,2110.852993211135,0.03912871419942777,0.28825040960712855,0.8468017578125,154.83350667208381,148.26160845292654,0.8468017578125,,,,,,,,,,,,,,,,,,,,,,,,,,,,,,,,,,,,,,,,,,,,,,,,,,,,,,,,,,,,,,,,,,,,,,,,,
33,-1.0143521075161743,0.8340730110671412,0.791358170582494,0.8668399688033754,-1.9823355674743652,-1.7627183198928833,-1.103866457939148,-0.44501474499702454,0.10402841120958328,1.3177035748958588,0.0,0.0,,,0.0,0.0,0.0,0.0,0.0,0.0,-2.162001773857326e-15,1.4893081325147886e-20,15.100603924544695,2545.9895139879322,-2.1620018346809504e-15,-2.1620018346809504e-15,-2.1620018346809504e-15,-2.1620018346809504e-15,-2.1620018346809504e-15,0.0,0.887017913722957,0.3165614051634686,-2.445157823198959,3.9787968598965957,0.0,0.9999977350234985,0.9999991655349731,0.999999463558197,0.9999995231628418,1.7285346984863281e-06,1.0143521075161743,0.8340730110671412,-0.791358170582494,0.8668399688033754,-0.10402841120958328,0.44501474499702454,1.103866457939148,1.7627183198928833,1.9823355674743652,1.3177035748958588,1.0143520832061768,2.1314093274987037e-15,0.88702392578125,0.9999996423721313,0.9999995231628418,14533.0,-2.1620016887879956e-09,0.7740422487258911,0.0,0.0,0.0,0.0,1.0,0.0,1.0,0.0,1.0,0.0,1.0,0.0,0.09222412109375,0.06927490234375,0.026123046875,0.01177978515625,0.00762939453125,0.0064697265625,0.00653076171875,0.0064697265625,0.00958251953125,0.0107421875,0.0067138671875,0.00750732421875,0.006103515625,0.01385498046875,0.023193359375,0.06353759765625,0.122802734375,0.50946044921875,1.805057568463598,0.0,0.0,0.0,0.0,0.0,0.0,0.0,0.0,0.0,0.0,0.0,0.0,0.0,0.0,0.0,0.0,1.0,0.0,-9.999994999180668e-07,14375.0,2673.4541110191612,0.025273899221782824,0.3000777437709233,0.87738037109375,150.01567086925522,143.10216097091362,0.87738037109375,,,,,,,,,,,,,,,,,,,,,,,,,,,,,,,,,,,,,,,,,,,,,,,,,,,,,,,,,,,,,,,,,,,,,,,,,
34,-1.2022231685780866,0.8220054968346984,1.6826862249624637,2.169928735498348,-1.8240256309509277,-1.7707054615020752,-1.5574246644973755,-0.9442422389984131,0.05551164224743843,0.8264632225036621,-0.22557591299869273,0.7981946666879396,3.0769692434568463,7.931002497075694,-0.4798656105995178,-0.4798656105995178,-0.4798656105995178,-0.4798656105995178,0.11288543790578842,0.0,-0.13159487554098348,0.8543529100620652,3.217747167803407,8.769723526154344,-0.39052459597587585,-0.39052432775497437,-0.39052432775497437,-0.39052432775497437,-0.2245601221919053,0.0,0.813091382448647,0.8248078730798831,52.50763057600203,4336.175651956447,0.0,0.8528228402137756,0.9251465797424316,0.9358869194984436,0.9388133883476257,0.08306407928466797,0.976647254990894,1.0179856990628058,0.5053888269821751,3.3625082996076507,-0.2357048928737639,0.6110071539878845,1.1575393676757812,1.3180499076843262,1.3841502666473389,0.7070427536964417,0.9766472578048706,-0.09622812952634882,0.861572265625,75.72664642333984,0.9409690499305725,14116.0,0.8335447907447815,0.31414997577667236,1453.176610818372,483.6794661605491,10.170657315851498,2.271103303852009,0.8432376458293289,0.009244382473725268,0.8122367723259973,0.004889368745331272,0.8134021642762645,0.06131923180697671,0.6597524802452815,0.007958900096017902,0.06866455078125,0.04986572265625,0.0299072265625,0.01983642578125,0.0179443359375,0.02032470703125,0.02532958984375,0.03961181640625,0.0460205078125,0.0355224609375,0.02215576171875,0.0159912109375,0.01611328125,0.02008056640625,0.02618408203125,0.04742431640625,0.08905029296875,0.40997314453125,2.2651362277573135,0.0096435546875,0.01007080078125,0.00653076171875,0.00445556640625,0.00323486328125,0.0047607421875,0.0045166015625,0.00555419921875,0.00433349609375,0.03228759765625,0.00360107421875,0.03204345703125,0.00439453125,0.01153564453125,0.01324462890625,0.01446533203125,0.74517822265625,0.09014892578125,1.1401834033060647,14040.0,1785.5798692519663,0.05533735662662432,0.29008592427500646,0.85693359375,151.18982010174742,144.6887491940304,0.85693359375,,,,,,,,,,,,,,,,,,,,,,,,,,,,,,,,,,,,,,,,,,,,,,,,,,,,,,,,,,,,,,,,,,,,,,,,,
35,-1.1261884658217696,1.4670112510910944,1.2764145568787784,0.49012119088605877,-2.4145634174346924,-2.2282896041870117,-1.6694681644439697,-0.5518252849578857,1.590323567390442,1.676464319229126,0.045366468478277966,1.0578574128219624,4.182929325777889,16.5737016888873,-0.2132049947977066,-0.2132049947977066,-0.2132049947977066,-0.2132049947977066,-0.2132049947977066,0.0,-9.762084829390005e-08,0.0,,,-9.762084829390005e-08,-9.762084829390005e-08,-9.762084829390005e-08,-9.762084829390005e-08,-9.762084829390005e-08,0.0,1.1380296690138039,11.618089821998277,52.458906188644356,2908.7224607553712,0.0,0.683290883898735,0.8851102590560913,0.9081573486328125,0.9149794578552246,0.22486646473407745,1.1715549077393916,1.707180448723823,-0.06941847834966042,2.0977348108485314,-1.4319066762924193,0.524894118309021,1.642536997795105,2.0150845050811768,2.294495105743408,1.4901903867721558,1.1715549230575562,0.03872333753727097,0.79962158203125,765.2679443359375,1.5720292329788208,13101.0,4.0585211991128745e-07,0.6730054616928101,1812.857497084021,455.24126807367384,10.997366466412592,2.0375885472123936,0.8893498041831092,0.007455300930299405,0.8771408570758844,0.004355314049807657,0.580444126227882,0.10349364416807437,0.7693950519122894,0.007653408361187863,0.06951904296875,0.0535888671875,0.0260009765625,0.0137939453125,0.01275634765625,0.0145263671875,0.0174560546875,0.021484375,0.0272216796875,0.0263671875,0.0172119140625,0.015625,0.01123046875,0.016845703125,0.024169921875,0.05859375,0.1025390625,0.4710693359375,2.058832682373393,0.00732421875,0.00885009765625,0.004638671875,0.00323486328125,0.00152587890625,0.00274658203125,0.0029296875,0.00164794921875,0.001220703125,0.03125,0.00091552734375,0.0318603515625,0.00274658203125,0.00897216796875,0.01202392578125,0.0111083984375,0.79754638671875,0.0694580078125,0.935043588399774,13041.0,2543.6662684342314,0.025327976656290795,0.28645884721661957,0.79595947265625,154.7244210057056,148.2403146233819,0.79595947265625,,,,,,,,,,,,,,,,,,,,,,,,,,,,,,,,,,,,,,,,,,,,,,,,,,,,,,,,,,,,,,,,,,,,,,,,,
36,-0.8308787659331074,1.2448415031698792,1.0141670921837234,0.04153256383671877,-2.0272111892700195,-1.8862550258636475,-1.2167140245437622,-0.12430491298437119,1.1795382499694824,1.7619501128792763,0.01319501002353718,0.9682651510003786,2.7941816637818877,7.161173608729758,-0.35787200927734375,-0.35787200927734375,-0.35787200927734375,-0.35787200927734375,1.2958621978759766,0.0,-0.06891420566604722,0.7331063723214333,7.055590296419134,54.27111596357963,-0.14133862853050233,-0.1412966102361679,-0.1412966102361679,-0.1412966102361679,-0.14122799187898635,0.0,1.9602725110907766,92.65579944355282,125.91836558530171,16014.557432916747,0.0,0.2270456999540329,0.821949303150177,0.8829745054244995,1.4618104457855239,0.6559288054704666,0.8440737757678107,1.444858720445113,0.06403266356677646,1.380944317221358,-1.1160245895385739,0.11882293224334717,1.0350370407104492,1.6329562664031982,1.9265328407287623,1.514133334159851,0.8440737724304199,0.09727716152181715,0.74249267578125,11794.8955078125,2.5933165550231934,12165.0,0.31929197907447815,0.6121857166290283,2141.0308620357673,610.4025873775873,17.7609351095775,3.3038874915289456,0.7183747803032202,0.010587652816221742,0.7031609988933858,0.006544318508613214,0.6167424224302629,0.10785502216209,0.4944782184694862,0.00923275789671129,0.067138671875,0.05487060546875,0.0269775390625,0.01910400390625,0.01300048828125,0.02001953125,0.02178955078125,0.03851318359375,0.0438232421875,0.04083251953125,0.02337646484375,0.01953125,0.01654052734375,0.01873779296875,0.02587890625,0.04522705078125,0.08282470703125,0.42181396484375,2.2369519498256536,0.0234375,0.01800537109375,0.00982666015625,0.00872802734375,0.0067138671875,0.0079345703125,0.00653076171875,0.00604248046875,0.0050048828125,0.0313720703125,0.0052490234375,0.033203125,0.00775146484375,0.01483154296875,0.02264404296875,0.02215576171875,0.63140869140625,0.13916015625,1.4935898147282627,12020.0,3188.1170619230634,0.01486092398162665,0.29649332499770664,0.7337769366949515,153.22936201563158,146.33939228141858,0.733642578125,,,,,,,,,,,,,,,,,,,,,,,,,,,,,,,,,,,,,,,,,,,,,,,,,,,,,,,,,,,,,,,,,,,,,,,,,
37,-1.2947320049461268,1.248720620418353,1.1638698321164913,0.6692791371596365,-2.4534740447998047,-2.253355026245117,-1.6529977321624756,-0.6524023413658142,0.5483121275901794,1.600952684879303,0.18761241319339206,1.4902354585213757,3.6763899033649254,11.87463856589133,-0.20794032514095306,-0.20794032514095306,-0.20794032514095306,-0.20794032514095306,-0.20794032514095306,0.0,0.34142843324903716,1.9978568912087216,3.2494950826427313,9.639698999544411,-0.09421936348080635,-0.09413149952888489,-0.09413149952888489,-0.09413149952888489,-0.0868031576275825,0.0,1.4850511810467992,9.152530067680104,24.323054576507616,730.5853029874163,0.0,0.7321233153343201,0.9246928095817566,0.9488708972930908,0.9543437957763672,0.21674758195877075,1.4823444076362193,2.001751550979531,1.4222097080432305,4.245941040929882,-0.7562524676322937,0.511168360710144,1.5784701108932495,2.112121105194092,2.378946542739868,1.6009527444839478,1.482344388961792,-0.10376530036363826,0.79559326171875,374.5997619628906,1.3308558464050293,13035.0,0.6513397693634033,0.9325559735298157,1742.3263214521994,494.7646458990585,9.708036567914172,2.1294145346798725,0.8841335360068362,0.009785609567831564,0.843137893031564,0.005956367929196746,0.7292652461421137,0.07535050714745013,0.7109169849846128,0.010075275669326637,0.0750732421875,0.06292724609375,0.027099609375,0.01556396484375,0.0126953125,0.01617431640625,0.01409912109375,0.02239990234375,0.02734375,0.02081298828125,0.01324462890625,0.0126953125,0.0106201171875,0.01318359375,0.02337646484375,0.060302734375,0.105712890625,0.4666748046875,2.045712564748955,0.008056640625,0.007080078125,0.004150390625,0.00408935546875,0.0020751953125,0.00335693359375,0.004150390625,0.00372314453125,0.0025634765625,0.03338623046875,0.0032958984375,0.0345458984375,0.0042724609375,0.01434326171875,0.0208740234375,0.018798828125,0.760498046875,0.07073974609375,1.0937949543863976,12936.0,3002.430770422048,0.018032829079160092,0.28101725264292765,0.7931816788276412,151.73782119958284,145.62319917411614,0.78955078125,,,,,,,,,,,,,,,,,,,,,,,,,,,,,,,,,,,,,,,,,,,,,,,,,,,,,,,,,,,,,,,,,,,,,,,,,
39,-0.9196223854016807,1.1126874537971487,1.3746700175846807,1.3581105532493911,-1.9534709453582764,-1.748809814453125,-1.3053772449493408,-0.38440218567848206,0.6389034986495972,1.364407628774643,-0.05445607543867936,0.9791568468638469,2.835526676437588,7.0375607760233425,-0.42600464820861816,-0.42600464820861816,-0.42600464820861816,-0.42600464820861816,0.9852858185768127,0.0,0.006928983753997642,1.0174143853214344,3.799081557334538,13.119287106611655,-0.2631830483675003,-0.26303496956825256,-0.26303496956825256,-0.2630349397659302,-0.21006593257188758,2.9802322387695312e-08,1.0617469688673538,5.410906530408622,43.40398191310831,2734.6350692665737,0.0,0.5884629637002945,0.8617467880249023,0.9016071557998657,1.0390391230583198,0.31314419209957123,0.8651663097135724,1.3448276988078587,0.10806695672876995,2.3133525275109923,-0.7579164505004883,0.26538926362991333,1.0435829758644104,1.4933561086654663,1.7859684109687808,1.227966845035553,0.8651663064956665,-0.0709516571886209,0.781982421875,424.3822937011719,1.7536382675170898,12812.0,0.035788893699645996,0.7988987565040588,1505.3979427993,483.6865733854488,14.403803379914285,2.9889978178409233,0.6892195301844041,0.014662141768727016,0.6498400721018776,0.008965608923860398,0.7881247085091171,0.06708057337229353,0.422372501452749,0.01168816385306255,0.06964111328125,0.05108642578125,0.0291748046875,0.02081298828125,0.01763916015625,0.01654052734375,0.02276611328125,0.0316162109375,0.03851318359375,0.03173828125,0.0213623046875,0.013916015625,0.01470947265625,0.0185546875,0.02532958984375,0.04986572265625,0.10418701171875,0.42254638671875,2.2104501212381495,0.02349853515625,0.01727294921875,0.01324462890625,0.009521484375,0.00775146484375,0.0087890625,0.00872802734375,0.00823974609375,0.0072021484375,0.037353515625,0.00543212890625,0.03662109375,0.01019287109375,0.01959228515625,0.02655029296875,0.02874755859375,0.576171875,0.15509033203125,1.656670252311714,12692.0,2517.0916292848974,0.02517339999765829,0.3552987557887922,0.774658203125,155.43934054819104,145.29735856039414,0.774658203125,,,,,,,,,,,,,,,,,,,,,,,,,,,,,,,,,,,,,,,,,,,,,,,,,,,,,,,,,,,,,,,,,,,,,,,,,
4,0.03400036628536718,1.3425100342394003,-0.506187425058035,-0.046374460219253066,-1.9385688304901123,-0.6529877185821533,0.09198920428752899,0.9417030811309814,1.8115043640136719,1.5946907997131348,0.7477276989094435,1.3791538107943209,0.5042669736185993,-1.2033401627881162,-0.7159579992294312,-0.4172714650630951,0.2654404640197754,1.9722203016281128,3.081627368927002,2.389491766691208,0.17483422017153316,0.9933073249194174,0.935483470541101,0.12164279145751289,-0.8744524717330933,-0.539400577545166,-0.1086195856332779,0.7529425621032715,1.7102338075637817,1.2923431396484375,6.122065868255287,237.12120511789132,72.2439178939439,5290.903618013928,0.0,0.0,0.08454279601573944,1.6322826147079468,3.587568998336792,1.6322826147079468,0.7137273330326934,2.1652905013824837,0.9706125485133064,0.11296188759758907,-1.4986903667449951,-0.8333739638328552,0.0643850564956665,1.780380129814148,4.30211067199707,2.613754093647003,0.7137273550033569,0.8026771483959393,0.45751953125,17393.53515625,6.328256130218506,7496.0,-0.0047951340675354,4.225445747375488,1291.987252961376,467.0754492533354,24.79259159703572,4.937940060490789,0.13466405824233477,0.020570686319442574,0.08539402028960126,0.007252013558413684,0.9071877603274862,0.033504801100644556,0.007344730401872249,0.0013009126519661065,0.0545654296875,0.0533447265625,0.03302001953125,0.0289306640625,0.02191162109375,0.025634765625,0.02630615234375,0.02679443359375,0.02435302734375,0.03240966796875,0.01971435546875,0.02264404296875,0.020263671875,0.021240234375,0.0340576171875,0.0611572265625,0.08746337890625,0.40618896484375,2.291141619324372,0.05462646484375,0.0394287109375,0.03497314453125,0.0283203125,0.02386474609375,0.0277099609375,0.0252685546875,0.0374755859375,0.037841796875,0.0382080078125,0.0252685546875,0.02813720703125,0.02691650390625,0.03216552734375,0.04266357421875,0.04888916015625,0.089111328125,0.359130859375,2.4242899928937307,5440.0,1312.1402230514273,0.039705280287159604,0.8754740105964052,0.6427221172022685,147.3771601568689,71.22225327255735,0.6159420289855072,20030919,1.3.6.1.4.1.14519.5.2.1.8162.5966.133932809090211809308793785383,C:\Users\ferra\Documents\breast_cancer_nac\data\raw\ISPY1\manifest-1554746803134\QIN-BREAST-02\QIN-BREAST-02-0004\09-19-2003-NA-2065127840-09025\8601.000000-dynamicsmartTX6deg-85383,dynamic_smartTX_6deg,550,True,T0,,,,Negative,Negative Finding,,,,,,,,,,,0,2003-08-23 00:00:00,56,Not Hispanic or Latino,White,Left,IIIA,T2,N2a,M0,3.1,MRI,positive,Fine needle aspiration biopsy,Not amplified,Negative,,High Grade,Invasive Ductal Carcinoma,,High,YES,,Cisplatin,2003-10-01 00:00:00,2003-10-24 00:00:00,Doxorubicin (Adriamycin),2004-01-05 00:00:00,2004-01-05 00:00:00,,,,,,,,,,Yes,Yes,Yes,No,,,,,,Died,2004-02-23 00:00:00,,Died of metastatic disease before surgery.
40,-1.1574680408391487,0.9986570454668745,2.126168890550128,4.141905007616117,-1.8676468133926392,-1.7308076620101929,-1.5939685106277466,-0.9781923890113831,0.18494024872779846,0.7526152729988098,0.04533058441711546,1.1000429152871931,4.078989526522345,15.150561891674982,-0.22666093707084656,-0.22666093707084656,-0.22666093707084656,-0.22666093707084656,-0.22666093707084656,0.0,2.0568660662222734e-10,2.130418779804046e-07,0.7565737800926019,12.206344892381187,-3.796801939515149e-09,-3.795466163580841e-09,-3.795466163580841e-09,-3.795466163580841e-09,-3.793554581577041e-09,0.0,1.1779658315963388,5.892683958785804,34.839356533697455,1407.9918450358887,0.0,0.7967216968536377,0.8578003644943237,0.8740227222442627,0.8829266428947449,0.077301025390625,1.2027986023722406,1.338549141095936,0.7777399283130697,6.130900685542649,-0.06950335204601288,0.8883706331253052,1.3673075437545776,1.572566270828247,1.7094054222106934,0.6841956377029419,1.20279860496521,0.03768754908210567,0.88458251953125,250.97976684570312,1.9230599403381348,14493.0,9.798339917210797e-09,0.9898587465286255,1816.5548425276017,473.8207542112802,9.526717357268867,1.9996039843481594,0.9256987683612983,0.008002189080133759,0.9044907049351093,0.004389295384857209,0.680324902452648,0.08182340901364994,0.8181227012279862,0.007953484046139795,0.083740234375,0.06268310546875,0.0283203125,0.0140380859375,0.00872802734375,0.0106201171875,0.01318359375,0.0115966796875,0.0150146484375,0.015869140625,0.0078125,0.0081787109375,0.00799560546875,0.01580810546875,0.02349853515625,0.0650634765625,0.1185302734375,0.48931884765625,1.9191113474785626,0.0048828125,0.00506591796875,0.00421142578125,0.00244140625,0.0015869140625,0.002197265625,0.00213623046875,0.0020751953125,0.00103759765625,0.00164794921875,0.001953125,0.0015869140625,0.001220703125,0.00115966796875,0.00128173828125,0.00146484375,0.9288330078125,0.03521728515625,0.400740659255179,14465.0,2048.0834405894348,0.043334422138804306,0.20480571442768272,0.88287353515625,150.760148517671,147.56443224357307,0.88287353515625,,,,,,,,,,,,,,,,,,,,,,,,,,,,,,,,,,,,,,,,,,,,,,,,,,,,,,,,,,,,,,,,,,,,,,,,,
41,-0.6040205721333223,1.2950538312894069,1.5322854781489181,1.6119970577024167,-1.7842789888381958,-1.4703099727630615,-0.967959463596344,-0.3400213420391083,1.524954807758377,1.1302886307239532,0.22105000891315285,1.4738581140946385,3.9049483882547538,13.966558376059059,-0.16938811540603638,-0.16938811540603638,-0.16938811540603638,-0.16938811540603638,-0.16938811540603638,0.0,2.7352370314450564e-12,2.426178978224805e-08,6.839811872630666,48.04809939397669,-2.6200379643626093e-09,-2.6200377423180043e-09,-2.6200377423180043e-09,-2.6200377423180043e-09,-2.6200375202733994e-09,0.0,1.1614818269438274,5.3216027292194585,34.31142162389309,1471.703458318749,0.0,0.6361995339393616,0.8356649279594421,0.8938596844673157,0.9141317009925842,0.2576601505279541,0.8250705905343239,1.8621023955518206,1.186410532561146,5.199235337200076,-1.3364181518554688,0.2962208688259125,0.8613651394844055,1.4265093803405762,1.740478515625,1.1302885115146637,0.8250705599784851,0.2679162203102472,0.79132080078125,266.32049560546875,2.798011302947998,12965.0,3.278759486136096e-09,0.8771312832832336,2307.837722867534,670.3648662017298,12.540024262368272,2.8278002459245672,0.8979082978239683,0.011054044181119993,0.8811867383009601,0.006324651460414156,0.594986329483895,0.11641355031488666,0.7765300689735807,0.011172590356868644,0.06951904296875,0.05731201171875,0.02911376953125,0.0177001953125,0.01446533203125,0.01470947265625,0.017578125,0.02508544921875,0.0341796875,0.02764892578125,0.015869140625,0.0123291015625,0.01007080078125,0.01727294921875,0.02593994140625,0.05499267578125,0.098388671875,0.45782470703125,2.101427167872012,0.006103515625,0.00836181640625,0.0062255859375,0.00469970703125,0.00299072265625,0.0040283203125,0.0029296875,0.00244140625,0.00201416015625,0.00189208984375,0.00189208984375,0.0018310546875,0.0010986328125,0.001220703125,0.00091552734375,0.00079345703125,0.9130859375,0.0374755859375,0.4808993164631794,12945.0,2848.993216262562,0.02004144764406099,0.2434666607795898,0.79010009765625,149.68925722018474,145.18499766149623,0.79010009765625,,,,,,,,,,,,,,,,,,,,,,,,,,,,,,,,,,,,,,,,,,,,,,,,,,,,,,,,,,,,,,,,,,,,,,,,,
42,-1.370891727034362,1.1101649618065472,1.3928310356780425,1.3349484153777667,-2.3353421688079834,-2.2004103660583496,-1.7956147193908691,-0.8061143755912781,0.31831780076026917,1.3942959904670715,-0.08632476510871356,0.8524648727857793,4.282863530435972,17.71024639131653,-0.2982821464538574,-0.2982821464538574,-0.2982821464538574,-0.2982821464538574,-0.2982821464538574,0.0,-0.0741705997757407,0.6679653634420126,7.388316228444775,61.74869777948989,-0.1289505660533905,-0.1289505660533905,-0.1289505660533905,-0.1289505660533905,-0.1289505660533905,0.0,1.2725540844072043,18.849091960615095,74.13729075272003,6219.295842644156,0.0,0.7655134797096252,0.9010701775550842,0.9199917316436768,0.9262600541114807,0.1544782519340515,1.284566962097415,1.3204887500592395,0.26524115080463356,3.5285499671842917,-0.4366908073425293,0.6427640914916992,1.5872870683670044,1.9471054077148438,2.0941543579101562,1.3043413162231445,1.284566879272461,-0.009461664852695105,0.8345947265625,1811.512939453125,1.4892659187316895,13674.0,0.15055321156978607,0.3465164303779602,1590.230163716741,402.75416042153563,10.426492778891093,1.9269674241619308,0.8728259375903523,0.008810393504947922,0.861033333586914,0.005579016967843012,0.6126957547942677,0.0962500875798001,0.7414095269781216,0.00961118721189565,0.0794677734375,0.05706787109375,0.02655029296875,0.01715087890625,0.0155029296875,0.01544189453125,0.020751953125,0.0238037109375,0.02655029296875,0.02276611328125,0.01519775390625,0.012939453125,0.0123291015625,0.01275634765625,0.022705078125,0.0618896484375,0.09814453125,0.458984375,2.0846774107717305,0.01007080078125,0.00872802734375,0.00439453125,0.0030517578125,0.00213623046875,0.00360107421875,0.00347900390625,0.00244140625,0.002197265625,0.03179931640625,0.00115966796875,0.03314208984375,0.00311279296875,0.00994873046875,0.01409912109375,0.01507568359375,0.77752685546875,0.07403564453125,1.0163707572761453,13576.0,2273.35151391472,0.033010226716065495,0.31004891292468223,0.82861328125,154.9811823121483,147.34380364148782,0.82861328125,,,,,,,,,,,,,,,,,,,,,,,,,,,,,,,,,,,,,,,,,,,,,,,,,,,,,,,,,,,,,,,,,,,,,,,,,
43,-0.9427810155800671,1.6128710891285687,0.2212803677872097,-1.2790083195514361,-2.9309816360473633,-2.6683614253997803,-1.0269856452941895,0.4174250364303589,1.2709404230117798,3.085786461830139,0.13260796551878684,1.1095360849047349,2.4190024107213866,5.1549851046444495,-0.3975565433502197,-0.3975565433502197,-0.3975565433502197,0.12861287593841553,1.6018872261047363,0.5261694192886353,0.07418417121142795,1.181072025220134,4.328220970028257,17.16489220290484,-0.1784932091832161,-0.17834454774856567,-0.17834454774856567,-0.17834454774856567,-0.17651961743831635,0.0,1.383730039873047,13.329265967941824,37.67762062860428,1828.991787449934,0.0,0.0,0.8235812783241272,0.9203625917434692,1.5058815240859986,0.9203625917434692,1.0753889813181559,1.842352670935245,0.2365904025652916,-0.24364075203754298,-1.340221881866455,-0.4365359768271446,1.1681721210479736,2.4156177043914795,3.139402604103089,2.852153681218624,1.0753889083862305,0.05432800410327065,0.64642333984375,882.1981811523438,2.3002030849456787,10591.0,0.2524922490119934,0.5481855869293213,2206.2505056561463,592.4939689900673,20.99020152846107,3.725887795649176,0.6074396184407106,0.018701805408905033,0.5650667908671638,0.010731012983096037,0.7086893589993126,0.07743189571840506,0.31941563278055846,0.01221420375197557,0.06622314453125,0.05328369140625,0.026123046875,0.01873779296875,0.01690673828125,0.018310546875,0.02239990234375,0.03375244140625,0.045166015625,0.03790283203125,0.02178955078125,0.0191650390625,0.01690673828125,0.01953125,0.029541015625,0.0474853515625,0.09222412109375,0.41455078125,2.2499913960104254,0.03118896484375,0.02410888671875,0.01580810546875,0.01263427734375,0.00885009765625,0.0076904296875,0.0086669921875,0.00848388671875,0.00640869140625,0.03466796875,0.00701904296875,0.033203125,0.0096435546875,0.01800537109375,0.02630615234375,0.03216552734375,0.5372314453125,0.17791748046875,1.7407064295469752,10372.0,2451.35151391472,0.021690081732876072,0.4552422751071294,0.6369442397445345,155.03718067498588,138.04008314967174,0.633056640625,,,,,,,,,,,,,,,,,,,,,,,,,,,,,,,,,,,,,,,,,,,,,,,,,,,,,,,,,,,,,,,,,,,,,,,,,
44,-0.8662726867414676,1.1611993002557066,1.4238290042892112,2.226486028583798,-2.0168216228485107,-1.830315113067627,-1.0842887163162231,-0.33826231956481934,0.594270646572113,1.4920527935028076,-0.032791635016110376,0.8788636546428841,7.634581747477929,57.34702508934721,-0.15175606310367584,-0.15175606310367584,-0.15175606310367584,-0.15175606310367584,-0.15175606310367584,0.0,-0.028690613956445787,0.8996040965696137,7.138704625550315,49.66106965713431,-0.15586185455322266,-0.15586185455322266,-0.15586185455322266,-0.15586185455322266,-0.15586185455322266,0.0,0.9071449005242016,2.7592373442227753,60.14568366783938,4651.9593241804605,0.0,1.0021344423294067,1.002648115158081,1.0060386657714844,1.0167837142944336,0.0039042234420776367,0.8334810634328278,1.4073207200909954,0.8438445664347586,8.58335228322845,-0.683857798576355,0.2486751228570938,0.9325326681137085,1.6785590648651123,1.865065574645996,1.4298839420080185,0.8334810733795166,-0.004920352822111809,0.7991943359375,250.17103576660156,1.0341404676437378,13094.0,0.667273759841919,0.5664527416229248,1068.5992208968314,277.03255141121883,4.820986483409958,1.1180415348862185,0.9727082465780694,0.0044735276685533764,0.9665139484465656,0.0023585272737430144,0.45995237036164,0.13737036747066558,0.9341547751926713,0.004560946718112624,0.0751953125,0.06060791015625,0.0262451171875,0.01812744140625,0.01220703125,0.0147705078125,0.01416015625,0.02044677734375,0.02618408203125,0.0238037109375,0.013427734375,0.01116943359375,0.0123291015625,0.015869140625,0.024658203125,0.0562744140625,0.11114501953125,0.46337890625,2.054791430280106,0.0018310546875,0.00274658203125,0.00128173828125,0.00079345703125,0.00067138671875,0.0010986328125,0.0010986328125,0.00128173828125,0.000244140625,0.00018310546875,0.00030517578125,0.0,0.0,0.0,0.0,0.0,0.9786376953125,0.00982666015625,0.14297293023392807,12980.0,3369.0409434773146,0.014370503295660923,0.23413474712058147,0.792236328125,154.39520893048035,150.1036637289182,0.792236328125,,,,,,,,,,,,,,,,,,,,,,,,,,,,,,,,,,,,,,,,,,,,,,,,,,,,,,,,,,,,,,,,,,,,,,,,,
45,-1.751308199438597,0.7635830475816062,1.8290835571015043,3.897275171119123,-2.3951339721679688,-2.324855327606201,-2.008601427078247,-1.4463719129562378,-0.7435852289199829,0.8784834146499634,-0.26584121034693453,0.6501342411752004,5.3060171200220605,28.690282240732493,-0.4034867286682129,-0.4034867286682129,-0.4034867286682129,-0.4034867286682129,-0.4034867286682129,0.0,-0.10429676967563495,0.5557487379762899,10.612685034030777,117.43147566636762,-0.15006834268569946,-0.15006786584854126,-0.15006786584854126,-0.15006786584854126,-0.15006725937128068,0.0,1.1193916695232247,7.567717899405047,45.336363477252895,2395.60957115901,0.6182061791419983,0.8096655011177063,0.8674147129058838,0.8834737539291382,0.8888610005378723,0.07380825281143188,1.4854669899978035,0.9609384553948045,0.6281741366892539,7.169850557813064,0.4455164670944214,1.0780245065689087,1.6753933429718018,1.9213685989379883,1.9916472434997559,0.8433440923690796,1.4854669570922852,-0.10874987663429218,0.92999267578125,496.7330322265625,1.2019630670547485,15237.0,0.3302960693836212,0.7220805287361145,870.3193031367772,243.81754211907383,6.617700339550704,1.237093276115994,0.895067787067668,0.005826136860668059,0.8871203201984651,0.0037393698568682376,0.6741779898751701,0.09005341011274003,0.7869964453959538,0.006645024823489238,0.07171630859375,0.0623779296875,0.0245361328125,0.0157470703125,0.01068115234375,0.01556396484375,0.0185546875,0.02825927734375,0.0322265625,0.029296875,0.0147705078125,0.01153564453125,0.010498046875,0.01519775390625,0.0263671875,0.0589599609375,0.104248046875,0.449462890625,2.1036306528306628,0.00750732421875,0.0072021484375,0.00592041015625,0.00372314453125,0.00201416015625,0.0028076171875,0.0030517578125,0.00244140625,0.00177001953125,0.02996826171875,0.00140380859375,0.0303955078125,0.00384521484375,0.00860595703125,0.0126953125,0.01324462890625,0.8062744140625,0.05712890625,0.9286876183657584,15229.0,1736.6742776609447,0.06345188185607675,0.15627055752506855,0.92950439453125,149.4848583954787,147.6483303354745,0.92950439453125,,,,,,,,,,,,,,,,,,,,,,,,,,,,,,,,,,,,,,,,,,,,,,,,,,,,,,,,,,,,,,,,,,,,,,,,,
46,-0.7586944514243896,1.4628089444161374,0.34587217277304433,-0.08255695040425914,-2.5576627254486084,-1.5588725805282593,-1.0594775676727295,-0.06068745627999306,0.9381026029586792,1.4981851242482662,-0.10792945410503307,0.546387173094402,12.2954453289024,158.2460053809541,-0.1609603315591812,-0.1609603315591812,-0.1609603315591812,-0.1609603315591812,-0.1609603315591812,0.0,0.032444135325291334,1.2137331724665863,4.879815180687065,32.98922221788547,-0.06735979542136192,-0.06735772639513016,-0.06735772639513016,-0.06735772639513016,-0.06735402047634124,0.0,1.0661371891734461,17.502688385269643,49.80796174018657,2732.711510650421,0.0,0.0,0.8596742451190948,0.9398163706064224,0.9624128341674805,0.9398163706064224,0.6507649872301045,1.5710989426698065,0.3206747469476086,2.8238417233842608,-1.0990629196166992,-0.10027287900447845,0.8985172510147095,1.897307276725769,2.396702289581299,1.9975801557302475,0.6507649421691895,-0.21570518447912623,0.63751220703125,1122.16455078125,0.9686916470527649,10445.0,0.1249350905418396,0.2865901589393616,928.5462006250838,223.51817815351149,4.283773291478606,0.9067470062378349,0.9771349362049419,0.0037833301251445077,0.9721264538520163,0.0021074221258739743,0.4316938928383533,0.1341625697415844,0.9450342835069132,0.004100729113442827,0.0880126953125,0.07196044921875,0.0355224609375,0.01416015625,0.00982666015625,0.0084228515625,0.00390625,0.00543212890625,0.00592041015625,0.009765625,0.0042724609375,0.006103515625,0.00927734375,0.01727294921875,0.0322265625,0.061767578125,0.12884521484375,0.4873046875,1.8582817615743494,0.00244140625,0.0030517578125,0.000732421875,0.00115966796875,0.00048828125,0.00067138671875,0.00054931640625,0.0008544921875,0.00018310546875,0.0001220703125,6.103515625e-05,0.0,0.0,0.0,0.0,6.103515625e-05,0.98272705078125,0.00689697265625,0.11956977440658716,10290.0,6808.374167428805,0.0027895773512962296,0.3218174356366066,0.6282434825080896,151.5905304398893,143.5261782484459,0.6280517578125,,,,,,,,,,,,,,,,,,,,,,,,,,,,,,,,,,,,,,,,,,,,,,,,,,,,,,,,,,,,,,,,,,,,,,,,,
47,-0.7836802772759484,1.2087528430933334,1.6662890119497105,2.020096862967806,-1.7873187065124512,-1.6250576972961426,-1.219405174255371,-0.4892306327819824,1.0522489547729492,1.1358270645141602,0.18834153630257333,1.3717359178522908,3.3348456954420596,9.443396869017038,-0.21164752542972565,-0.21164752542972565,-0.21164752542972565,-0.21164752542972565,-0.09215115010738373,0.0,0.171915248263959,1.3950774744851278,3.8417905215820927,12.926413215447043,-0.17825482785701752,-0.17825476825237274,-0.17825476825237274,-0.17825476825237274,-0.17804482579231262,0.0,0.8969661254551511,2.745606810059794,58.28753367319161,4102.904698326105,0.0,0.8785004019737244,0.9652156233787537,0.9769189357757568,0.9802426695823669,0.09841853380203247,0.9720218252896302,1.6514200240005923,0.9776821804324263,4.402073871537667,-0.8582439422607422,0.43984413146972656,1.088888168334961,1.4945406913757324,1.7379322052001953,1.0546965599060059,0.9720218181610107,0.016899070368120706,0.81573486328125,229.13082885742188,0.9819732904434204,13365.0,0.8970273733139038,0.08730143308639526,1444.0176805851218,382.5907520846857,8.637956865223867,1.7263209129554562,0.8842604083998201,0.008836857772837473,0.8404639363497878,0.005515571754391416,0.8093352408157447,0.0497111500574858,0.7064100498363581,0.009304586883021842,0.0684814453125,0.0570068359375,0.0260009765625,0.01824951171875,0.01446533203125,0.0135498046875,0.01934814453125,0.0264892578125,0.0289306640625,0.02728271484375,0.0146484375,0.01519775390625,0.0118408203125,0.01739501953125,0.0247802734375,0.05810546875,0.110595703125,0.4476318359375,2.116466141322654,0.00689697265625,0.0081787109375,0.00360107421875,0.00274658203125,0.001708984375,0.00360107421875,0.0048828125,0.003173828125,0.00274658203125,0.031005859375,0.00274658203125,0.0322265625,0.0042724609375,0.01239013671875,0.0201416015625,0.01953125,0.76251220703125,0.07763671875,1.074660124176162,13303.0,2433.6418818165916,0.02822579048738163,0.3982158895666315,0.8214263661623958,153.0705036798885,140.4103060787202,0.81195068359375,,,,,,,,,,,,,,,,,,,,,,,,,,,,,,,,,,,,,,,,,,,,,,,,,,,,,,,,,,,,,,,,,,,,,,,,,
48,-0.8197471619176895,0.7611738506227536,1.6815922805228407,4.637100201986144,-1.6318894624710083,-1.3964978456497192,-0.8864826560020447,-0.49416327476501465,-0.023380016908049583,0.9023345708847046,-0.16508710150628758,0.5667058725981561,7.5323752013336325,58.09258652258636,-0.24508249759674072,-0.24508249759674072,-0.24508249759674072,-0.24508249759674072,-0.24508249759674072,0.0,-0.1095234340434601,0.21115833715323154,14.248050384201719,395.0007381713138,-0.11247434467077255,-0.11247434467077255,-0.11247434467077255,-0.11247434467077255,-0.11247434467077255,0.0,0.9250470720822079,4.095411024515501,50.34604382751545,3523.715528886234,0.0,0.6525735855102539,0.836937427520752,0.8997857570648193,0.9149203896522522,0.24721217155456543,0.6546600611309259,0.923817833591057,0.5432854804631927,8.759542629435918,-0.2217024862766266,0.28831273317337036,0.6806320548057556,1.1906472444534302,1.4260388612747192,0.9023345112800598,0.6546601057052612,-0.0848739377400436,0.83367919921875,346.23492431640625,0.9208938479423523,13659.0,0.42724257707595825,0.5078961849212646,739.171602067397,179.86318338728358,4.421331264784748,0.8099751317942979,0.9491097823594573,0.004459145438183139,0.942090110465344,0.0025427967085069236,0.5841714377213878,0.10007434789943515,0.8875402420517049,0.004790963797862029,0.0870361328125,0.06298828125,0.0264892578125,0.01348876953125,0.00982666015625,0.01104736328125,0.01336669921875,0.0159912109375,0.02410888671875,0.01751708984375,0.011962890625,0.011474609375,0.0106201171875,0.01397705078125,0.02435302734375,0.060302734375,0.100341796875,0.485107421875,1.9741764055511575,0.00341796875,0.003662109375,0.00213623046875,0.00128173828125,0.0010986328125,0.00152587890625,0.0015869140625,0.00128173828125,0.0008544921875,0.02960205078125,0.00054931640625,0.030029296875,0.0032958984375,0.00665283203125,0.0103759765625,0.00811767578125,0.86151123046875,0.03302001953125,0.6970834736213132,13614.0,3276.9303371461597,0.01593166597208751,0.18218933044899457,0.8309833363852774,148.6954039778731,146.20675861870666,0.8309326171875,,,,,,,,,,,,,,,,,,,,,,,,,,,,,,,,,,,,,,,,,,,,,,,,,,,,,,,,,,,,,,,,,,,,,,,,,
49,-0.7222930226766948,1.2820208723738058,1.528217098892376,1.833495485647049,-1.9432836771011353,-1.666651964187622,-1.021178126335144,-0.37570425868034363,1.099664568901062,1.2909477055072784,0.28537976056395564,1.6155123982777737,3.416018591175303,9.851358209173272,-0.16975796222686768,-0.16975796222686768,-0.16975796222686768,-0.16975796222686768,-0.16975796222686768,0.0,0.34600602585690865,1.709218554216117,3.1014288288257257,7.697781214623992,-0.16675990372896193,-0.1666574329137802,-0.1666574329137802,-0.1666574329137802,-0.09960374906659117,0.0,1.0527099874177424,5.534346908586993,43.94292795830693,2185.001228358108,0.0,0.9734545052051544,0.9967239499092102,0.9981587529182434,1.021187424659729,0.02470424771308899,1.0076727876680707,1.8734284920358009,1.3392302471856252,5.1089352145495095,-0.8083698153495789,0.29815685749053955,0.9436306953430176,1.5891046524047852,1.8657363653182983,1.2909477949142456,1.0076727867126465,-0.06016457085188496,0.79693603515625,290.7101135253906,1.0517178773880005,13057.0,0.167992502450943,1.5273442268371582,1709.9633661111177,463.5580725697979,8.394031503855643,1.8815870283007583,0.9396193027014834,0.007217912728210309,0.8903172404932213,0.004376015035364482,0.787070202670241,0.05684953834671659,0.7926839382270544,0.007803501383075933,0.0743408203125,0.05975341796875,0.02154541015625,0.0137939453125,0.01025390625,0.0126953125,0.01513671875,0.02166748046875,0.0225830078125,0.02130126953125,0.0147705078125,0.0140380859375,0.00994873046875,0.013427734375,0.025146484375,0.0592041015625,0.12744140625,0.46295166015625,2.0247161314425774,0.00445556640625,0.00543212890625,0.004150390625,0.00225830078125,0.0009765625,0.003662109375,0.0023193359375,0.0013427734375,0.0023193359375,0.0029296875,0.00177001953125,0.00244140625,0.000732421875,0.00103759765625,0.00177001953125,0.00128173828125,0.9473876953125,0.01373291015625,0.33853757700566794,12961.0,3074.838887330012,0.017226761647204908,0.3035923642062659,0.79107666015625,152.102738508986,144.92379546760236,0.79107666015625,,,,,,,,,,,,,,,,,,,,,,,,,,,,,,,,,,,,,,,,,,,,,,,,,,,,,,,,,,,,,,,,,,,,,,,,,
5,-0.06662300415029954,0.8742773535356889,-0.2929637909433535,0.024428905774765308,-1.251958441734314,-0.6109662055969238,-0.019767768681049347,0.5198196768760681,1.02452552318573,1.130785882472992,0.563199104253036,0.6929307810493598,-0.7594392841341544,0.8210497565314143,-0.36662060022354126,0.2048312909901142,0.6292773485183716,1.04643714427948,1.3702216148376465,0.8416058532893658,0.18517202710506808,1.140293735973237,1.4376957824143675,1.4688780485487838,-0.9809809327125549,-0.6508146524429321,-0.037648774683475494,0.4811839163303375,1.94334876537323,1.1319985687732697,5.948171510892054,163.51872187760736,65.63678139290795,4555.663660487824,0.0,0.03028243314474821,0.6241905093193054,1.8054766654968262,4.534423828125,1.775194232352078,0.6298221078944835,0.9704462047873186,0.11706898427792231,0.26824643824583383,-0.5482090175151821,0.040641963481903076,0.5846652984619141,1.1817183792591095,1.9546325206756592,1.1410764157772064,0.6298221349716187,0.6002114887485005,0.62017822265625,11540.62890625,8.640385627746582,10161.0,-3.2866594791412354,3.456676959991455,1208.3388584477018,488.51505281085684,24.141467581081802,5.823267769790431,0.06665500623369795,0.02040768823829735,0.01551483562054358,0.002985445717505603,0.7777158518660715,0.09005675100021826,0.0002496230104646604,0.00010339386526693554,0.06671142578125,0.0526123046875,0.03436279296875,0.03594970703125,0.03240966796875,0.0279541015625,0.0255126953125,0.03375244140625,0.02911376953125,0.03558349609375,0.02459716796875,0.0260009765625,0.0225830078125,0.02294921875,0.02874755859375,0.0550537109375,0.0704345703125,0.37567138671875,2.386263436506111,0.06353759765625,0.04949951171875,0.03875732421875,0.03179931640625,0.03277587890625,0.03369140625,0.02978515625,0.0360107421875,0.03179931640625,0.0423583984375,0.02496337890625,0.024658203125,0.02337646484375,0.02734375,0.0360107421875,0.05029296875,0.06689453125,0.3564453125,2.442044056960232,9659.0,3315.0876246715407,0.011044651217150633,0.3564857252999303,0.6096698857539607,147.3468210361835,137.66624825927687,0.58953857421875,20030921,1.3.6.1.4.1.14519.5.2.1.8162.5966.170352547939943345245908256146,C:\Users\ferra\Documents\breast_cancer_nac\data\raw\ISPY1\manifest-1554746803134\QIN-BREAST-02\QIN-BREAST-02-0005\09-21-2003-NA-2065127852-88663\8101.000000-dynamicsmartTX6deg-56146,dynamic_smartTX_6deg,550,True,T0,,,,Positive,Positive,,,,,,,,,,,0,2003-07-11 00:00:00,38,Not Hispanic or Latino,Black or African American,Right,IIB,T2,N1,MX,2.2,MRI,positive,Fine needle aspiration biopsy,No HER2 result / Not done,Negative,Yes,High Grade,Invasive Ductal Carcinoma,,High,YES,,Cyclophosphamide,2003-09-26 00:00:00,2003-11-17 00:00:00,Doxorubicin (Adriamycin),2003-09-26 00:00:00,2003-11-17 00:00:00,Paclitaxel,2003-12-05 00:00:00,,,,,,,,Yes,Yes,Yes,No,Yes,,2,,2004-08-31 00:00:00,,,,
50,-1.1794765114385655,1.2235430361262305,1.5325864591940106,1.6692248428559093,-2.1390538215637207,-2.0249111652374268,-1.739554762840271,-0.5981289148330688,0.6003682613372803,1.426782250404358,0.09061202232715004,1.1349980349753708,3.2866270341818082,9.701531162090093,-0.254437118768692,-0.254437118768692,-0.254437118768692,-0.254437118768692,0.6230478882789612,0.0,-1.5406743956243758e-09,8.929012015226262e-07,1.35990751888212,13.476640002487908,-2.6572289080206702e-08,-2.6131441899224228e-08,-2.613144012286739e-08,-2.613143834651055e-08,-2.579242153188943e-08,3.552713678800501e-15,1.1651981456458245,4.74287740427423,25.220093668936265,797.6192743923203,0.0,0.6733923554420471,0.858380138874054,0.8777905702590942,1.0463769435882568,0.20439821481704712,1.2700885473125254,1.5751348858309449,0.4618790823959058,3.0785829417448856,-0.5694489479064941,0.571976900100708,1.5421890020370483,1.8275455236434937,2.055830478668213,1.2555686235427856,1.27008855342865,0.07134303732832374,0.82373046875,177.3698272705078,2.8956222534179688,13496.0,2.9033502713105008e-08,0.8422746658325195,2334.8756696017845,652.9652666141122,15.612184100643356,3.0495094699672993,0.799528657033433,0.012481469742732188,0.7823790139870518,0.007555067170759157,0.5954982765033106,0.11107174382846373,0.6121740005673062,0.011871068736206608,0.07806396484375,0.05926513671875,0.02178955078125,0.01336669921875,0.01177978515625,0.0145263671875,0.01446533203125,0.02227783203125,0.02587890625,0.0224609375,0.010498046875,0.01068115234375,0.00994873046875,0.01348876953125,0.02288818359375,0.0635986328125,0.11029052734375,0.4747314453125,2.0059996426512456,0.01287841796875,0.013671875,0.0103759765625,0.00543212890625,0.00445556640625,0.0052490234375,0.004638671875,0.0042724609375,0.00274658203125,0.0338134765625,0.002685546875,0.03546142578125,0.00616455078125,0.01495361328125,0.020263671875,0.02130126953125,0.68182373046875,0.11981201171875,1.3259549185005661,13391.0,2334.866232540481,0.030867315815583024,0.31865578885640766,0.81732177734375,154.07047390440113,146.03885741604398,0.81732177734375,,,,,,,,,,,,,,,,,,,,,,,,,,,,,,,,,,,,,,,,,,,,,,,,,,,,,,,,,,,,,,,,,,,,,,,,,
51,-0.606025778645801,1.1653018875160333,0.3636104579995652,-0.32953354379446864,-2.205592393875122,-1.455764651298523,-0.6718537211418152,0.14614026248455048,0.9300511479377747,1.6019049137830734,-0.00021686321372271777,0.9795743737172117,1.9948592176423723,3.2982230781251687,-0.5912409424781799,-0.5514291524887085,-0.5514291524887085,0.2049945592880249,1.3993477821350098,0.7564237117767334,-0.01039384300305457,0.9852988806798928,3.506858939478622,11.225340130338536,-0.32533314526081086,-0.2808062955737114,-0.28025463223457336,-0.27601657807826996,0.1153543308377277,0.004789717495441437,1.2495791909440044,10.268590892186598,74.6377279016998,7353.985462647381,0.0,0.0,0.6840153336524963,0.8788305371999741,1.7662154316902166,0.8788305371999741,0.6058089151110266,1.397272884385688,0.28069228722397754,0.21146749691256694,-1.1065664291381836,-0.3567385971546173,0.5405898690223694,1.526883989572525,2.3257551193237314,1.8836225867271423,0.6058088541030884,0.016798971924440305,0.62030029296875,1072.525146484375,3.0354976654052734,10163.0,0.09081028401851654,0.5298560261726379,2850.7723423899806,984.7126345057729,28.429418231733735,6.174369886637884,0.36085126752577756,0.02595286923432459,0.3089293345824771,0.013180608538221996,0.6289370999492052,0.1269575449953047,0.09561106220700995,0.008188108220611143,0.059326171875,0.05023193359375,0.03717041015625,0.02825927734375,0.02191162109375,0.02642822265625,0.0289306640625,0.0377197265625,0.0631103515625,0.04217529296875,0.0283203125,0.0225830078125,0.01995849609375,0.02392578125,0.0306396484375,0.0469970703125,0.0736083984375,0.35870361328125,2.418995617767952,0.04339599609375,0.03033447265625,0.03076171875,0.026611328125,0.020263671875,0.02374267578125,0.023681640625,0.0220947265625,0.01959228515625,0.04034423828125,0.015869140625,0.03662109375,0.01947021484375,0.03167724609375,0.0430908203125,0.041259765625,0.2672119140625,0.26397705078125,2.3371912964016843,9221.0,2962.1170619230634,0.013206369695755763,0.6295621258275541,0.6773174673130601,152.9107734597023,118.80404779933066,0.621026400862069,,,,,,,,,,,,,,,,,,,,,,,,,,,,,,,,,,,,,,,,,,,,,,,,,,,,,,,,,,,,,,,,,,,,,,,,,
52,-0.4392268934807362,1.6137956518489176,0.5162238796332591,-0.37187364497669195,-2.18253755569458,-1.7832587957382202,-0.5854227542877197,0.6124132871627808,2.2095279693603516,2.395672082901001,0.26985181353040844,1.2656797143180218,2.3144610332461415,4.405778101179651,-0.32736319303512573,-0.32736319303512573,-0.32736319303512573,0.08015651814639568,2.142453193664551,0.4075197111815214,0.16104846636205927,1.303015860316135,3.3864825620874055,10.128999593416252,-0.2184843063354492,-0.2162870615720749,-0.2162870615720749,-0.21628651022911072,0.01344599723816029,5.513429641723633e-07,1.2976374963875799,22.690896210956865,109.48150298863906,13069.528920420902,0.0,0.0,0.8554465174674988,0.9434897899627686,1.0106536149978638,0.9434897899627686,0.709078703130217,1.7142829965115831,0.3896669147258063,1.1677364544851399,-1.347271203994751,-0.34702053666114807,0.6573382019996643,1.702976942062378,2.65373158454895,2.049997478723526,0.7090786695480347,0.15344304938607442,0.6602783203125,2744.615234375,1.9480143785476685,10818.0,0.49206870794296265,0.6667784452438354,1835.097403916966,555.8012247859779,16.999134005869,3.306954264916782,0.6635197138785672,0.011079988125489531,0.6308653057610505,0.006810557883126108,0.7758483049075372,0.06688334952579121,0.39803741771166307,0.008638756497213736,0.08642578125,0.06854248046875,0.03448486328125,0.0159912109375,0.00885009765625,0.00628662109375,0.00579833984375,0.006103515625,0.005615234375,0.00933837890625,0.00592041015625,0.00848388671875,0.01007080078125,0.01751708984375,0.03369140625,0.0599365234375,0.1195068359375,0.4974365234375,1.8571356136222057,0.02288818359375,0.0181884765625,0.0140380859375,0.01055908203125,0.0078125,0.0108642578125,0.00982666015625,0.01055908203125,0.00830078125,0.03717041015625,0.00726318359375,0.03485107421875,0.00848388671875,0.01678466796875,0.02032470703125,0.02410888671875,0.57965087890625,0.1583251953125,1.648640205550085,10260.0,5880.426945277441,0.0037285460125051845,0.37388825580996826,0.626220703125,155.44920033855217,144.17505404866898,0.626220703125,,,,,,,,,,,,,,,,,,,,,,,,,,,,,,,,,,,,,,,,,,,,,,,,,,,,,,,,,,,,,,,,,,,,,,,,,
53,-1.3770079079450852,0.8961110119950486,2.537784677385194,5.801352082120815,-1.9419047832489014,-1.8432166576385498,-1.6951844692230225,-1.3991199731826782,-0.4122384786605835,0.4440966844558716,-0.18212322444196616,0.5653536681878398,6.43161298281884,41.66826032071501,-0.27957767248153687,-0.27957767248153687,-0.27957767248153687,-0.27957767248153687,-0.27957767248153687,0.0,-4.052708476545464e-10,7.361672237020695e-09,3.0644465674784507,23.17131908473827,-7.689157088819343e-10,-7.689157088819343e-10,-7.689157088819343e-10,-7.689157088819343e-10,-7.689157088819343e-10,0.0,0.851367321149155,1.5420966923698183,46.0357046988966,3014.2066068432573,0.45280176401138306,0.8069828748703003,0.8397397994995117,0.8483203053474426,0.85602867603302,0.041337430477142334,1.1948846553784733,1.0202698714572687,-0.8865496281035234,6.355585185983214,0.2313489317893982,1.168886423110962,1.4649507999420166,1.5636389255523682,1.6623270511627197,0.39475250244140625,1.1948845386505127,-0.1524189873570935,0.90771484375,124.14518737792969,0.8629915118217468,14872.0,1.7314563116599402e-09,0.7022672891616821,1015.3129803379717,286.2367474819889,5.91167515498293,1.276391256658979,0.9458283797561299,0.006150077664533521,0.9392874095908427,0.004410390812429902,0.5628654257865141,0.12108730158850353,0.8822802893629934,0.008287915195990241,0.0809326171875,0.061767578125,0.025390625,0.01226806640625,0.01116943359375,0.0106201171875,0.0125732421875,0.02227783203125,0.02679443359375,0.01898193359375,0.0126953125,0.0074462890625,0.009521484375,0.0128173828125,0.02374267578125,0.06463623046875,0.1182861328125,0.46807861328125,1.9989295404162384,0.005615234375,0.004150390625,0.002685546875,0.00274658203125,0.0010986328125,0.00164794921875,0.00146484375,0.001220703125,0.0010986328125,0.00079345703125,0.00042724609375,0.00067138671875,0.0003662109375,0.000244140625,0.0003662109375,0.000244140625,0.95867919921875,0.0164794921875,0.2590758259346756,14872.0,1593.2945519839782,0.07361852274685408,0.22995063229630233,0.909268769870384,149.0247387438166,145.03121773530404,0.90771484375,,,,,,,,,,,,,,,,,,,,,,,,,,,,,,,,,,,,,,,,,,,,,,,,,,,,,,,,,,,,,,,,,,,,,,,,,
54,-0.734921823299814,1.0484224727840443,0.14692100860279864,-0.7418879371376952,-2.1424741744995117,-1.5779842138290405,-0.7500653862953186,0.0402207225561142,0.6799761652946472,1.6182049363851547,0.1944606873183261,1.1326936544309603,1.1288486355968392,-0.010194333282944168,-0.630648672580719,-0.630648672580719,-0.630648672580719,0.9045082330703735,2.055875778198242,1.5351569056510925,-0.033741481517036376,0.6748325113110972,4.259860416137239,39.51881045640342,-0.0671700194478035,-0.0671653002500534,-0.0671653002500534,-0.0671653002500534,-0.06716015338897705,0.0,4.4139779222207025,30.519932303501847,22.33234457442547,817.8933052750095,0.0,0.25678011775016785,0.6824095249176025,1.8079654276371002,5.754984664916994,1.5511853098869324,0.929382518460784,1.1986698794135058,0.25000498480136857,0.9284102003541013,-0.5581527769565582,0.18711289763450623,0.9471220970153809,1.6247236728668213,2.3695943355560303,1.437610775232315,0.9293825030326843,0.2455414886663686,0.73638916015625,1746.5008544921875,11.301260948181152,12065.0,-0.013514818623661995,5.710015773773193,3465.7638884408775,1050.1308438330523,32.146710525055745,6.005977714810401,0.465946199104699,0.023870558532730048,0.4166375670165503,0.010925792185052657,0.7170693294617987,0.08521370165198659,0.1737062351843414,0.009121141418870021,0.05096435546875,0.05889892578125,0.04473876953125,0.02960205078125,0.01873779296875,0.01898193359375,0.02215576171875,0.0389404296875,0.06475830078125,0.0443115234375,0.019287109375,0.01629638671875,0.01971435546875,0.02642822265625,0.03662109375,0.04693603515625,0.07574462890625,0.36688232421875,2.382279012258834,0.04425048828125,0.03045654296875,0.023681640625,0.0174560546875,0.0140380859375,0.01336669921875,0.013427734375,0.01361083984375,0.01226806640625,0.03558349609375,0.01123046875,0.03167724609375,0.01605224609375,0.025146484375,0.03863525390625,0.0361328125,0.38446044921875,0.238525390625,2.083991172998154,11880.0,3270.2308063157984,0.013959488135139525,0.16097472465355558,0.72509765625,150.25807743917917,148.29849108406927,0.72509765625,,,,,,,,,,,,,,,,,,,,,,,,,,,,,,,,,,,,,,,,,,,,,,,,,,,,,,,,,,,,,,,,,,,,,,,,,
55,-1.5789936388111983,0.7164514837156387,2.034920740721058,5.028286631889795,-2.237144947052002,-2.079195261001587,-1.7238082885742188,-1.368421196937561,-0.8155969977378845,0.7107740640640259,-0.2491968019921842,0.48764028335659293,7.483848425441204,57.11310049668349,-0.3215811848640442,-0.3215811848640442,-0.3215811848640442,-0.3215811848640442,-0.3215811848640442,0.0,-6.9092221287791675e-09,7.523366054604868e-08,4.963031552059867,25.299253207573457,-1.6754206910718494e-08,-1.6754206910718494e-08,-1.6754206910718494e-08,-1.6754206910718494e-08,-1.6754206910718494e-08,0.0,0.8617471083088049,2.9211671769752927,72.06787052349914,6330.843254067104,0.6405187249183655,0.7715889811515808,0.8176245093345642,0.8482161164283752,0.8587466478347778,0.07662713527679443,1.3297968576500807,0.811117071711815,-0.10667496551090934,8.37740073723252,0.5335032939910889,1.0863275527954102,1.4022271633148193,1.7971014976501465,1.9155638217926025,0.7107739448547363,1.3297967910766602,-0.18739450409792682,0.9312744140625,288.376953125,0.8611548542976379,15258.0,3.718238872352231e-08,0.6919552087783813,952.188502302662,223.81730699642227,5.123708355177072,0.9624097973970381,0.9605749421051991,0.0040468484433131315,0.9557226302322922,0.002638940799125635,0.5113826484254845,0.1129728076174832,0.9134127099466719,0.005054029466591443,0.08087158203125,0.064697265625,0.02532958984375,0.01324462890625,0.01214599609375,0.0130615234375,0.01397705078125,0.01849365234375,0.02044677734375,0.01885986328125,0.01239013671875,0.00970458984375,0.00885009765625,0.015380859375,0.02362060546875,0.05743408203125,0.1083984375,0.48309326171875,1.9793578077665408,0.00347900390625,0.00372314453125,0.00250244140625,0.0015869140625,0.0010986328125,0.0010986328125,0.00054931640625,0.00042724609375,0.00018310546875,0.000732421875,0.000244140625,0.00048828125,0.00042724609375,0.00018310546875,0.00018310546875,0.00018310546875,0.9703369140625,0.0125732421875,0.19303085821186666,15245.0,1454.5249993622774,0.09055134651308938,0.1834828407132703,0.93048095703125,150.53965825225342,147.98393335271228,0.93048095703125,,,,,,,,,,,,,,,,,,,,,,,,,,,,,,,,,,,,,,,,,,,,,,,,,,,,,,,,,,,,,,,,,,,,,,,,,
56,-1.2913335047521741,0.866859719378042,2.470631955997971,6.259418787408606,-1.9371578693389893,-1.7553989887237549,-1.5736401081085205,-1.2101222276687622,-0.39220699667930603,0.5452767610549927,-0.030887982338754227,0.9427173245848317,4.386273199521179,17.47112403603697,-0.24106985330581665,-0.24106985330581665,-0.24106985330581665,-0.24106985330581665,-0.24106985330581665,0.0,1.899993116461192e-13,3.354595227491044e-12,1.6708580828143227,5.753991221886228,-1.5561748395974406e-13,-1.553924225622741e-13,-1.553924225622741e-13,-1.553924225622741e-13,-1.541084547842554e-13,0.0,1.1989590718485488,5.228214740318153,22.987714726831662,616.9327778694251,0.5799916982650757,0.8147037625312805,0.8551710844039917,0.8694288730621338,0.8755545020103455,0.05472511053085327,1.2604455473710914,1.0561994239245682,0.536882905037513,8.005938501589442,0.33289605379104614,1.059931755065918,1.4234497547149658,1.6052086353302002,1.6960880756378174,0.5452768802642822,1.2604455947875977,-0.024505551574834892,0.92340087890625,154.3602294921875,0.8862292766571045,15129.0,-1.4368860918809179e-13,1.0770108699798584,1408.328749605275,321.6409915079729,6.460713713106714,1.2976839240225735,0.9642538488723869,0.005324231977723299,0.9343088633595169,0.002969741728006806,0.7423665525163067,0.057349088999819386,0.8729418715180838,0.005552914002355357,0.07672119140625,0.06268310546875,0.025634765625,0.01397705078125,0.01043701171875,0.01177978515625,0.01275634765625,0.016357421875,0.01824951171875,0.01702880859375,0.01031494140625,0.00933837890625,0.0074462890625,0.013427734375,0.02154541015625,0.0618896484375,0.1234130859375,0.48699951171875,1.9381397640305895,0.00164794921875,0.00286865234375,0.00152587890625,0.00128173828125,0.000732421875,0.0009765625,0.00140380859375,0.00128173828125,0.0010986328125,0.0015869140625,0.00128173828125,0.002197265625,0.00067138671875,0.00128173828125,0.0023193359375,0.00152587890625,0.958740234375,0.017578125,0.2641175506353646,15119.0,1731.0062761231593,0.06340677228728261,0.25836136901800366,0.92279052734375,150.81152392362702,145.69122294675134,0.92279052734375,,,,,,,,,,,,,,,,,,,,,,,,,,,,,,,,,,,,,,,,,,,,,,,,,,,,,,,,,,,,,,,,,,,,,,,,,
57,-1.096555950291986,1.1789170913338134,1.8737823257068693,2.4727429426807808,-1.9177076816558838,-1.8247041702270508,-1.6386971473693848,-0.9411706924438477,0.8258962035179138,0.8835334777832031,0.02168082664047688,1.1387590133214,2.7954186971759034,5.997192234474435,-0.3586478531360626,-0.3586478531360626,-0.3586478531360626,-0.3586478531360626,0.788499653339386,0.0,0.12102315558117294,1.2080272756093597,2.95033259304333,6.861120889876812,-0.26169392466545105,-0.26169389486312866,-0.26169389486312866,-0.26169389486312866,-0.07637827023863658,0.0,0.8406390916851336,1.9027087814526402,81.47600185483778,8015.282661337902,0.0,0.8744889497756958,0.9271291494369507,0.9379692077636719,0.9414529204368591,0.06348025798797607,1.118236799087299,1.4009354643703873,0.07541110496579073,3.2335848087268184,-0.3940141201019287,0.8150316476821899,1.326551079750061,1.512558102607727,1.6520633697509766,0.6975264549255371,1.118236780166626,-0.08883828918339917,0.867431640625,202.44091796875,0.9445661306381226,14212.0,0.7416927814483643,1.0572739839553833,1190.1785137212448,498.60539980762405,7.358267420085203,2.228179969936899,0.8884681486392011,0.009179322913417517,0.8213704124686272,0.005202818990522973,0.8828460629089437,0.04844757899048762,0.674676423804331,0.008565941988468507,0.0732421875,0.05517578125,0.02667236328125,0.0167236328125,0.01336669921875,0.01470947265625,0.01593017578125,0.02239990234375,0.02813720703125,0.0245361328125,0.0174560546875,0.015380859375,0.01318359375,0.01495361328125,0.0263671875,0.05670166015625,0.130859375,0.4342041015625,2.1203170988060496,0.00384521484375,0.00457763671875,0.00396728515625,0.00238037109375,0.00238037109375,0.00445556640625,0.00494384765625,0.0068359375,0.00653076171875,0.0361328125,0.0057373046875,0.0367431640625,0.00567626953125,0.01080322265625,0.01312255859375,0.01434326171875,0.770263671875,0.0672607421875,1.0636297831095685,14122.0,1693.4966081312812,0.06187816253538083,0.29669732964013973,0.8619384765625,152.53347712534472,145.6651337347165,0.8619384765625,,,,,,,,,,,,,,,,,,,,,,,,,,,,,,,,,,,,,,,,,,,,,,,,,,,,,,,,,,,,,,,,,,,,,,,,,
58,-1.1467851556201794,1.0402154137491662,2.2592339723274333,4.773764065889821,-1.8461154699325562,-1.770228385925293,-1.5931587219238281,-0.9354711771011353,0.025764448568224907,0.8347572088241577,-0.06833046343462001,0.9972844722926782,3.0169053402324724,7.5440217231490845,-0.3957841098308563,-0.3957841098308563,-0.3957841098308563,-0.3957841098308563,0.49040231108665466,0.0,-0.016500998861500804,0.9941482309790067,3.1664795384941207,8.277105312373404,-0.31477779150009155,-0.31477779150009155,-0.31477779150009155,-0.31477779150009155,-0.2824971437454218,0.0,0.9111474754070059,1.5314425903833868,29.279105871603747,1009.5070035059557,0.0,0.8984569907188416,0.9390451312065125,0.9452930092811584,0.9487924695014953,0.046836018562316895,1.0784546723356243,1.17736560589177,0.20117364116440678,5.076255774281247,-0.09270480275154114,0.742052435874939,1.247965931892395,1.3997399806976318,1.5009225606918335,0.6576875448226929,1.0784547328948975,-0.04805895661928958,0.88641357421875,70.41624450683594,1.0350735187530518,14523.0,0.80321204662323,-0.09923739731311798,749.1670609838169,319.44949739215673,6.620450913227845,1.7754506038395035,0.8593246417837981,0.008604280534259197,0.8162356097153771,0.004754412467825461,0.9100151970237961,0.037932136633871294,0.6662631750053475,0.007778211001159619,0.06756591796875,0.05499267578125,0.0272216796875,0.02001953125,0.0159912109375,0.01873779296875,0.0223388671875,0.02783203125,0.037353515625,0.02618408203125,0.02093505859375,0.015625,0.014404296875,0.015869140625,0.02484130859375,0.05712890625,0.10601806640625,0.42694091796875,2.190758237876917,0.0068359375,0.00665283203125,0.00439453125,0.00421142578125,0.00323486328125,0.00555419921875,0.007080078125,0.0089111328125,0.0048828125,0.03497314453125,0.00384521484375,0.0343017578125,0.0050048828125,0.0107421875,0.01300048828125,0.0167236328125,0.7471923828125,0.08245849609375,1.1427449948562314,14479.0,1512.4722215136417,0.07953780801621518,0.32445930444058685,0.88372802734375,151.7929794784624,143.58092711530202,0.88372802734375,,,,,,,,,,,,,,,,,,,,,,,,,,,,,,,,,,,,,,,,,,,,,,,,,,,,,,,,,,,,,,,,,,,,,,,,,
59,-1.1300012759115816,1.32894627536979,1.2282000095824426,0.4140267283125154,-2.220581531524658,-2.1385223865509033,-1.7282261848449707,-0.4152786433696747,1.0617873668670654,1.7232437431812286,0.14817890959056967,1.2863299996090214,3.636874684655848,11.636049552355555,-0.20251254737377167,-0.20251254737377167,-0.20251254737377167,-0.20251254737377167,-0.20251254737377167,0.0,6.449371473245887e-09,5.809277562774518e-08,3.5214184302002693,11.564929852283953,-5.06991382209776e-09,-5.06393194044108e-09,-5.06393194044108e-09,-5.06393194044108e-09,-5.0072495039188425e-09,0.0,1.1114210176596089,13.157057112088495,70.97524513533821,5346.216076634681,0.0,0.6938372850418091,0.8929827809333801,0.9088016748428345,0.9150780439376831,0.2149643898010254,1.278180215449538,1.7107500564547398,0.632029087633515,3.0387027947107086,-0.9360630512237549,0.4589437246322632,1.607772946357727,2.01806902885437,2.182187557220459,1.559125304222107,1.2781802415847778,0.11592948286720145,0.793701171875,1094.5928955078125,2.027351140975952,13004.0,3.6591187857482055e-09,0.473120778799057,1810.4489331263305,434.5538809390721,9.636922377169942,1.8292308138649052,0.9269169862687557,0.007273206885399525,0.8954275243721944,0.0039305872729096004,0.7357415006028408,0.06226268554407525,0.8018059009196271,0.007053292537188675,0.0699462890625,0.0574951171875,0.023193359375,0.01312255859375,0.01397705078125,0.01727294921875,0.01788330078125,0.0269775390625,0.034912109375,0.029541015625,0.01641845703125,0.01348876953125,0.0120849609375,0.0152587890625,0.023193359375,0.05499267578125,0.11505126953125,0.4451904296875,2.113396824196445,0.0035400390625,0.005859375,0.00286865234375,0.003173828125,0.00152587890625,0.00201416015625,0.001953125,0.0020751953125,0.00091552734375,0.00164794921875,0.00189208984375,0.002197265625,0.0015869140625,0.00152587890625,0.0020751953125,0.00244140625,0.92669677734375,0.0360107421875,0.4126837460604209,12322.0,1790.201189595526,0.04831560095501308,0.5747255546065484,0.7907334916254893,158.50153738696966,129.7091340907521,0.7520751953125,,,,,,,,,,,,,,,,,,,,,,,,,,,,,,,,,,,,,,,,,,,,,,,,,,,,,,,,,,,,,,,,,,,,,,,,,
6,-0.8300687670223397,0.9879730526019247,1.9358248681491854,3.5075168407841213,-1.6449823379516602,-1.4872397184371948,-1.1717544794082642,-0.5933650135993958,0.4582522511482239,0.8938747048377991,0.06483442498756631,1.1941755965406722,3.4705260744577155,10.469059686202774,-0.28011354804039,-0.28011354804039,-0.28011354804039,-0.28011354804039,0.06540381908416748,0.0,0.12907389375707723,1.291129104828378,3.7476171688384885,12.135528174793016,-0.20015591382980347,-0.20015574991703033,-0.20015574991703033,-0.20015574991703033,-0.19974942207336424,0.0,0.8518248553708503,1.3998795389630172,32.062567013539606,1639.4761580245502,0.0,0.820592537522316,0.9129953980445862,0.9378760457038879,0.9466018676757812,0.11728350818157196,0.8949031768297573,1.511850193845577,1.244360053277613,4.906948125152692,-0.530151486396789,0.4184131920337677,0.9442218542098999,1.259706974029541,1.5226112604141235,0.8412937819957733,0.8949031829833984,-0.07178362323222455,0.83758544921875,96.39374542236328,0.9501066207885742,13723.0,0.7634070515632629,0.738595187664032,1162.7480118773794,394.14526989977384,7.843476664548383,1.8346908577109056,0.8504395775309601,0.011391487797284506,0.7996640006456626,0.008131970402585287,0.8354481246252403,0.05491727481716666,0.6395286428712548,0.013085076827266617,0.06341552734375,0.055419921875,0.0281982421875,0.01922607421875,0.0155029296875,0.01898193359375,0.0223388671875,0.0308837890625,0.03314208984375,0.02801513671875,0.0213623046875,0.01776123046875,0.01397705078125,0.01739501953125,0.028076171875,0.054931640625,0.1060791015625,0.42529296875,2.202267316656189,0.0107421875,0.0086669921875,0.00640869140625,0.00421142578125,0.00299072265625,0.0050048828125,0.00555419921875,0.00579833984375,0.00421142578125,0.0301513671875,0.00396728515625,0.03106689453125,0.00689697265625,0.021240234375,0.02978515625,0.02496337890625,0.6990966796875,0.0992431640625,1.2986823943921724,13611.0,2749.033800802378,0.022632875711503197,0.31265136528353565,0.8393044336190417,150.2645192181317,142.73145093417597,0.83074951171875,20031129,1.3.6.1.4.1.14519.5.2.1.8162.5966.195788360570405435263687224015,C:\Users\ferra\Documents\breast_cancer_nac\data\raw\ISPY1\manifest-1554746803134\QIN-BREAST-02\QIN-BREAST-02-0006\11-29-2003-NA-NA-44205\8101.000000-dynamicsmartTX6deg-24015,dynamic_smartTX_6deg,550,True,T0,,,,Negative,Negative Finding,,,,,,,,,,,0,2003-09-19 00:00:00,49,Not Hispanic or Latino,Black or African American,Left,I,T1c,N0,M0,1.5,MRI,negative,Not Evaluated,Not amplified,Negative,No,High Grade,Invasive Ductal Carcinoma,,High,YES,,Cyclophosphamide,2003-11-16 00:00:00,2003-12-27 00:00:00,Doxorubicin (Adriamycin),2003-11-16 00:00:00,2003-12-27 00:00:00,Paclitaxel,2004-01-10 00:00:00,2004-03-27 00:00:00,,,,,,,No,Yes,No,No,No,N0,0.8,Negative,2004-04-26 00:00:00,Alive with no evidence of disease,,2004-11-23 00:00:00,
60,-1.1211270852746793,1.3257940007263787,0.9924128108070472,-0.21123793340011643,-2.310795783996582,-2.2340786457061768,-1.6203413009643555,-0.23943212628364563,1.0647598505020142,1.9946465194225311,-0.0012471175808741464,0.8513963150992159,3.5778617068207694,13.604517563574827,-0.29360494017601013,-0.29360494017601013,-0.29360494017601013,-0.29360494017601013,0.7521759867668152,0.0,-0.1322837030826589,0.43028122311545514,13.932322122758501,201.23626985794124,-0.16264028400182723,-0.16263891756534576,-0.16263891756534576,-0.16263891756534576,-0.16263724863529205,0.0,15.189411832296823,520.5342930691262,52.47856847236059,3405.4695014469426,0.0,0.5733218193054199,0.9224055409431458,0.9390329122543335,1.3608878016471877,0.3657110929489136,1.11987997291817,1.5445362189269152,-0.006894739249166137,1.2716134443971914,-1.1282132863998413,0.25269588828086853,1.4801706075668335,2.017190933227539,2.1706252098083496,1.7644950449466705,1.119879961013794,0.11700936909324064,0.7666015625,42667.43359375,2.215085744857788,12560.0,0.3846004605293274,0.5355585217475891,1432.5885178704257,414.85767419182866,13.369651188466797,2.519709085960124,0.7416852473122427,0.013053653799507169,0.725973407711169,0.008272518224409277,0.644020940631424,0.10147777510078404,0.5271058232615407,0.012009628862371113,0.063232421875,0.055419921875,0.02789306640625,0.01885986328125,0.01593017578125,0.01885986328125,0.0206298828125,0.031494140625,0.04998779296875,0.03619384765625,0.01861572265625,0.01531982421875,0.01220703125,0.01727294921875,0.0263671875,0.05401611328125,0.0997314453125,0.41796875,2.219385231434024,0.021240234375,0.0159912109375,0.01190185546875,0.0064697265625,0.00518798828125,0.00616455078125,0.00555419921875,0.00701904296875,0.00543212890625,0.03363037109375,0.0047607421875,0.03521728515625,0.00909423828125,0.0145263671875,0.02105712890625,0.02301025390625,0.65179443359375,0.1219482421875,1.4492001906425842,12518.0,2434.9900782009827,0.026530804497068246,0.28367264959927135,0.7640380859375,153.20410658442003,146.91066254030108,0.7640380859375,,,,,,,,,,,,,,,,,,,,,,,,,,,,,,,,,,,,,,,,,,,,,,,,,,,,,,,,,,,,,,,,,,,,,,,,,
61,-1.0379053607732658,0.8699218301533688,2.0487276313273965,4.182488730435308,-1.7016674280166626,-1.6234710216522217,-1.3497838973999023,-0.8415077328681946,0.09684829413890839,0.7819632887840271,-0.22036933987192242,0.4564456856371224,9.42735601293707,91.42700839858188,-0.27421602606773376,-0.27421602606773376,-0.27421602606773376,-0.27421602606773376,-0.27421602606773376,0.0,-0.10958428983918367,0.5954401186180635,9.849948117031403,97.66994604857068,-0.17041543126106262,-0.17041543126106262,-0.17041543126106262,-0.17041543126106262,-0.17041541635990143,0.0,0.7998752152634765,1.4669252884210513,105.58435628242911,12583.201910789434,0.0,0.845324695110321,0.9119855165481567,0.9285632967948914,0.9338991045951843,0.08323860168457031,0.8175360019185973,0.9344533695352277,-0.9327743257295457,5.9208665051174645,-0.3319661617279053,0.6063898801803589,1.0755678415298462,1.3492549657821655,1.4665495157241821,0.7428650856018066,0.8175359964370728,-0.13551073255637838,0.8587646484375,176.56454467773438,0.9355049133300781,14070.0,0.61440509557724,0.4688448905944824,579.4802006757068,191.75188967742366,2.985091342344626,0.796586989186479,0.9739431204792042,0.002977105721724752,0.9682830870064207,0.0017681508221365442,0.6381442237213387,0.1175764949394482,0.9375752629400136,0.003425578381698499,0.0728759765625,0.0543212890625,0.02911376953125,0.0198974609375,0.0157470703125,0.01666259765625,0.02044677734375,0.0264892578125,0.029541015625,0.02691650390625,0.01556396484375,0.01324462890625,0.011962890625,0.01507568359375,0.02252197265625,0.0526123046875,0.10638427734375,0.45062255859375,2.116825315157034,0.00146484375,0.001708984375,0.00103759765625,0.0009765625,0.0008544921875,0.0013427734375,0.00146484375,0.00115966796875,0.00115966796875,0.000732421875,0.00079345703125,0.00042724609375,0.0001220703125,0.0003662109375,0.0003662109375,0.00030517578125,0.977783203125,0.0079345703125,0.15845936161548918,14049.0,2140.522040769447,0.038531495766043186,0.22239437536013124,0.85748291015625,153.7270325653446,149.8772141620692,0.85748291015625,,,,,,,,,,,,,,,,,,,,,,,,,,,,,,,,,,,,,,,,,,,,,,,,,,,,,,,,,,,,,,,,,,,,,,,,,
62,-1.0090666452983896,1.4073381058439502,0.7022762432690651,-0.44683297711569026,-2.482832908630371,-2.3406858444213867,-1.250891923904419,-0.11371553689241409,1.023460865020752,2.2269703075289726,-0.0952542881223053,0.9549281216665134,1.865828119724134,2.4612780928957445,-0.627780556678772,-0.627780556678772,-0.627780556678772,0.12863804399967194,1.40079665184021,0.7564186006784439,-0.05600242885268614,0.920833413775408,3.1544412353811886,8.753208202037902,-0.3445709377527237,-0.34162265062332153,-0.34162265062332153,-0.34160496294498444,0.5417393803596536,1.7687678337097168e-05,1.133555500574893,6.280002990776974,27.39768948507397,1001.6012741933456,0.0,0.0,0.8233593702316284,0.8664241433143616,1.314588809013367,0.8664241433143616,0.9138123562297551,1.4179220999102395,-0.1994696746516068,0.23067733896438947,-0.9405061602592468,-0.1136232316493988,1.1960756182670593,1.8504359722137451,2.2825678586959843,1.964059203863144,0.9138123989105225,-0.042953903748158904,0.69671630859375,337.6852111816406,2.013944387435913,11415.0,0.6204789876937866,0.6764717102050781,1899.6958594533223,592.3035641903132,20.347535410870865,3.8531853011935397,0.578645558475312,0.013438737924868596,0.5410883066014887,0.007579952125972598,0.7985952609149575,0.062086670024374395,0.2928340112150986,0.008248464839175145,0.0648193359375,0.0509033203125,0.02532958984375,0.0172119140625,0.0137939453125,0.01531982421875,0.02069091796875,0.036376953125,0.05352783203125,0.037353515625,0.02239990234375,0.01519775390625,0.012939453125,0.01568603515625,0.02447509765625,0.05029296875,0.0941162109375,0.4295654296875,2.1920453604286436,0.03289794921875,0.02252197265625,0.0166015625,0.0126953125,0.01068115234375,0.0108642578125,0.00946044921875,0.01336669921875,0.01092529296875,0.03497314453125,0.00958251953125,0.033935546875,0.01068115234375,0.01702880859375,0.02728271484375,0.03082275390625,0.496337890625,0.1993408203125,1.8390797042839662,11163.0,2258.687516990291,0.027496567679200282,0.4711501760982314,0.68133544921875,163.40568081569145,144.13247253237674,0.68133544921875,,,,,,,,,,,,,,,,,,,,,,,,,,,,,,,,,,,,,,,,,,,,,,,,,,,,,,,,,,,,,,,,,,,,,,,,,
63,-1.0630296604080627,1.394886246197412,1.138888669431493,0.32205531381108754,-2.311516284942627,-2.1900668144226074,-1.582818865776062,-0.24687352776527405,1.0890718698501587,1.9431932866573334,0.09023179583039109,1.135128903189533,2.097632442818749,2.8618463777396563,-0.4342379868030548,-0.4342379868030548,-0.4342379868030548,-0.27265024185180664,2.3531506061553955,0.16158774495124817,0.10033393538202251,1.1475131215384669,2.737976121381244,5.769290158133954,-0.29375869035720825,-0.2937585413455963,-0.2937585413455963,-0.2937585413455963,1.4676838994026193,0.0,1.061149670371634,9.33903460293184,69.6516857199977,5343.535720891239,0.0,0.6785947680473328,0.9083002209663391,0.9303780794143677,1.0937886834144595,0.2517833113670349,1.1532614717507954,1.4952129929616587,0.021675989827377076,1.496069322426738,-0.7338875532150269,0.3591586649417877,1.3914800882339478,1.8772783279418945,2.3599714756011982,1.5181196630001068,1.153261423110962,-0.008759624150911293,0.79022216796875,816.5909423828125,1.6232744455337524,12947.0,0.5039576888084412,1.6464523077011108,1194.6586569546555,402.43215897201065,12.75617349646147,2.6025756199202714,0.7183773740657813,0.011963584726628614,0.6726654338032994,0.005858822898036868,0.8970518094589788,0.03422369406835482,0.4525131116395316,0.007892701785285021,0.06170654296875,0.048095703125,0.02569580078125,0.01605224609375,0.01513671875,0.01629638671875,0.021240234375,0.03704833984375,0.04864501953125,0.04058837890625,0.02606201171875,0.01873779296875,0.01593017578125,0.01934814453125,0.0242919921875,0.04534912109375,0.09881591796875,0.42095947265625,2.2251417210409468,0.01678466796875,0.0133056640625,0.01025390625,0.00714111328125,0.0059814453125,0.008056640625,0.00848388671875,0.010986328125,0.00927734375,0.03668212890625,0.00775146484375,0.03607177734375,0.0089111328125,0.01312255859375,0.0186767578125,0.02178955078125,0.6181640625,0.1485595703125,1.527237358626162,12851.0,1832.6570337182416,0.04808220675140462,0.3662298555854416,0.78436279296875,154.80067667119525,144.04580959738,0.78436279296875,,,,,,,,,,,,,,,,,,,,,,,,,,,,,,,,,,,,,,,,,,,,,,,,,,,,,,,,,,,,,,,,,,,,,,,,,
64,-0.9888828906597382,1.2702290056116758,1.5999327629714641,1.4315222814583128,-1.9281296730041504,-1.8479535579681396,-1.5673367977142334,-0.685398519039154,1.3190065622329712,1.1625550389289856,0.09213579416632456,1.1843724111564167,2.8679456878517064,6.856241566786656,-0.32485586404800415,-0.32485586404800415,-0.32485586404800415,-0.32485586404800415,1.3807340860366821,0.0,0.24580473074334463,1.5404965761500036,3.541790824026736,10.65107005366582,-0.1703964352607727,-0.17038388550281525,-0.17038388550281525,-0.17038388550281525,-0.1642059803009033,0.0,0.9398867438948173,5.3254097920350585,58.80187752918651,4227.12704201607,0.0,0.7217223048210144,0.8861551284790039,0.9079187512397766,0.914078414440155,0.1861964464187622,1.0810186927369614,1.6690358522379325,0.3569142480188156,2.245725949409641,-1.1628053188323975,0.5609831809997559,1.3226571083068848,1.563185691833496,1.8487963676452637,1.0022025108337402,1.0810186862945557,-0.14215182860625394,0.81280517578125,461.7784729003906,1.2173359394073486,13317.0,0.252424955368042,0.8824831247329712,1225.3791269220533,423.41378273104857,9.433121405109317,2.248226773942636,0.8443266803991523,0.009979315759274708,0.7913847187525861,0.005853994080309351,0.8534466981771716,0.04988779525952855,0.6263240423218022,0.009301089673794224,0.06915283203125,0.0518798828125,0.02777099609375,0.02008056640625,0.013671875,0.01611328125,0.0185546875,0.029052734375,0.042724609375,0.0313720703125,0.01904296875,0.01641845703125,0.01409912109375,0.02001953125,0.02728271484375,0.05810546875,0.1046142578125,0.4200439453125,2.206913770823647,0.010009765625,0.00689697265625,0.0047607421875,0.0050048828125,0.00384521484375,0.00579833984375,0.00640869140625,0.00665283203125,0.00665283203125,0.03472900390625,0.00592041015625,0.0372314453125,0.00732421875,0.01483154296875,0.01824951171875,0.01715087890625,0.7318115234375,0.07672119140625,1.2189905962007592,13244.0,2185.125071149777,0.034855910853056414,0.277040825647305,0.808349609375,152.91022060672265,146.92503141003132,0.808349609375,,,,,,,,,,,,,,,,,,,,,,,,,,,,,,,,,,,,,,,,,,,,,,,,,,,,,,,,,,,,,,,,,,,,,,,,,
65,-0.9839206602434842,1.2625180189958418,1.4763105490507946,1.206485301617005,-2.0294482707977295,-1.8154865503311157,-1.45888352394104,-0.6030362248420715,1.179978847503662,1.2124503254890442,0.17945621160106384,1.3271110071449317,2.924564934655467,7.0739982055763235,-0.2700239419937134,-0.2700239419937134,-0.2700239419937134,-0.2700239419937134,1.342192530632019,0.0,0.17869073171862837,1.4460139837154156,3.7385067175599387,12.29022953406583,-0.15618388950824738,-0.15617017447948456,-0.15617017447948456,-0.15617017447948456,-0.15557436943054198,0.0,1.1352731519497894,6.529983198453426,44.46984618909661,2283.1687260333592,0.0,0.7452155947685242,0.912601888179779,0.9349848628044128,0.9796124815940856,0.18976926803588867,1.1633768667325057,1.6966853816654563,0.5894275775600788,2.6738827849756284,-0.8794379830360413,0.5469741225242615,1.331500768661499,1.6881037950515747,2.441472053527832,1.1411296725273132,1.1633769273757935,0.0006579805952096994,0.80548095703125,357.9314880371094,2.1978933811187744,13197.0,0.47604191303253174,0.9574019908905029,2380.604839160579,630.6658923472102,14.781342820215608,2.8315889491040074,0.8281645513438942,0.01077406859248581,0.7850608161736835,0.006278935320146458,0.7117502912916174,0.07514783719037439,0.6163599101200448,0.009888199833267462,0.07501220703125,0.06365966796875,0.02471923828125,0.01385498046875,0.0111083984375,0.01507568359375,0.0146484375,0.02191162109375,0.02178955078125,0.02239990234375,0.01446533203125,0.0140380859375,0.010986328125,0.0137939453125,0.02410888671875,0.06036376953125,0.111083984375,0.46697998046875,2.036406919770974,0.010498046875,0.01165771484375,0.00604248046875,0.00421142578125,0.00372314453125,0.0050048828125,0.005859375,0.0052490234375,0.00311279296875,0.03228759765625,0.0037841796875,0.032958984375,0.00494384765625,0.0135498046875,0.01776123046875,0.01904296875,0.71380615234375,0.10650634765625,1.2317553116744144,13109.0,2691.808404057962,0.02273480000314628,0.16492075130452302,0.80010986328125,151.0168165892475,148.9489163365259,0.80010986328125,,,,,,,,,,,,,,,,,,,,,,,,,,,,,,,,,,,,,,,,,,,,,,,,,,,,,,,,,,,,,,,,,,,,,,,,,
66,-0.9579508544163673,1.2104023149934737,1.139793302990254,0.8878716629647179,-2.215428590774536,-1.9312489032745361,-1.2492176294326782,-0.33984267711639404,0.796876072883606,1.591406226158142,-0.005402523105658474,0.964979693456984,4.85964873552235,23.065402050414185,-0.21116849780082703,-0.21116849780082703,-0.21116849780082703,-0.21116849780082703,-0.21116849780082703,0.0,-0.06665627078143643,0.7729021247531941,7.417078486247937,54.81372302199703,-0.1569797247648239,-0.15697963535785675,-0.15697963535785675,-0.15697963535785675,-0.15697956085205078,0.0,1.3300824451888502,11.593525073835503,36.8594160912811,1480.2512564473393,0.0,0.7548039704561234,0.9503864645957947,0.9704059958457947,0.9750520586967468,0.21560202538967133,0.9525483132615591,1.5036819306101923,0.5519860809346556,3.8907145207586344,-0.8375368118286133,0.24234604835510254,1.0948851108551025,1.7769163846969604,2.061095952987671,1.534570336341858,0.9525482654571533,0.06430507954390838,0.780517578125,579.6170654296875,1.3871315717697144,12788.0,0.5435769557952881,0.5200310945510864,1741.7789005248185,426.9912620690973,10.399649729202443,1.9775679063678,0.8808611280463485,0.010024763885793136,0.8682778072320251,0.0063859383438836384,0.4852603733862039,0.12648310927569065,0.7539471307401855,0.011088815260784065,0.0733642578125,0.0556640625,0.0284423828125,0.018310546875,0.0166015625,0.01641845703125,0.01800537109375,0.0283203125,0.03167724609375,0.02655029296875,0.0186767578125,0.0146484375,0.01470947265625,0.02001953125,0.026123046875,0.04962158203125,0.09136962890625,0.45147705078125,2.1398629516263226,0.0101318359375,0.0096435546875,0.00360107421875,0.00347900390625,0.001953125,0.00274658203125,0.0020751953125,0.0018310546875,0.00189208984375,0.030029296875,0.00177001953125,0.0299072265625,0.0035400390625,0.01513671875,0.02093505859375,0.017578125,0.76666259765625,0.07708740234375,1.053938620924849,12643.0,3507.6988437473337,0.012912650690284166,0.21541046118934237,0.77166748046875,151.42915265852494,147.8741406673944,0.77166748046875,,,,,,,,,,,,,,,,,,,,,,,,,,,,,,,,,,,,,,,,,,,,,,,,,,,,,,,,,,,,,,,,,,,,,,,,,
67,-0.9174639391629036,1.4697002961508152,0.4938399096982598,-1.0386252039620558,-2.563765048980713,-2.3870134353637695,-1.2381281852722168,0.3084479868412018,1.3247694969177246,2.6954614222049713,0.2660223059319833,1.3343649608163077,2.4359836062773725,4.466066548537736,-0.2731441855430603,-0.2731441855430603,-0.2731441855430603,-0.2731441855430603,2.5218262672424316,0.0,-1.1389557789533524e-12,3.884268504873292e-10,3.5732614388996913,15.214835547545846,-5.024324949143288e-11,-5.0243132571070603e-11,-5.0243132571070603e-11,-5.0243132571070603e-11,-5.0242911567299767e-11,0.0,3.866772040451117,98.67523100410129,40.45242183762625,1752.3448055063138,0.0,0.0,0.8283868432044983,0.8915908932685852,1.957478106021888,0.8915908932685852,1.1834862240143593,1.9387096703438371,0.5800486359890585,0.803607460416631,-1.3327863216400146,-0.22808903455734253,1.274299144744873,2.2464327812194824,3.1460952758789062,2.474521815776825,1.1834862232208252,0.22477839147297532,0.70458984375,5204.7861328125,2.892838478088379,11544.0,6.83358508668519e-11,1.1150234937667847,4029.0655547710644,798.2659674617162,23.84079109141709,3.4255307493280642,0.7955361896003762,0.012700833745184851,0.7650893896347885,0.007130906384659339,0.6030641091132797,0.07770770809562717,0.5854126239575996,0.010954235729286164,0.05828857421875,0.05010986328125,0.02862548828125,0.0208740234375,0.0184326171875,0.0235595703125,0.027099609375,0.04644775390625,0.0609130859375,0.04217529296875,0.0181884765625,0.0174560546875,0.01239013671875,0.0166015625,0.024658203125,0.05078125,0.08721923828125,0.39617919921875,2.2925964689227283,0.02044677734375,0.0169677734375,0.01116943359375,0.00555419921875,0.00347900390625,0.00482177734375,0.003662109375,0.00360107421875,0.00225830078125,0.00274658203125,0.00262451171875,0.00347900390625,0.00262451171875,0.00299072265625,0.00469970703125,0.00439453125,0.81939697265625,0.0850830078125,0.834094791591932,11124.0,2209.829652614022,0.02862551115772655,0.5898955923698626,0.7029828109201214,162.69905316017108,131.3761548496353,0.678955078125,,,,,,,,,,,,,,,,,,,,,,,,,,,,,,,,,,,,,,,,,,,,,,,,,,,,,,,,,,,,,,,,,,,,,,,,,
68,-1.2550486802338128,1.4222480473671086,0.8574752287089368,-0.5324207303332189,-2.6963577270507812,-2.3993735313415527,-1.8054049015045166,-0.3056342601776123,1.1050411462783813,2.0937392711639404,0.12722653998685018,1.174214914746542,2.2784389626021295,3.9786196040369335,-0.39251676201820374,-0.39251676201820374,-0.39251676201820374,-0.39251676201820374,1.9089282751083374,0.0,0.024196036768344698,1.0714676855162895,4.890356456806967,22.402313280818916,-0.17273541390895844,-0.17273123562335968,-0.17273123562335968,-0.17273123562335968,-0.17271568775177001,0.0,1.3937800487399414,7.565220991827015,32.91055562152603,1572.9545480859042,0.0,0.5567703247070312,0.8786290884017944,0.910809338092804,1.7541739106178285,0.3540390133857727,1.3822752104869096,1.7030504690934671,0.2281520687943109,0.9734874593902307,-1.081779956817627,0.403141587972641,1.6504756212234497,2.2444441318511963,2.96531343460083,1.8413025438785553,1.382275104522705,0.0745368418136466,0.782470703125,476.76519775390625,2.9044382572174072,12820.0,0.14424458146095276,0.937786877155304,2784.7026481027247,772.5362785436533,20.930622999564765,3.907759556033704,0.7151372781217987,0.014738098342807633,0.6831904230709321,0.008254022499551742,0.6929709799902423,0.08421215166619798,0.4668172830632624,0.011323066135321446,0.06243896484375,0.05242919921875,0.02349853515625,0.01654052734375,0.01568603515625,0.02081298828125,0.02655029296875,0.0364990234375,0.045654296875,0.03765869140625,0.02386474609375,0.01727294921875,0.01513671875,0.01727294921875,0.02764892578125,0.04931640625,0.09405517578125,0.41766357421875,2.2384711768602426,0.02069091796875,0.0185546875,0.01129150390625,0.009765625,0.005615234375,0.007080078125,0.00640869140625,0.006591796875,0.004638671875,0.032470703125,0.00433349609375,0.03277587890625,0.0081787109375,0.01898193359375,0.0262451171875,0.02874755859375,0.60272216796875,0.1549072265625,1.5576529908598673,12690.0,2468.9200564096436,0.02616118612910167,0.2952684227882985,0.7781456953642384,152.0470302725034,145.26791287198526,0.7745361328125,,,,,,,,,,,,,,,,,,,,,,,,,,,,,,,,,,,,,,,,,,,,,,,,,,,,,,,,,,,,,,,,,,,,,,,,,
7,0.03074662759049218,0.9211734092732017,0.19142252931157816,-0.13087196259672496,-1.1398810148239136,-0.6285180449485779,0.015798290260136127,0.5879049450159073,1.2347278833389284,1.2164229899644852,0.1816632161226579,1.0058514353272128,0.6428760494500758,-0.3450531666295946,-0.9171231389045715,-0.8843296766281128,0.1978537142276764,0.763540655374527,1.6079716682434082,1.6478703320026398,0.12610107333007647,0.9851396770248658,0.9112628800213441,0.5672677879224408,-1.0226658582687378,-0.8460343480110168,0.072449691593647,0.5670179128646851,1.4855021238327026,1.413052260875702,2.1606027143750026,26.97158344420749,55.148818401368295,3555.035174168845,0.0,0.0,0.2570430636405945,1.270668625831604,2.6792209148406982,1.270668625831604,0.15091658948271203,1.5355648099340413,0.12966264433337613,-0.6332444207263763,-1.7998089790344238,-1.105169028043747,0.18754400312900543,1.2660115361213684,2.1782119989395143,2.3711805641651154,0.15091659128665924,0.3681621327840258,0.49359130859375,1790.45556640625,5.0910210609436035,8087.0,4.838808059692383,1.6094965934753418,2211.3343597907765,1150.0848176829256,27.462841658719295,7.484159616597411,0.2688118092789277,0.024273021563505897,0.2059811414344087,0.009727748868648266,0.7886362684109165,0.11017035309133855,0.042522859724673366,0.0039509336488748855,0.05218505859375,0.0439453125,0.0316162109375,0.02899169921875,0.035888671875,0.0416259765625,0.039794921875,0.04388427734375,0.03875732421875,0.04205322265625,0.02813720703125,0.0345458984375,0.0235595703125,0.02459716796875,0.0272216796875,0.0516357421875,0.0560302734375,0.35552978515625,2.456171470885971,0.0540771484375,0.032958984375,0.0322265625,0.0205078125,0.01531982421875,0.019775390625,0.02044677734375,0.02783203125,0.05535888671875,0.03643798828125,0.01666259765625,0.014404296875,0.01385498046875,0.0169677734375,0.0206298828125,0.03173828125,0.29608154296875,0.27471923828125,2.2249712962425137,5613.0,1713.4082963767125,0.024026094192869253,0.8935340641435983,0.6669439163498099,141.66080862264337,63.605052535150755,0.6176276408450704,20040123,1.3.6.1.4.1.14519.5.2.1.8162.5966.153603585449580844757857548427,C:\Users\ferra\Documents\breast_cancer_nac\data\raw\ISPY1\manifest-1554746803134\QIN-BREAST-02\QIN-BREAST-02-0007\01-23-2004-NA-2065128920-26526\8401.000000-dynamicsmartTX6deg-48427,dynamic_smartTX_6deg,550,True,T0,,,,Negative,Negative Finding,,,,,,,,,,,0,2003-12-20 00:00:00,32,Not Hispanic or Latino,Black or African American,Right,IIB,T2,N1,MX,2.6,MRI,positive,Core biopsy,Not amplified,Negative,No,High Grade,Invasive Ductal Carcinoma,,Intermediate,YES,,Cyclophosphamide,2004-01-13 00:00:00,2004-02-24 00:00:00,Doxorubicin (Adriamycin),2004-01-13 00:00:00,2004-02-24 00:00:00,Paclitaxel,2004-03-09 00:00:00,2004-06-01 00:00:00,,,,,,,No,Yes,Yes,No,Yes,N1,0.35,Negative,2004-07-17 00:00:00,Died,2005-06-17 00:00:00,,Last office visit 10/28/2005; palliative care for metastatic breast cancer.
8,0.00946949715390244,1.2555804758774232,-0.6413956657239555,0.10680373123872133,-1.8422571420669556,-0.649246409535408,0.1584504395723343,0.9136558771133423,1.4052612781524658,1.5629022866487503,0.5815603409541836,1.1714858927116187,0.5776152721304544,-0.9716986019276432,-0.6762285828590393,-0.33015376329421997,0.15435101091861725,1.538650393486023,2.542267322540283,1.868804156780243,0.7497063131571053,1.264481766283635,0.28020507935828964,-1.2672267275633011,-0.7221112251281738,-0.3064420223236084,0.4493202567100525,1.9230568408966064,2.7543954849243164,2.229498863220215,1.629220453829106,16.744622314967565,38.924256382298765,1867.7405715968987,0.0,0.0,0.13777068257331848,0.9465869069099426,1.8374137878417969,0.9465869069099426,0.5720908433485192,1.756045889063414,0.5397299441084777,-0.722257330363719,-1.4322446584701538,-0.8834840804338455,0.11533904075622559,1.9401330947875977,3.190825939178467,2.823617175221443,0.5720908641815186,-0.29391430806624563,0.47265625,914.4420166015625,3.5798776149749756,7744.0,0.6004340648651123,2.6340982913970947,1436.929172785204,461.55202458117935,27.216925855641914,5.016831878871842,0.08456147068911013,0.020333453133710228,0.0414200251529279,0.006429772044297024,0.8777227640091377,0.039056375399523204,0.0017569604522108036,0.0006250514548544825,0.0638427734375,0.05975341796875,0.036865234375,0.02813720703125,0.02191162109375,0.02142333984375,0.01953125,0.02337646484375,0.0216064453125,0.0277099609375,0.01971435546875,0.02081298828125,0.018798828125,0.0286865234375,0.03387451171875,0.06121826171875,0.078857421875,0.41387939453125,2.2647550804173564,0.06597900390625,0.05712890625,0.0430908203125,0.0260009765625,0.01910400390625,0.01861572265625,0.01629638671875,0.0252685546875,0.02655029296875,0.0247802734375,0.01531982421875,0.019287109375,0.01593017578125,0.0206298828125,0.03326416015625,0.056640625,0.087646484375,0.428466796875,2.2095497495087404,7386.0,1891.5453813665602,0.025940935682471408,0.8115954569945741,0.7248994013151437,146.9497650011166,85.85096728344503,0.7123842592592593,20040312,1.3.6.1.4.1.14519.5.2.1.8162.5966.198906537268489397849585871776,C:\Users\ferra\Documents\breast_cancer_nac\data\raw\ISPY1\manifest-1554746803134\QIN-BREAST-02\QIN-BREAST-02-0008\03-12-2004-NA-2065129302-36009\8501.000000-dynamicsmartTX6deg-71776,dynamic_smartTX_6deg,550,True,T0,,,,Positive,Negative Finding,,,,,,,,,,,0,2004-01-25 00:00:00,64,Not Hispanic or Latino,White,Left,IIA,T2,N0,MX,2.7,MRI,negative,Not Evaluated,Not amplified,Negative,,Low Grade,Invasive Ductal Carcinoma,,Low,NO ,BRE1393:  letrozole +/- BYL719,,,,,,,,,,,,,,,,Yes,Yes,Yes,No,No,N0,0.25,Negative,2004-08-30 00:00:00,Alive with no evidence of disease,,2004-11-15 00:00:00,
9,-0.505010599938386,1.0334472966248127,0.060515083196959786,-0.055675108281616925,-1.7838197946548462,-1.1812896728515625,-0.5320899486541748,0.14995673298835754,0.8866809010505676,1.33124640583992,0.4684769994701128,1.1607143059680858,1.0165195328087369,-0.20395247427540442,-0.5861250758171082,-0.3802882730960846,-0.05094937980175018,1.18407142162323,2.501426935195923,1.5643596947193146,0.22586964601168802,0.9199676594561843,1.3626018268750386,1.7097845606221966,-0.5972670316696167,-0.3158712089061737,0.012423960492014885,0.48141711950302124,1.6070005893707275,0.797288328409195,11.668161066391278,509.47072412912,71.07124838738449,5160.847781784942,0.0,0.0,0.7530021071434021,1.6382765173912048,4.159909486770644,1.6382765173912048,0.9734876002752344,1.568165942810329,0.30488364385556016,-0.24560097004469794,-0.9569074511528015,-0.07701440900564194,0.773602306842804,2.016009271144867,3.2020285606384276,2.093023680150509,0.9734876155853271,0.24921437316647602,0.67315673828125,37134.32421875,8.141695022583008,11029.0,0.06270715594291687,15.30030345916748,2116.8518386430637,827.867420723316,30.485070640945953,6.203276996522752,0.09008771878686633,0.015131012123032942,0.03920644008283354,0.0059643776689444405,0.7917600774356068,0.08140415441285596,0.0015727187449466199,0.00047996967780399225,0.06378173828125,0.0477294921875,0.03375244140625,0.03192138671875,0.0345458984375,0.0399169921875,0.03619384765625,0.03369140625,0.03759765625,0.04473876953125,0.02813720703125,0.02996826171875,0.02734375,0.0263671875,0.0260009765625,0.04998779296875,0.06475830078125,0.34356689453125,2.475425942636242,0.0670166015625,0.0467529296875,0.03680419921875,0.0311279296875,0.026611328125,0.02447509765625,0.0230712890625,0.027099609375,0.03143310546875,0.03216552734375,0.01995849609375,0.02203369140625,0.0201416015625,0.02374267578125,0.03265380859375,0.044677734375,0.10223388671875,0.38800048828125,2.3259350122407834,10562.0,3395.0897167125936,0.011514723578805902,0.2990834806062333,0.6686502912129653,145.22546568672584,138.57805314821226,0.6446533203125,20040502,1.3.6.1.4.1.14519.5.2.1.8162.5966.265358722827943555250550965553,C:\Users\ferra\Documents\breast_cancer_nac\data\raw\ISPY1\manifest-1554746803134\QIN-BREAST-02\QIN-BREAST-02-0009\05-02-2004-NA-2065129989-05319\8701.000000-dynamicsmartTX6deg-65553,dynamic_smartTX_6deg,550,True,T0,,,,Negative,Negative Finding,,,,,,,,,,,1,2004-04-18 00:00:00,52,Not Hispanic or Latino,White,Right,IIB,T2,N1,MX,2.6,Ultrasound,positive,Core biopsy,Amplified,Unknown,,High Grade,Invasive Ductal Carcinoma,,Intermediate,YES,,Other,2004-05-18 00:00:00,2004-08-31 00:00:00,Other,2004-05-18 00:00:00,2004-08-31 00:00:00,,,,,,,,,,Yes,Yes,Yes,No,Yes,N0,0,Negative,2004-10-04 00:00:00,Alive with no evidence of disease,,2004-11-30 00:00:00,
